reseña_id,producto_id,nombre_producto,plataforma,rating,comentario,fecha_review,url,marca,tipo_formato,comentario_limpio,longitud_texto,polaridad,sentimiento
1580333227,MLM1066705967,Apple AirPods Max 2,Mercado Libre,5.0,"Ex lentes audífonos, coincido que si están algo elevados de precio, pero por cuestión calidad y que son de apple, valen cada centavo y 100% originales, compré los nuevos midnight y el color está hermoso.",Hace 1 año,https://www.mercadolibre.com.mx/airpods-max-2-azul-distribuidor-autorizado/p/MLM1066705967,Apple,Over-Ear,lentes audífonos coincido elevados precio cuestión calidad apple valen cada centavo originales compré nuevos midnight color hermoso,203,0.0,Neutral
1571720343,MLM1066705967,Apple AirPods Max 2,Mercado Libre,5.0,"No se ocupa hablar mucho en temas de calidad de los materiales, es apple. Aunado la cancelación de sonido es la mejor que he probado. En calidad de audio los pondría en segundo lugar después de los sony. Pero si al igual que yo cuentas con un ecosistema de apple (iphone, mac y ipad). El plus de usarlos en los tres dispositivos sin necesidad de emparejarlos y desemparejarlos es genial. El precio es elevado, pero si estás acostumbrado a los productos de apple ya sabes cómo se manejan.",Hace 1 año,https://www.mercadolibre.com.mx/airpods-max-2-azul-distribuidor-autorizado/p/MLM1066705967,Apple,Over-Ear,ocupa hablar temas calidad materiales apple aunado cancelación sonido mejor probado calidad audio pondría segundo lugar después sony igual cuentas ecosistema apple iphone mac ipad plus usarlos tres dispositivos necesidad emparejarlos desemparejarlos genial precio elevado acostumbrado productos apple sabes cómo manejan,487,0.0,Neutral
2863420961,MLM1066705967,Apple AirPods Max 2,Mercado Libre,5.0,"Aislamiento: cancelación de ruido perfecta. Literal no se escucha nada. Comodidad: pesados pero cómodos. Si quieres una buena calidad de audio, no todo se lo dejes a los audífonos. Es importante y necesario considerar 3 cosas: los audífonos, la plataforma de música que se va a usar y el dispositivo al que se va a conectar. He visto gente que se compra por ejemplo los sony wh-1000xm6 pero terminan usando spotify y es así como de “bro…, es en serio?”. A que voy con mi introducción? a que estos audífonos son brutales. Los puedes usar con cualquier dispositivo y usando cualquier app de música y vas a ir sobrado. Son excelentes en cuanto a cancelación de ruido y calidad de audio. Y sip, podrían haber mejores alternativas en el mercado. Pero la realidad es que estos audífonos están pensados para escucharse con apple music y desde un dispositivo de apple. Si haces eso, les vas a sacar el máximo partido, liberan todo su potencial oculto por decirlo así. Mi experiencia ha sido brutal, haciendo lo anterior, tengo una calidad de audio que no he escuchado antes, tenía los sony wh-1000xm5 pero estos airpods max cancelan mejor. Por ahí leí que alguien dijo que estos audífonos son de plástico y claramente no es así. Son de aluminio con acero y a pesar de que son pesados, el diseño hace que no se sienta y puedas usarlos por mucho tiempo. Muy satisfecho con la compra. Apple la rompió con estos audífonos.",Hace 3 mes,https://www.mercadolibre.com.mx/airpods-max-2-azul-distribuidor-autorizado/p/MLM1066705967,Apple,Over-Ear,aislamiento cancelación ruido perfecta literal escucha comodidad pesados cómodos quieres buena calidad audio dejes audífonos importante necesario considerar cosas audífonos plataforma música usar dispositivo conectar visto gente compra ejemplo sony whxm terminan usando spotify así bro serio voy introducción audífonos brutales puedes usar cualquier dispositivo usando cualquier app música vas sobrado excelentes cuanto cancelación ruido calidad audio sip podrían haber mejores alternativas mercado realidad audífonos pensados escucharse apple music dispositivo apple haces vas sacar máximo partido liberan potencial oculto decirlo así experiencia sido brutal haciendo anterior calidad audio escuchado sony whxm airpods max cancelan mejor ahí leí alguien dijo audífonos plástico claramente así aluminio acero pesar pesados diseño hace sienta puedas usarlos tiempo satisfecho compra apple rompió audífonos,1410,-0.875,Negativo
2838657732,MLM1066705967,Apple AirPods Max 2,Mercado Libre,5.0,Aislamiento: la cancelación de ruido es perfecta. Comodidad: se acomodan muy bien a la oreja y son muy comodos. Los airpods max 2 son tu mejor opción si buscas mejor cancelación de ruido y la calidad de audio es demasiado buena.,Hace 3 mes,https://www.mercadolibre.com.mx/airpods-max-2-azul-distribuidor-autorizado/p/MLM1066705967,Apple,Over-Ear,aislamiento cancelación ruido perfecta comodidad acomodan bien oreja comodos airpods max mejor opción buscas mejor cancelación ruido calidad audio demasiado buena,228,0.0,Neutral
2824442219,MLM1066705967,Apple AirPods Max 2,Mercado Libre,5.0,Tan hermosamente naranjas y llamativos: físicamente y en sonido.,Hace 3 mes,https://www.mercadolibre.com.mx/airpods-max-2-azul-distribuidor-autorizado/p/MLM1066705967,Apple,Over-Ear,tan hermosamente naranjas llamativos físicamente sonido,64,0.0,Neutral
1505668047,MLM1066705967,Apple AirPods Max 2,Mercado Libre,5.0,Excellent producto.,Hace 1 año,https://www.mercadolibre.com.mx/airpods-max-2-azul-distribuidor-autorizado/p/MLM1066705967,Apple,Over-Ear,excellent producto,19,1.0,Positivo
2835996143,MLM1066705967,Apple AirPods Max 2,Mercado Libre,5.0,Excelente!!! producto de lujo con calidad de audio excepcional✨.,Hace 3 mes,https://www.mercadolibre.com.mx/airpods-max-2-azul-distribuidor-autorizado/p/MLM1066705967,Apple,Over-Ear,excelente producto lujo calidad audio excepcional,64,0.0,Neutral
2448157139,MLM1066705967,Apple AirPods Max 2,Mercado Libre,5.0,"Los audífonos se sienten bastante premium, son cómodos por varias horas pero como son un poco pesados eventualmente cansan un poco, en cuanto a calidad de sonido son muy buenos, tienen un perfil de sonido en v que agradará al público en general, su sonido resalta más los bajos que los airpods pro 2, que tienen un perfil un poco más equilibrado. En lo personal me gusta mas el perfil de sonido de los app2, hace que parezca mas detallado, aunque los apm tienen un sonido mas amplio, más envolvente y más separado; el gran pero de estos audífonos es su precio, para ser unos audífonos inalámbricos con nc suenan excelente, pero unos audífonos alámbricos por el 1/3 de su precio pueden igualarlos en calidad, tengo unos philips fidelio x2 que conectados ofrecen una calidad de audio similar, aunque claro, sin la conexión bt y el nc. Si son para uso en calle o transporte, yo recomiendo los airpods pro 2 puesto que son ligeros, versátiles, discretos y en calidad de audio no piden demasiado a los max, si son para uso principal en casa u oficina, pudieran ser estos airpods max, si son para uso exclusivo en casa y la prioridad es solo la calidad de audio, compren unos audífonos open-back.",Hace 9 mes,https://www.mercadolibre.com.mx/airpods-max-2-azul-distribuidor-autorizado/p/MLM1066705967,Apple,Over-Ear,audífonos sienten bastante premium cómodos varias horas pesados eventualmente cansan cuanto calidad sonido buenos perfil sonido agradará público general sonido resalta bajos airpods pro perfil equilibrado personal gusta mas perfil sonido app hace parezca mas detallado aunque apm sonido mas amplio envolvente separado gran audífonos precio ser audífonos inalámbricos suenan excelente audífonos alámbricos precio pueden igualarlos calidad philips fidelio conectados ofrecen calidad audio similar aunque claro conexión uso calle transporte recomiendo airpods pro puesto ligeros versátiles discretos calidad audio piden demasiado max uso principal casa oficina pudieran ser airpods max uso exclusivo casa prioridad solo calidad audio compren audífonos openback,1190,0.017,Neutral
1527122548,MLM1066705967,Apple AirPods Max 2,Mercado Libre,5.0,Sonido increíble.,Hace 1 año,https://www.mercadolibre.com.mx/airpods-max-2-azul-distribuidor-autorizado/p/MLM1066705967,Apple,Over-Ear,sonido increíble,17,0.0,Neutral
1905394093,MLM1066705967,Apple AirPods Max 2,Mercado Libre,5.0,,Hace 1 año,https://www.mercadolibre.com.mx/airpods-max-2-azul-distribuidor-autorizado/p/MLM1066705967,Apple,Over-Ear,,0,0.0,Neutral
2906846172,MLM1066705967,Apple AirPods Max 2,Mercado Libre,5.0,"Materiales: material premium. Sonido: sonido de calidad. Pesados, pero no molestan. No se pueden doblar para ser compactos, pero es muy fácil ponértelos y usarlos. Ósea es más fácil que los uses y no hay fricción al usarlos con ios.",Hace 2 mes,https://www.mercadolibre.com.mx/airpods-max-2-azul-distribuidor-autorizado/p/MLM1066705967,Apple,Over-Ear,materiales material premium sonido sonido calidad pesados molestan pueden doblar ser compactos fácil ponértelos usarlos ósea fácil uses fricción usarlos ios,232,0.0,Neutral
2875573511,MLM1066705967,Apple AirPods Max 2,Mercado Libre,5.0,"Excelentes y al parecer full originales (caja, seriales, etc. ) comprados con mercadolibre electronica_mx.",Hace 3 mes,https://www.mercadolibre.com.mx/airpods-max-2-azul-distribuidor-autorizado/p/MLM1066705967,Apple,Over-Ear,excelentes parecer full originales caja seriales etc comprados mercadolibre electronicamx,106,0.35,Positivo
2894901160,MLM1066705967,Apple AirPods Max 2,Mercado Libre,5.0,Comodidad: pesa mucho y se resbala de la cabeza. Materiales: calidad premium. Son para una persona que disfruta mucho la calidad de sonido. No son para gym.,Hace 2 mes,https://www.mercadolibre.com.mx/airpods-max-2-azul-distribuidor-autorizado/p/MLM1066705967,Apple,Over-Ear,comodidad pesa resbala cabeza materiales calidad premium persona disfruta calidad sonido gym,156,0.0,Neutral
2934623574,MLM1066705967,Apple AirPods Max 2,Mercado Libre,5.0,Gran calidad de audio y cancelación de ruido.,Hace 2 mes,https://www.mercadolibre.com.mx/airpods-max-2-azul-distribuidor-autorizado/p/MLM1066705967,Apple,Over-Ear,gran calidad audio cancelación ruido,45,0.0,Neutral
2907426561,MLM1066705967,Apple AirPods Max 2,Mercado Libre,5.0,"Excelente producto, sus materiales y la definición del sonido son únicas.",Hace 2 mes,https://www.mercadolibre.com.mx/airpods-max-2-azul-distribuidor-autorizado/p/MLM1066705967,Apple,Over-Ear,excelente producto materiales definición sonido únicas,73,0.0,Neutral
2903234067,MLM1066705967,Apple AirPods Max 2,Mercado Libre,5.0,"Dude mucho en comprarlos, pero vale la pena cada peso que cuestan!!. Quizás el tamaño es un poco incómodo para salir a la calle o para actividades cotidianas, pero la calidad de sonido es espectacular.",Hace 2 mes,https://www.mercadolibre.com.mx/airpods-max-2-azul-distribuidor-autorizado/p/MLM1066705967,Apple,Over-Ear,dude comprarlos vale pena cada peso cuestan quizás tamaño incómodo salir calle actividades cotidianas calidad sonido espectacular,201,0.0,Neutral
2936220375,MLM1066705967,Apple AirPods Max 2,Mercado Libre,5.0,El sonido es totalmente envolvente y se escuchan excelente. Sugiero escuchar las canciones de apple music con “dolby atmos” para una mejor experiencia.,Hace 2 mes,https://www.mercadolibre.com.mx/airpods-max-2-azul-distribuidor-autorizado/p/MLM1066705967,Apple,Over-Ear,sonido totalmente envolvente escuchan excelente sugiero escuchar canciones apple music dolby atmos mejor experiencia,151,0.0,Neutral
2986139879,MLM1066705967,Apple AirPods Max 2,Mercado Libre,5.0,Materiales: excelente material. Comodidad: excelente son muy cómodos. Los mejores del mercado.,Hace 1 mes,https://www.mercadolibre.com.mx/airpods-max-2-azul-distribuidor-autorizado/p/MLM1066705967,Apple,Over-Ear,materiales excelente material comodidad excelente cómodos mejores mercado,94,0.0,Neutral
2940638887,MLM1066705967,Apple AirPods Max 2,Mercado Libre,5.0,"Sonido: el sonido es muy bueno. Comodidad: se ajusta a mi oreja y tiene muchas nuevas funciones, ya que es el modelo más reciente.",Hace 1 mes,https://www.mercadolibre.com.mx/airpods-max-2-azul-distribuidor-autorizado/p/MLM1066705967,Apple,Over-Ear,sonido sonido bueno comodidad ajusta oreja muchas nuevas funciones modelo reciente,130,0.0,Neutral
2919874531,MLM1066705967,Apple AirPods Max 2,Mercado Libre,5.0,Aislamiento: todo como lo especifica. Comodidad: muy cómodos. Excelente producto!!.,Hace 2 mes,https://www.mercadolibre.com.mx/airpods-max-2-azul-distribuidor-autorizado/p/MLM1066705967,Apple,Over-Ear,aislamiento especifica comodidad cómodos excelente producto,83,0.0,Neutral
1675634063,MLM1066705967,Apple AirPods Max 2,Mercado Libre,5.0,Me encantaron 🫶🏻.,Hace 1 año,https://www.mercadolibre.com.mx/airpods-max-2-azul-distribuidor-autorizado/p/MLM1066705967,Apple,Over-Ear,encantaron,17,0.0,Neutral
2933911381,MLM1066705967,Apple AirPods Max 2,Mercado Libre,5.0,"Comodidad: están bastante cómodos, no siento que pesen tanto como la gente dice. Aislamiento: gran cancelación de ruido, te aísla por completo. El producto es original, son los airpods más recientes los max 2.",Hace 2 mes,https://www.mercadolibre.com.mx/airpods-max-2-azul-distribuidor-autorizado/p/MLM1066705967,Apple,Over-Ear,comodidad bastante cómodos siento pesen gente dice aislamiento gran cancelación ruido aísla completo producto original airpods recientes max,209,0.375,Positivo
2929092155,MLM1066705967,Apple AirPods Max 2,Mercado Libre,5.0,"Materiales: se siente de excelente calidad. Comodidad: ligeramente pesados pero los más cómodos que probé. El sonido genial, y la cancelación de ruido excelente.",Hace 2 mes,https://www.mercadolibre.com.mx/airpods-max-2-azul-distribuidor-autorizado/p/MLM1066705967,Apple,Over-Ear,materiales excelente calidad comodidad ligeramente pesados cómodos probé sonido genial cancelación ruido excelente,161,0.0,Neutral
2926365432,MLM1066705967,Apple AirPods Max 2,Mercado Libre,5.0,Sonido: excelente sonido. Comodidad: super cómodos. Los compré para usarlos en vuelos principalmente y es una maravilla te aísla del ruido y en vuelos largos puedes dormir.,Hace 2 mes,https://www.mercadolibre.com.mx/airpods-max-2-azul-distribuidor-autorizado/p/MLM1066705967,Apple,Over-Ear,sonido excelente sonido comodidad super cómodos compré usarlos vuelos principalmente maravilla aísla ruido vuelos largos puedes dormir,172,0.333,Positivo
2881212525,MLM1066705967,Apple AirPods Max 2,Mercado Libre,5.0,"Excelente. Si son originales, llevo 10 meses con ellos y son una chulada. El sonido muy bueno y ni hablemos de lo padrísimo que es la cancelación de ruido. Súper recomendados.",Hace 2 mes,https://www.mercadolibre.com.mx/airpods-max-2-azul-distribuidor-autorizado/p/MLM1066705967,Apple,Over-Ear,excelente originales llevo meses chulada sonido bueno hablemos padrísimo cancelación ruido súper recomendados,175,0.0,Neutral
2889165014,MLM1066705967,Apple AirPods Max 2,Mercado Libre,5.0,Sonido: claros. Aislamiento: cancelación de ruido.,Hace 2 mes,https://www.mercadolibre.com.mx/airpods-max-2-azul-distribuidor-autorizado/p/MLM1066705967,Apple,Over-Ear,sonido claros aislamiento cancelación ruido,50,0.0,Neutral
2833727258,MLM1066705967,Apple AirPods Max 2,Mercado Libre,5.0,Excelente.,Hace 3 mes,https://www.mercadolibre.com.mx/airpods-max-2-azul-distribuidor-autorizado/p/MLM1066705967,Apple,Over-Ear,excelente,10,0.0,Neutral
2581789501,MLM1066705967,Apple AirPods Max 2,Mercado Libre,5.0,"Es magnífico, ya velocidad con la que cambia entre dispositivos apple es instantánea. Si tienes el ecosistema de apple esta es un excelente compra.",Hace 7 mes,https://www.mercadolibre.com.mx/airpods-max-2-azul-distribuidor-autorizado/p/MLM1066705967,Apple,Over-Ear,magnífico velocidad cambia dispositivos apple instantánea ecosistema apple excelente compra,147,0.0,Neutral
2949576718,MLM1066705967,Apple AirPods Max 2,Mercado Libre,5.0,"Original, todo bien y rápido.",Hace 1 mes,https://www.mercadolibre.com.mx/airpods-max-2-azul-distribuidor-autorizado/p/MLM1066705967,Apple,Over-Ear,original bien rápido,29,0.375,Positivo
2938878039,MLM1066705967,Apple AirPods Max 2,Mercado Libre,5.0,"Comodidad: son pesados. Materiales: materiales de apple, no decepcionan. Sin duda unos audífonos que no son para cualquiera.",Hace 1 mes,https://www.mercadolibre.com.mx/airpods-max-2-azul-distribuidor-autorizado/p/MLM1066705967,Apple,Over-Ear,comodidad pesados materiales materiales apple decepcionan duda audífonos cualquiera,124,0.0,Neutral
2919394293,MLM1066705967,Apple AirPods Max 2,Mercado Libre,5.0,"Excelente calidad, solo que estan muy pesados.",Hace 2 mes,https://www.mercadolibre.com.mx/airpods-max-2-azul-distribuidor-autorizado/p/MLM1066705967,Apple,Over-Ear,excelente calidad solo estan pesados,46,0.0,Neutral
2918387846,MLM1066705967,Apple AirPods Max 2,Mercado Libre,5.0,"Excelente producto, no habia tenido mejores audifonos que estos.",Hace 2 mes,https://www.mercadolibre.com.mx/airpods-max-2-azul-distribuidor-autorizado/p/MLM1066705967,Apple,Over-Ear,excelente producto habia mejores audifonos,64,0.0,Neutral
2898632122,MLM1066705967,Apple AirPods Max 2,Mercado Libre,5.0,Excelente.,Hace 2 mes,https://www.mercadolibre.com.mx/airpods-max-2-azul-distribuidor-autorizado/p/MLM1066705967,Apple,Over-Ear,excelente,10,0.0,Neutral
2882325881,MLM1066705967,Apple AirPods Max 2,Mercado Libre,4.0,Mmm hay mejores como los sonos ace.,Hace 2 mes,https://www.mercadolibre.com.mx/airpods-max-2-azul-distribuidor-autorizado/p/MLM1066705967,Apple,Over-Ear,mmm mejores sonos ace,35,0.0,Neutral
2877836301,MLM1066705967,Apple AirPods Max 2,Mercado Libre,5.0,"Si tienen la oportunidad de comprarlos, háganlo. El sonido es excelente y están bien bonitos.",Hace 2 mes,https://www.mercadolibre.com.mx/airpods-max-2-azul-distribuidor-autorizado/p/MLM1066705967,Apple,Over-Ear,oportunidad comprarlos háganlo sonido excelente bien bonitos,93,0.0,Neutral
2882715772,MLM1066705967,Apple AirPods Max 2,Mercado Libre,5.0,Exelentes.,Hace 3 mes,https://www.mercadolibre.com.mx/airpods-max-2-azul-distribuidor-autorizado/p/MLM1066705967,Apple,Over-Ear,exelentes,10,0.0,Neutral
2871363692,MLM1066705967,Apple AirPods Max 2,Mercado Libre,5.0,"Aislamiento: muy bueno, de los mejores del mercado. Sonido: graves muy buenos, sin distinción, medio muy estables y tmb agudos, sin duda una muy buena compra. No se arrepentirán de esta compra.",Hace 3 mes,https://www.mercadolibre.com.mx/airpods-max-2-azul-distribuidor-autorizado/p/MLM1066705967,Apple,Over-Ear,aislamiento bueno mejores mercado sonido graves buenos distinción medio estables tmb agudos duda buena compra arrepentirán compra,193,0.0,Neutral
2556234462,MLM1066705967,Apple AirPods Max 2,Mercado Libre,5.0,Una súper opción. La batería y el audio 10/10.,Hace 8 mes,https://www.mercadolibre.com.mx/airpods-max-2-azul-distribuidor-autorizado/p/MLM1066705967,Apple,Over-Ear,súper opción batería audio,46,0.0,Neutral
2183952455,MLM1066705967,Apple AirPods Max 2,Mercado Libre,5.0,"Probe todos los gamas alta y te puedo decir con toda seguridad, si tienes un iphone ni le busques, son estos te digan lo que te digan.",Hace 1 año,https://www.mercadolibre.com.mx/airpods-max-2-azul-distribuidor-autorizado/p/MLM1066705967,Apple,Over-Ear,probe gamas alta puedo decir toda seguridad iphone busques digan digan,134,0.0,Neutral
2155469348,MLM1066705967,Apple AirPods Max 2,Mercado Libre,5.0,"Los pude agarrar en promoción del hot sale, sino fuera así no los habría comprado, 13k me parece una exageración, sin embargo la calidad de los materiales y la experiencia mas si los usas con un producto de apple es muy buena.",Hace 1 año,https://www.mercadolibre.com.mx/airpods-max-2-azul-distribuidor-autorizado/p/MLM1066705967,Apple,Over-Ear,pude agarrar promoción hot sale sino así comprado parece exageración embargo calidad materiales experiencia mas usas producto apple buena,226,0.25,Positivo
2116140610,MLM1066705967,Apple AirPods Max 2,Mercado Libre,5.0,"Son más ligeros que los de la primera generación y su acústica es increíble, una compra costosa pero vale la pena.",Hace 1 año,https://www.mercadolibre.com.mx/airpods-max-2-azul-distribuidor-autorizado/p/MLM1066705967,Apple,Over-Ear,ligeros primera generación acústica increíble compra costosa vale pena,114,0.0,Neutral
2107322836,MLM1066705967,Apple AirPods Max 2,Mercado Libre,5.0,"Está bueno, sólo que cuando se conecta a una lap con el cable aveces suena raro.",Hace 1 año,https://www.mercadolibre.com.mx/airpods-max-2-azul-distribuidor-autorizado/p/MLM1066705967,Apple,Over-Ear,bueno sólo conecta lap cable aveces suena raro,80,0.0,Neutral
2101758296,MLM1066705967,Apple AirPods Max 2,Mercado Libre,5.0,"Excelente por el precio de la oferta, y por la calidad de sonido, y el aislamiento de ruido, se conecta rápido entre tus dispositivos apple.",Hace 1 año,https://www.mercadolibre.com.mx/airpods-max-2-azul-distribuidor-autorizado/p/MLM1066705967,Apple,Over-Ear,excelente precio oferta calidad sonido aislamiento ruido conecta rápido dispositivos apple,140,0.0,Neutral
2095134018,MLM1066705967,Apple AirPods Max 2,Mercado Libre,5.0,Excelentes audífonos.,Hace 1 año,https://www.mercadolibre.com.mx/airpods-max-2-azul-distribuidor-autorizado/p/MLM1066705967,Apple,Over-Ear,excelentes audífonos,21,0.0,Neutral
2024911677,MLM1066705967,Apple AirPods Max 2,Mercado Libre,5.0,Ampliamente recomendado apple siempre con excelente calidad.,Hace 1 año,https://www.mercadolibre.com.mx/airpods-max-2-azul-distribuidor-autorizado/p/MLM1066705967,Apple,Over-Ear,ampliamente recomendado apple siempre excelente calidad,60,0.0,Neutral
1897264300,MLM1066705967,Apple AirPods Max 2,Mercado Libre,5.0,"Excelente producto , el precio es solo un poco elevado para lo que es pero realmente en cuanto a su sonido, cancelación de ruido y calidad de construcción son excelentes, son un 9 , si tienes un ecosistema apple son los más recomendables, o si tienes ipad y iphone es lo mejor que puedes comprar, valen totalmente la pena.",Hace 1 año,https://www.mercadolibre.com.mx/airpods-max-2-azul-distribuidor-autorizado/p/MLM1066705967,Apple,Over-Ear,excelente producto precio solo elevado realmente cuanto sonido cancelación ruido calidad construcción excelentes ecosistema apple recomendables ipad iphone mejor puedes comprar valen totalmente pena,322,0.0,Neutral
1895949082,MLM1066705967,Apple AirPods Max 2,Mercado Libre,5.0,La verdad me encantaron. Súper recomendados. 10/10.,Hace 1 año,https://www.mercadolibre.com.mx/airpods-max-2-azul-distribuidor-autorizado/p/MLM1066705967,Apple,Over-Ear,verdad encantaron súper recomendados,51,0.0,Neutral
1847721412,MLM1066705967,Apple AirPods Max 2,Mercado Libre,5.0,"10/10 originales, ya les puse el applecare y todo perfecto.",Hace 1 año,https://www.mercadolibre.com.mx/airpods-max-2-azul-distribuidor-autorizado/p/MLM1066705967,Apple,Over-Ear,originales puse applecare perfecto,59,0.0,Neutral
1838567328,MLM1066705967,Apple AirPods Max 2,Mercado Libre,5.0,"Soy hipersensible sensorial, los ladridos de perro y sonidos de una construcción aledaña los reduce al mínimo y los hace tolerables. Los uso poco para música, es más para videollamadas, en este último caso la única salvedad es la de no escucharte a ti mismo hablando. De primera calidad como todo producto apple.",Hace 1 año,https://www.mercadolibre.com.mx/airpods-max-2-azul-distribuidor-autorizado/p/MLM1066705967,Apple,Over-Ear,hipersensible sensorial ladridos perro sonidos construcción aledaña reduce mínimo hace tolerables uso música videollamadas último caso única salvedad escucharte mismo hablando primera calidad producto apple,312,0.0,Neutral
1812606259,MLM1066705967,Apple AirPods Max 2,Mercado Libre,5.0,Excelente sonido y cancelación de ruido. Pero por su precio hay mejores opciones!!.,Hace 1 año,https://www.mercadolibre.com.mx/airpods-max-2-azul-distribuidor-autorizado/p/MLM1066705967,Apple,Over-Ear,excelente sonido cancelación ruido precio mejores opciones,83,0.0,Neutral
1717466148,MLM1066705967,Apple AirPods Max 2,Mercado Libre,5.0,Genial.,Hace 1 año,https://www.mercadolibre.com.mx/airpods-max-2-azul-distribuidor-autorizado/p/MLM1066705967,Apple,Over-Ear,genial,7,0.0,Neutral
1678235299,MLM1066705967,Apple AirPods Max 2,Mercado Libre,5.0,Son increíbles la vdd no puedes saber que tan buenos son hasta que los pruebas.,Hace 1 año,https://www.mercadolibre.com.mx/airpods-max-2-azul-distribuidor-autorizado/p/MLM1066705967,Apple,Over-Ear,increíbles vdd puedes saber tan buenos pruebas,79,0.0,Neutral
3036729675,MLM1066705967,Apple AirPods Max 2,Mercado Libre,5.0,Comodidad: algo pesados pero cómodos. Aislamiento: excelente cancelación de ruido.,Hace 3 día,https://www.mercadolibre.com.mx/airpods-max-2-azul-distribuidor-autorizado/p/MLM1066705967,Apple,Over-Ear,comodidad pesados cómodos aislamiento excelente cancelación ruido,82,0.0,Neutral
3052026454,MLM1066705967,Apple AirPods Max 2,Mercado Libre,4.0,Gran producto la calidad se nota en cada uno de los componentes y el funcionamiento que brinda tecnológicamente es grandioso.,Hoy,https://www.mercadolibre.com.mx/airpods-max-2-azul-distribuidor-autorizado/p/MLM1066705967,Apple,Over-Ear,gran producto calidad nota cada componentes funcionamiento brinda tecnológicamente grandioso,125,0.0,Neutral
2973427221,MLM1066705967,Apple AirPods Max 2,Mercado Libre,5.0,"Materiales: de buena calidad. Sonido: los graves , y agudos de exelente calida. Muy buenos para ir al gym.",Hace 1 mes,https://www.mercadolibre.com.mx/airpods-max-2-azul-distribuidor-autorizado/p/MLM1066705967,Apple,Over-Ear,materiales buena calidad sonido graves agudos exelente calida buenos gym,106,0.0,Neutral
3019218467,MLM1066705967,Apple AirPods Max 2,Mercado Libre,5.0,"Aislamiento: anc es lo mejor y con 4 modos diferentes y el sonido espacial puede ser una excelente opción. Comodidad: son cómodos pero un poco pesados, no los usaría para ejercicio. Después de usarlos un tiempo, puedo decir que son unos excelentes audífonos, aunque no son perfectos. Lo mejor es la calidad de sonido y la cancelación de ruido. Comparados con mis airpods pro 2, el salto en audio es muy notable. Tienen un sonido limpio y equilibrado, sin graves exagerados ni agudos molestos. La cancelación activa de ruido es de las mejores que he probado, el modo transparencia funciona muy bien y el audio espacial hace que películas y series se sientan mucho más inmersivas. Lo único que extraño es un ecualizador personalizable. Lo malo es el peso. Son muy cómodos para trabajar o escuchar música durante horas, pero no los recomiendo para hacer ejercicio o actividades físicas porque se sienten pesados y poco seguros. También considero que los botones son demasiado sensibles y es fácil presionarlos por accidente al quitártelos. En cuanto a la batería, apple promete hasta 20 horas de uso. En mi caso nunca he logrado agotarla por completo, aunque mi uso es más casual: principalmente en la oficina y ocasionalmente en casa, así que la autonomía nunca ha sido un problema. En general, son una excelente compra si ya estás dentro del ecosistema de apple. Hay opciones con una calidad de sonido similar o incluso superior, pero la integración con los dispositivos de apple no se compara.",Hace 1 sem,https://www.mercadolibre.com.mx/airpods-max-2-azul-distribuidor-autorizado/p/MLM1066705967,Apple,Over-Ear,aislamiento anc mejor modos diferentes sonido espacial puede ser excelente opción comodidad cómodos pesados usaría ejercicio después usarlos tiempo puedo decir excelentes audífonos aunque perfectos mejor calidad sonido cancelación ruido comparados airpods pro salto audio notable sonido limpio equilibrado graves exagerados agudos molestos cancelación activa ruido mejores probado modo transparencia funciona bien audio espacial hace películas series sientan inmersivas único extraño ecualizador personalizable malo peso cómodos trabajar escuchar música horas recomiendo hacer ejercicio actividades físicas sienten pesados seguros considero botones demasiado sensibles fácil presionarlos accidente quitártelos cuanto batería apple promete horas uso caso nunca logrado agotarla completo aunque uso casual principalmente oficina ocasionalmente casa así autonomía nunca sido problema general excelente compra dentro ecosistema apple opciones calidad sonido similar incluso superior integración dispositivos apple compara,1493,0.15,Positivo
3032965877,MLM1066705967,Apple AirPods Max 2,Mercado Libre,5.0,100% recomendable el producto me llegó en buen estado.,Hace 5 día,https://www.mercadolibre.com.mx/airpods-max-2-azul-distribuidor-autorizado/p/MLM1066705967,Apple,Over-Ear,recomendable producto llegó buen,54,0.0,Neutral
2964619100,MLM1066705967,Apple AirPods Max 2,Mercado Libre,5.0,Sonido: buenas sonido. Aislamiento: buena cancelación de ruido.,Hace 1 mes,https://www.mercadolibre.com.mx/airpods-max-2-azul-distribuidor-autorizado/p/MLM1066705967,Apple,Over-Ear,sonido buenas sonido aislamiento buena cancelación ruido,63,0.0,Neutral
2924375011,MLM1066705967,Apple AirPods Max 2,Mercado Libre,5.0,"Sonido: acústica excelente. Aislamiento: cancelación de ruido increible. Son originales están nuevos cuando llegan y funcionan excelente, tengo 5 meses usándolos.",Hace 2 mes,https://www.mercadolibre.com.mx/airpods-max-2-azul-distribuidor-autorizado/p/MLM1066705967,Apple,Over-Ear,sonido acústica excelente aislamiento cancelación ruido increible originales nuevos llegan funcionan excelente meses usándolos,162,0.0,Neutral
2922673399,MLM1066705967,Apple AirPods Max 2,Mercado Libre,4.0,"Sonido: equilibrado. Aislamiento: muy bueno, el modo transparencia y el modo cancelación de ruido son de lo mejor que he porbado. Es un muy buen producto, solo que se queda corto en batería, al rededor de 18 horas. Me parece muy poco para unos audífonos de este rango de precio. Las almohadillas son cómodas, muy prácticas para limpiar. Los airpods max son bastante pesados y luego de usarlos un par de horas es algo cansado. Si los compras te recomiendo comprar una funda de silicona porque cada que los sacas del estuche golpean entre sí.",Hace 2 mes,https://www.mercadolibre.com.mx/airpods-max-2-azul-distribuidor-autorizado/p/MLM1066705967,Apple,Over-Ear,sonido equilibrado aislamiento bueno modo transparencia modo cancelación ruido mejor porbado buen producto solo queda corto batería rededor horas parece audífonos rango precio almohadillas cómodas prácticas limpiar airpods max bastante pesados luego usarlos par horas cansado compras recomiendo comprar funda silicona cada sacas estuche golpean,540,0.0,Neutral
2656930551,MLM1066705967,Apple AirPods Max 2,Mercado Libre,5.0,Sonido perfecto. Están increíbles.,Hace 6 mes,https://www.mercadolibre.com.mx/airpods-max-2-azul-distribuidor-autorizado/p/MLM1066705967,Apple,Over-Ear,sonido perfecto increíbles,34,0.0,Neutral
2632419248,MLM1066705967,Apple AirPods Max 2,Mercado Libre,5.0,"Excelente compra, son como esperaba, calidad 100%.",Hace 7 mes,https://www.mercadolibre.com.mx/airpods-max-2-azul-distribuidor-autorizado/p/MLM1066705967,Apple,Over-Ear,excelente compra esperaba calidad,50,0.0,Neutral
2514191654,MLM1066705967,Apple AirPods Max 2,Mercado Libre,5.0,"Buen producto; completamente original y sellado por la marca, muy cómodos.",Hace 8 mes,https://www.mercadolibre.com.mx/airpods-max-2-azul-distribuidor-autorizado/p/MLM1066705967,Apple,Over-Ear,buen producto completamente original sellado marca cómodos,74,0.375,Positivo
2489315637,MLM1066705967,Apple AirPods Max 2,Mercado Libre,5.0,"Es un producto premium, valen mucho la pena. Se escuchan muy bien y tienen una cancelación de ruido exageradamente buena.",Hace 8 mes,https://www.mercadolibre.com.mx/airpods-max-2-azul-distribuidor-autorizado/p/MLM1066705967,Apple,Over-Ear,producto premium valen pena escuchan bien cancelación ruido exageradamente buena,121,0.0,Neutral
3026141581,MLM1066705967,Apple AirPods Max 2,Mercado Libre,5.0,"Comodidad: son cómodos, aunque después de unas horas si debes quitártelos un ratito. Materiales: metal que se siente muy bien. Si tienen los airpods max 1 y llevan varios con ellos, los 2 no les darán nada nuevo en sonido ni en anc que realmente sea muy notorio, pero si en cosas como los gestos de cabeza y el modo conversación. Obvio les sacas el mejor provecho si estás en el ecosistema de apple, sino, hay mejores opciones por este rango de precio.",Hace 1 sem,https://www.mercadolibre.com.mx/airpods-max-2-azul-distribuidor-autorizado/p/MLM1066705967,Apple,Over-Ear,comodidad cómodos aunque después unas horas debes quitártelos ratito materiales metal bien airpods max llevan varios darán nuevo sonido anc realmente notorio cosas gestos cabeza modo conversación obvio sacas mejor provecho ecosistema apple sino mejores opciones rango precio,452,0.0,Neutral
3025895667,MLM1066705967,Apple AirPods Max 2,Mercado Libre,5.0,,Hace 1 sem,https://www.mercadolibre.com.mx/airpods-max-2-azul-distribuidor-autorizado/p/MLM1066705967,Apple,Over-Ear,,0,0.0,Neutral
3026838794,MLM1066705967,Apple AirPods Max 2,Mercado Libre,5.0,"Aislamiento: excelente aislamiento, mejor que los xm6 y los sonos ace.",Hace 2 sem,https://www.mercadolibre.com.mx/airpods-max-2-azul-distribuidor-autorizado/p/MLM1066705967,Apple,Over-Ear,aislamiento excelente aislamiento mejor sonos ace,70,0.0,Neutral
3007571041,MLM1066705967,Apple AirPods Max 2,Mercado Libre,5.0,Son unos excelentes audífonos me encanta el color y llegaron en buen estado.,Hace 2 sem,https://www.mercadolibre.com.mx/airpods-max-2-azul-distribuidor-autorizado/p/MLM1066705967,Apple,Over-Ear,excelentes audífonos encanta color llegaron buen,76,0.0,Neutral
3013181968,MLM1066705967,Apple AirPods Max 2,Mercado Libre,5.0,"Comodidad: buen ajuste y no se sienten pesados. Aislamiento: la cancelación de ruido es muy buena, vengo de bosé y estos no se quedan atrás.",Hace 3 sem,https://www.mercadolibre.com.mx/airpods-max-2-azul-distribuidor-autorizado/p/MLM1066705967,Apple,Over-Ear,comodidad buen ajuste sienten pesados aislamiento cancelación ruido buena vengo bosé quedan atrás,140,0.0,Neutral
2995933309,MLM1066705967,Apple AirPods Max 2,Mercado Libre,5.0,Exelente.,Hace 3 sem,https://www.mercadolibre.com.mx/airpods-max-2-azul-distribuidor-autorizado/p/MLM1066705967,Apple,Over-Ear,exelente,9,0.0,Neutral
2948024949,MLM1066705967,Apple AirPods Max 2,Mercado Libre,5.0,Aislamiento: excelente. Materiales: muy buena calidad. Originales 100% recomendables.,Hace 1 mes,https://www.mercadolibre.com.mx/airpods-max-2-azul-distribuidor-autorizado/p/MLM1066705967,Apple,Over-Ear,aislamiento excelente materiales buena calidad originales recomendables,85,0.0,Neutral
2943241625,MLM1066705967,Apple AirPods Max 2,Mercado Libre,5.0,Aislamiento: la mejor cancelación de ruido. Sonido: el mejor audio.,Hace 1 mes,https://www.mercadolibre.com.mx/airpods-max-2-azul-distribuidor-autorizado/p/MLM1066705967,Apple,Over-Ear,aislamiento mejor cancelación ruido sonido mejor audio,67,0.0,Neutral
2938388233,MLM1066705967,Apple AirPods Max 2,Mercado Libre,5.0,Excelente producto! el mejor.,Hace 2 mes,https://www.mercadolibre.com.mx/airpods-max-2-azul-distribuidor-autorizado/p/MLM1066705967,Apple,Over-Ear,excelente producto mejor,29,0.0,Neutral
2932440207,MLM1066705967,Apple AirPods Max 2,Mercado Libre,5.0,"Son 100% originales y tienen un excelente sonido, lo único que no me agrada mucho es que son un poco pesados.",Hace 2 mes,https://www.mercadolibre.com.mx/airpods-max-2-azul-distribuidor-autorizado/p/MLM1066705967,Apple,Over-Ear,originales excelente sonido único agrada pesados,109,0.0,Neutral
2896075627,MLM1066705967,Apple AirPods Max 2,Mercado Libre,5.0,"Comodidad: un poco pesados pero comodos. Sonido: buen sonido, realmente buenos bajos. Vale toda la pena, más si tienes todo tu ecosistema de apple.",Hace 2 mes,https://www.mercadolibre.com.mx/airpods-max-2-azul-distribuidor-autorizado/p/MLM1066705967,Apple,Over-Ear,comodidad pesados comodos sonido buen sonido realmente buenos bajos vale toda pena ecosistema apple,147,0.0,Neutral
2898811098,MLM1066705967,Apple AirPods Max 2,Mercado Libre,5.0,"Sonido: gran variedad de sonidos, altísima calidad. Materiales: material de acero muy a lo apple, puede ser un poco pesado pero no es molesto. La tela de la diadema y demás premium. Es apple, es lo mejor.",Hace 2 mes,https://www.mercadolibre.com.mx/airpods-max-2-azul-distribuidor-autorizado/p/MLM1066705967,Apple,Over-Ear,sonido gran variedad sonidos altísima calidad materiales material acero apple puede ser pesado molesto tela diadema demás premium apple mejor,204,0.0,Neutral
2896031660,MLM1066705967,Apple AirPods Max 2,Mercado Libre,5.0,Sonido: claro y sin interrupciones. 100% recomendados.,Hace 2 mes,https://www.mercadolibre.com.mx/airpods-max-2-azul-distribuidor-autorizado/p/MLM1066705967,Apple,Over-Ear,sonido claro interrupciones recomendados,54,0.0,Neutral
2775253369,MLM1066705967,Apple AirPods Max 2,Mercado Libre,5.0,,Hace 4 mes,https://www.mercadolibre.com.mx/airpods-max-2-azul-distribuidor-autorizado/p/MLM1066705967,Apple,Over-Ear,,0,0.0,Neutral
2769126836,MLM1066705967,Apple AirPods Max 2,Mercado Libre,5.0,La mejor compra de mi vida.,Hace 5 mes,https://www.mercadolibre.com.mx/airpods-max-2-azul-distribuidor-autorizado/p/MLM1066705967,Apple,Over-Ear,mejor compra vida,27,0.0,Neutral
2765170640,MLM1066705967,Apple AirPods Max 2,Mercado Libre,5.0,Exelente calidad.,Hace 5 mes,https://www.mercadolibre.com.mx/airpods-max-2-azul-distribuidor-autorizado/p/MLM1066705967,Apple,Over-Ear,exelente calidad,17,0.0,Neutral
2687459026,MLM1066705967,Apple AirPods Max 2,Mercado Libre,5.0,Originales 100%. Excelentes.,Hace 6 mes,https://www.mercadolibre.com.mx/airpods-max-2-azul-distribuidor-autorizado/p/MLM1066705967,Apple,Over-Ear,originales excelentes,28,0.0,Neutral
2638108455,MLM1066705967,Apple AirPods Max 2,Mercado Libre,5.0,Excelente calidad.,Hace 7 mes,https://www.mercadolibre.com.mx/airpods-max-2-azul-distribuidor-autorizado/p/MLM1066705967,Apple,Over-Ear,excelente calidad,18,0.0,Neutral
2583604345,MLM1066705967,Apple AirPods Max 2,Mercado Libre,5.0,,Hace 7 mes,https://www.mercadolibre.com.mx/airpods-max-2-azul-distribuidor-autorizado/p/MLM1066705967,Apple,Over-Ear,,0,0.0,Neutral
2561485752,MLM1066705967,Apple AirPods Max 2,Mercado Libre,5.0,"Me pareció increíble y hasta el momento han funcionado muy bien espero siga así, vamos 🙌🏻.",Hace 8 mes,https://www.mercadolibre.com.mx/airpods-max-2-azul-distribuidor-autorizado/p/MLM1066705967,Apple,Over-Ear,pareció increíble momento funcionado bien espero siga así vamos,90,0.0,Neutral
2527075268,MLM1066705967,Apple AirPods Max 2,Mercado Libre,5.0,Es un producto maravilloso con audio espectacular y el color me encantó.,Hace 8 mes,https://www.mercadolibre.com.mx/airpods-max-2-azul-distribuidor-autorizado/p/MLM1066705967,Apple,Over-Ear,producto maravilloso audio espectacular color encantó,72,0.0,Neutral
2520001340,MLM1066705967,Apple AirPods Max 2,Mercado Libre,5.0,"Buen producto, justo lo que esperaba.",Hace 8 mes,https://www.mercadolibre.com.mx/airpods-max-2-azul-distribuidor-autorizado/p/MLM1066705967,Apple,Over-Ear,buen producto justo esperaba,37,0.0,Neutral
2497976193,MLM1066705967,Apple AirPods Max 2,Mercado Libre,5.0,Se escuchan excelente!.,Hace 8 mes,https://www.mercadolibre.com.mx/airpods-max-2-azul-distribuidor-autorizado/p/MLM1066705967,Apple,Over-Ear,escuchan excelente,23,0.0,Neutral
2359845348,MLM1066705967,Apple AirPods Max 2,Mercado Libre,5.0,Todo excelente y originales.,Hace 10 me,https://www.mercadolibre.com.mx/airpods-max-2-azul-distribuidor-autorizado/p/MLM1066705967,Apple,Over-Ear,excelente originales,28,0.0,Neutral
2272907603,MLM1066705967,Apple AirPods Max 2,Mercado Libre,5.0,"Súper de buena calidad, se escuchan bastante bien y aíslan bien el sonido, además de que no se escucha raro cuando suena la canción.",Hace 11 me,https://www.mercadolibre.com.mx/airpods-max-2-azul-distribuidor-autorizado/p/MLM1066705967,Apple,Over-Ear,súper buena calidad escuchan bastante bien aíslan bien sonido además escucha raro suena canción,132,0.0,Neutral
2023138682,MLM1066705967,Apple AirPods Max 2,Mercado Libre,5.0,"Por el momento son excelentes, con el 16 pro max sincroniza todo perfecto y la musica excelente! sigo probandolos.",Hace 1 año,https://www.mercadolibre.com.mx/airpods-max-2-azul-distribuidor-autorizado/p/MLM1066705967,Apple,Over-Ear,momento excelentes pro max sincroniza perfecto musica excelente sigo probandolos,114,0.0,Neutral
1889401041,MLM1066705967,Apple AirPods Max 2,Mercado Libre,5.0,,Hace 1 año,https://www.mercadolibre.com.mx/airpods-max-2-azul-distribuidor-autorizado/p/MLM1066705967,Apple,Over-Ear,,0,0.0,Neutral
1888943290,MLM1066705967,Apple AirPods Max 2,Mercado Libre,4.0,Recientemente también compré unos tenis en adidas y la caja también venía maltratada y picada no sé si es problema de las tiendas o de los almacenas de ml.,Hace 1 año,https://www.mercadolibre.com.mx/airpods-max-2-azul-distribuidor-autorizado/p/MLM1066705967,Apple,Over-Ear,recientemente compré tenis adidas caja venía maltratada picada problema tiendas almacenas,155,0.0,Neutral
1863042273,MLM1066705967,Apple AirPods Max 2,Mercado Libre,5.0,Producto 100% original.,Hace 1 año,https://www.mercadolibre.com.mx/airpods-max-2-azul-distribuidor-autorizado/p/MLM1066705967,Apple,Over-Ear,producto original,23,0.375,Positivo
1865904086,MLM1066705967,Apple AirPods Max 2,Mercado Libre,5.0,,Hace 1 año,https://www.mercadolibre.com.mx/airpods-max-2-azul-distribuidor-autorizado/p/MLM1066705967,Apple,Over-Ear,,0,0.0,Neutral
1789902516,MLM1066705967,Apple AirPods Max 2,Mercado Libre,5.0,,Hace 1 año,https://www.mercadolibre.com.mx/airpods-max-2-azul-distribuidor-autorizado/p/MLM1066705967,Apple,Over-Ear,,0,0.0,Neutral
3034903029,MLM1066705967,Apple AirPods Max 2,Mercado Libre,5.0,"Excelente producto, original!.",Hace 4 día,https://www.mercadolibre.com.mx/airpods-max-2-azul-distribuidor-autorizado/p/MLM1066705967,Apple,Over-Ear,excelente producto original,30,0.469,Positivo
3028679889,MLM1066705967,Apple AirPods Max 2,Mercado Libre,5.0,"Una experiencia nueva de gran calidad, el ecosistema ayuda bastante para valorar el producto. Muy bueno.",Hace 1 sem,https://www.mercadolibre.com.mx/airpods-max-2-azul-distribuidor-autorizado/p/MLM1066705967,Apple,Over-Ear,experiencia nueva gran calidad ecosistema ayuda bastante valorar producto bueno,104,0.0,Neutral
3027673620,MLM1066705967,Apple AirPods Max 2,Mercado Libre,5.0,Lit son 100% reales.,Hace 2 sem,https://www.mercadolibre.com.mx/airpods-max-2-azul-distribuidor-autorizado/p/MLM1066705967,Apple,Over-Ear,lit reales,20,0.0,Neutral
3009328912,MLM1066705967,Apple AirPods Max 2,Mercado Libre,5.0,Sonido de excelente calidad.,Hace 3 sem,https://www.mercadolibre.com.mx/airpods-max-2-azul-distribuidor-autorizado/p/MLM1066705967,Apple,Over-Ear,sonido excelente calidad,28,0.0,Neutral
2998296775,MLM1066705967,Apple AirPods Max 2,Mercado Libre,5.0,Me encantan.,Hace 3 sem,https://www.mercadolibre.com.mx/airpods-max-2-azul-distribuidor-autorizado/p/MLM1066705967,Apple,Over-Ear,encantan,12,0.0,Neutral
3004475142,MLM1066705967,Apple AirPods Max 2,Mercado Libre,5.0,Muy buen sonido y a un buen precio.,Hace 3 sem,https://www.mercadolibre.com.mx/airpods-max-2-azul-distribuidor-autorizado/p/MLM1066705967,Apple,Over-Ear,buen sonido buen precio,35,0.0,Neutral
3001029770,MLM1066705967,Apple AirPods Max 2,Mercado Libre,5.0,"Sonido: perfectos. Son los mejores audífonos que he tenido, justo lo que esperaba. Los uso con samsung s24 funciona bien la cancelación de ruido y el sonido es excelente.",Hace 4 sem,https://www.mercadolibre.com.mx/airpods-max-2-azul-distribuidor-autorizado/p/MLM1066705967,Apple,Over-Ear,sonido perfectos mejores audífonos justo esperaba uso samsung funciona bien cancelación ruido sonido excelente,170,0.0,Neutral
3000658010,MLM1066705967,Apple AirPods Max 2,Mercado Libre,5.0,Sigo opinando que se escuchan mucho mejor los beats pero era un justo que me quería dar.,Hace 4 sem,https://www.mercadolibre.com.mx/airpods-max-2-azul-distribuidor-autorizado/p/MLM1066705967,Apple,Over-Ear,sigo opinando escuchan mejor beats justo quería dar,88,0.0,Neutral
2988498643,MLM1066705967,Apple AirPods Max 2,Mercado Libre,5.0,"Comodidad: genial. Aislamiento: quedé fascinado. Son los primeros airpods max que compro y no tengo queja alguna, todo me encantó, desde el diseño, hasta el sonido y la cancelación de ruido.",Hace 1 mes,https://www.mercadolibre.com.mx/airpods-max-2-azul-distribuidor-autorizado/p/MLM1066705967,Apple,Over-Ear,comodidad genial aislamiento quedé fascinado primeros airpods max compro queja alguna encantó diseño sonido cancelación ruido,190,0.0,Neutral
2979712819,MLM1066705967,Apple AirPods Max 2,Mercado Libre,5.0,Comodidad: todo bien. Sonido: super. Increíble.,Hace 1 mes,https://www.mercadolibre.com.mx/airpods-max-2-azul-distribuidor-autorizado/p/MLM1066705967,Apple,Over-Ear,comodidad bien sonido super increíble,47,0.333,Positivo
2989427910,MLM1066705967,Apple AirPods Max 2,Mercado Libre,4.0,Ok. Incómodos después de 2 horas.,Hace 1 mes,https://www.mercadolibre.com.mx/airpods-max-2-azul-distribuidor-autorizado/p/MLM1066705967,Apple,Over-Ear,incómodos después horas,33,0.0,Neutral
2988369580,MLM1066705967,Apple AirPods Max 2,Mercado Libre,5.0,"Excelente calidad, muy buen sonido, los recomiendo.",Hace 1 mes,https://www.mercadolibre.com.mx/airpods-max-2-azul-distribuidor-autorizado/p/MLM1066705967,Apple,Over-Ear,excelente calidad buen sonido recomiendo,51,0.0,Neutral
2963731267,MLM1066705967,Apple AirPods Max 2,Mercado Libre,5.0,"Materiales: buenos. Sonido: claridad. Me encantaron,a cancelación de ruido está en otro nivel, la batería por el costo esperaría más pero para el día día funciona muy bien, les compré sus protectores para que duren más.",Hace 1 mes,https://www.mercadolibre.com.mx/airpods-max-2-azul-distribuidor-autorizado/p/MLM1066705967,Apple,Over-Ear,materiales buenos sonido claridad encantarona cancelación ruido nivel batería costo esperaría día día funciona bien compré protectores duren,219,0.0,Neutral
2950031381,MLM1066705967,Apple AirPods Max 2,Mercado Libre,5.0,"Sonido: graves increibles. Materiales: material premium. Son excelentes, los amo, solo son un poco pesados.",Hace 1 mes,https://www.mercadolibre.com.mx/airpods-max-2-azul-distribuidor-autorizado/p/MLM1066705967,Apple,Over-Ear,sonido graves increibles materiales material premium excelentes amo solo pesados,107,0.0,Neutral
2945372643,MLM1066705967,Apple AirPods Max 2,Mercado Libre,5.0,Excelente producto!!! me encantó. Funciona perfecto!.,Hace 1 mes,https://www.mercadolibre.com.mx/airpods-max-2-azul-distribuidor-autorizado/p/MLM1066705967,Apple,Over-Ear,excelente producto encantó funciona perfecto,53,0.0,Neutral
2943888041,MLM1066705967,Apple AirPods Max 2,Mercado Libre,4.0,Son muy buenos y de excelente calidad venían sellados y todo bien. Los recomiendo más pra viajes ya que no es como traerlos en el cuello mucho tiempo y no se estiran mucho.,Hace 1 mes,https://www.mercadolibre.com.mx/airpods-max-2-azul-distribuidor-autorizado/p/MLM1066705967,Apple,Over-Ear,buenos excelente calidad venían sellados bien recomiendo pra viajes traerlos cuello tiempo estiran,172,0.0,Neutral
2952619266,MLM1066705967,Apple AirPods Max 2,Mercado Libre,5.0,Excelente producto el sonido es nítido y el modelo es hermoso.,Hace 1 mes,https://www.mercadolibre.com.mx/airpods-max-2-azul-distribuidor-autorizado/p/MLM1066705967,Apple,Over-Ear,excelente producto sonido nítido modelo hermoso,62,0.0,Neutral
2946433596,MLM1066705967,Apple AirPods Max 2,Mercado Libre,5.0,Comodidad: son de un gran audio y el material se siente súper premium son de lo mejor en audio. Materiales: aluminio y acero inoxidable. Recomendables.,Hace 2 mes,https://www.mercadolibre.com.mx/airpods-max-2-azul-distribuidor-autorizado/p/MLM1066705967,Apple,Over-Ear,comodidad gran audio material súper premium mejor audio materiales aluminio acero inoxidable recomendables,151,0.0,Neutral
2926697339,MLM1066705967,Apple AirPods Max 2,Mercado Libre,5.0,"Supero mis expectativas, es lo que esperaba.",Hace 2 mes,https://www.mercadolibre.com.mx/airpods-max-2-azul-distribuidor-autorizado/p/MLM1066705967,Apple,Over-Ear,supero expectativas esperaba,44,0.0,Neutral
2917815585,MLM1066705967,Apple AirPods Max 2,Mercado Libre,5.0,Excelente producto.,Hace 2 mes,https://www.mercadolibre.com.mx/airpods-max-2-azul-distribuidor-autorizado/p/MLM1066705967,Apple,Over-Ear,excelente producto,19,0.0,Neutral
2925420748,MLM1066705967,Apple AirPods Max 2,Mercado Libre,5.0,Muy bueno.,Hace 2 mes,https://www.mercadolibre.com.mx/airpods-max-2-azul-distribuidor-autorizado/p/MLM1066705967,Apple,Over-Ear,bueno,10,0.0,Neutral
2917004146,MLM1066705967,Apple AirPods Max 2,Mercado Libre,5.0,"Comodidad: un poco pesados pero comodos. Sonido: excelente sonido. Y los entregaron antes que en las tiendas oficiales de apple, ya le compré el apple care + sin problema.",Hace 2 mes,https://www.mercadolibre.com.mx/airpods-max-2-azul-distribuidor-autorizado/p/MLM1066705967,Apple,Over-Ear,comodidad pesados comodos sonido excelente sonido entregaron tiendas oficiales apple compré apple care problema,171,0.0,Neutral
2870501452,MLM1066705967,Apple AirPods Max 2,Mercado Libre,5.0,Aislamiento: ruido. Materiales: plasticos. Se escuchan bien.,Hace 3 mes,https://www.mercadolibre.com.mx/airpods-max-2-azul-distribuidor-autorizado/p/MLM1066705967,Apple,Over-Ear,aislamiento ruido materiales plasticos escuchan bien,60,0.0,Neutral
2859616767,MLM1066705967,Apple AirPods Max 2,Mercado Libre,5.0,"Aislamiento: bastante buenos en aislamiento de ruido. Originales, entrega rápida al día siguiente, no he tenido ningún problema y los he disfrutado bastante. La calidad del audio es excelente.",Hace 3 mes,https://www.mercadolibre.com.mx/airpods-max-2-azul-distribuidor-autorizado/p/MLM1066705967,Apple,Over-Ear,aislamiento bastante buenos aislamiento ruido originales entrega rápida día siguiente ningún problema disfrutado bastante calidad audio excelente,192,0.0,Neutral
2858391785,MLM1066705967,Apple AirPods Max 2,Mercado Libre,5.0,"Sonido: excelente sonido. Aislamiento: de lo mejor que hace. De 0 a 10 un 9 en diseño, sonido y comodidad, pero para los que usamos iphone, imprescindibles.",Hace 3 mes,https://www.mercadolibre.com.mx/airpods-max-2-azul-distribuidor-autorizado/p/MLM1066705967,Apple,Over-Ear,sonido excelente sonido aislamiento mejor hace diseño sonido comodidad usamos iphone imprescindibles,156,0.0,Neutral
2866360866,MLM1066705967,Apple AirPods Max 2,Mercado Libre,5.0,Excelente producto.,Hace 3 mes,https://www.mercadolibre.com.mx/airpods-max-2-azul-distribuidor-autorizado/p/MLM1066705967,Apple,Over-Ear,excelente producto,19,0.0,Neutral
2836013566,MLM1066705967,Apple AirPods Max 2,Mercado Libre,5.0,Exelente cancelación de ruido.,Hace 3 mes,https://www.mercadolibre.com.mx/airpods-max-2-azul-distribuidor-autorizado/p/MLM1066705967,Apple,Over-Ear,exelente cancelación ruido,30,0.0,Neutral
2806429789,MLM1066705967,Apple AirPods Max 2,Mercado Libre,5.0,Simplemente preciosoosss.,Hace 4 mes,https://www.mercadolibre.com.mx/airpods-max-2-azul-distribuidor-autorizado/p/MLM1066705967,Apple,Over-Ear,simplemente preciosoosss,25,0.0,Neutral
2808452318,MLM1066705967,Apple AirPods Max 2,Mercado Libre,5.0,"Todo llegó en perfecto estado, el empaque sellado y la calidad del el producto es increíble todo lo que especifica.",Hace 4 mes,https://www.mercadolibre.com.mx/airpods-max-2-azul-distribuidor-autorizado/p/MLM1066705967,Apple,Over-Ear,llegó perfecto empaque sellado calidad producto increíble especifica,115,0.0,Neutral
2771928690,MLM1066705967,Apple AirPods Max 2,Mercado Libre,5.0,Original nuevo sellado sin detalle lo recomiendo.,Hace 5 mes,https://www.mercadolibre.com.mx/airpods-max-2-azul-distribuidor-autorizado/p/MLM1066705967,Apple,Over-Ear,original nuevo sellado detalle recomiendo,49,0.375,Positivo
2752823085,MLM1066705967,Apple AirPods Max 2,Mercado Libre,5.0,Se siente lo premium a comparación de los m5.,Hace 5 mes,https://www.mercadolibre.com.mx/airpods-max-2-azul-distribuidor-autorizado/p/MLM1066705967,Apple,Over-Ear,premium comparación,45,0.0,Neutral
2668761557,MLM1066705967,Apple AirPods Max 2,Mercado Libre,5.0,No se fija excelente a la cabeza pero es lo único.,Hace 6 mes,https://www.mercadolibre.com.mx/airpods-max-2-azul-distribuidor-autorizado/p/MLM1066705967,Apple,Over-Ear,fija excelente cabeza único,50,0.0,Neutral
2628354999,MLM1066705967,Apple AirPods Max 2,Mercado Libre,5.0,"Esta es una buena compra. Producto original, me encantaron y la calidad del audio es impresionante.",Hace 7 mes,https://www.mercadolibre.com.mx/airpods-max-2-azul-distribuidor-autorizado/p/MLM1066705967,Apple,Over-Ear,buena compra producto original encantaron calidad audio impresionante,99,0.375,Positivo
2632585748,MLM1066705967,Apple AirPods Max 2,Mercado Libre,5.0,Son originales. Llegó bien protegido. Recomendando.,Hace 7 mes,https://www.mercadolibre.com.mx/airpods-max-2-azul-distribuidor-autorizado/p/MLM1066705967,Apple,Over-Ear,originales llegó bien protegido recomendando,51,0.0,Neutral
2607584041,MLM1066705967,Apple AirPods Max 2,Mercado Libre,5.0,Excelente y en pagos muy cómodos.,Hace 7 mes,https://www.mercadolibre.com.mx/airpods-max-2-azul-distribuidor-autorizado/p/MLM1066705967,Apple,Over-Ear,excelente pagos cómodos,33,0.0,Neutral
2603621965,MLM1066705967,Apple AirPods Max 2,Mercado Libre,5.0,"Buen producto, tal como viene en la descripción.",Hace 7 mes,https://www.mercadolibre.com.mx/airpods-max-2-azul-distribuidor-autorizado/p/MLM1066705967,Apple,Over-Ear,buen producto tal viene descripción,48,0.0,Neutral
2604739792,MLM1066705967,Apple AirPods Max 2,Mercado Libre,5.0,Todo muy bien.,Hace 7 mes,https://www.mercadolibre.com.mx/airpods-max-2-azul-distribuidor-autorizado/p/MLM1066705967,Apple,Over-Ear,bien,14,0.0,Neutral
2598414198,MLM1066705967,Apple AirPods Max 2,Mercado Libre,5.0,10/10.,Hace 7 mes,https://www.mercadolibre.com.mx/airpods-max-2-azul-distribuidor-autorizado/p/MLM1066705967,Apple,Over-Ear,,6,0.0,Neutral
2597714896,MLM1066705967,Apple AirPods Max 2,Mercado Libre,5.0,"Súper súper elegantes y cómodos, quede fascinada con esta compra.",Hace 7 mes,https://www.mercadolibre.com.mx/airpods-max-2-azul-distribuidor-autorizado/p/MLM1066705967,Apple,Over-Ear,súper súper elegantes cómodos quede fascinada compra,65,0.0,Neutral
2592777710,MLM1066705967,Apple AirPods Max 2,Mercado Libre,5.0,Excelentes.,Hace 7 mes,https://www.mercadolibre.com.mx/airpods-max-2-azul-distribuidor-autorizado/p/MLM1066705967,Apple,Over-Ear,excelentes,11,0.0,Neutral
2582050514,MLM1066705967,Apple AirPods Max 2,Mercado Libre,5.0,Excelente.,Hace 7 mes,https://www.mercadolibre.com.mx/airpods-max-2-azul-distribuidor-autorizado/p/MLM1066705967,Apple,Over-Ear,excelente,10,0.0,Neutral
2562726539,MLM1066705967,Apple AirPods Max 2,Mercado Libre,5.0,Exelente.,Hace 8 mes,https://www.mercadolibre.com.mx/airpods-max-2-azul-distribuidor-autorizado/p/MLM1066705967,Apple,Over-Ear,exelente,9,0.0,Neutral
2553013651,MLM1066705967,Apple AirPods Max 2,Mercado Libre,5.0,De muy buen material y cumple todo lo que ofrece en la calidad de sonido.,Hace 8 mes,https://www.mercadolibre.com.mx/airpods-max-2-azul-distribuidor-autorizado/p/MLM1066705967,Apple,Over-Ear,buen material cumple ofrece calidad sonido,73,0.0,Neutral
2554076446,MLM1066705967,Apple AirPods Max 2,Mercado Libre,5.0,Calidad apple.,Hace 8 mes,https://www.mercadolibre.com.mx/airpods-max-2-azul-distribuidor-autorizado/p/MLM1066705967,Apple,Over-Ear,calidad apple,14,0.0,Neutral
2537055113,MLM1066705967,Apple AirPods Max 2,Mercado Libre,5.0,Excelente sonido!.,Hace 8 mes,https://www.mercadolibre.com.mx/airpods-max-2-azul-distribuidor-autorizado/p/MLM1066705967,Apple,Over-Ear,excelente sonido,18,0.0,Neutral
2532751058,MLM1066705967,Apple AirPods Max 2,Mercado Libre,5.0,"Buen producto, me llegó al bien.",Hace 8 mes,https://www.mercadolibre.com.mx/airpods-max-2-azul-distribuidor-autorizado/p/MLM1066705967,Apple,Over-Ear,buen producto llegó bien,32,0.0,Neutral
2520706101,MLM1066705967,Apple AirPods Max 2,Mercado Libre,5.0,Excelente sonido y calidad.,Hace 8 mes,https://www.mercadolibre.com.mx/airpods-max-2-azul-distribuidor-autorizado/p/MLM1066705967,Apple,Over-Ear,excelente sonido calidad,27,0.0,Neutral
2523696942,MLM1066705967,Apple AirPods Max 2,Mercado Libre,5.0,Excelente producto!.,Hace 8 mes,https://www.mercadolibre.com.mx/airpods-max-2-azul-distribuidor-autorizado/p/MLM1066705967,Apple,Over-Ear,excelente producto,20,0.0,Neutral
2512042601,MLM1066705967,Apple AirPods Max 2,Mercado Libre,5.0,Excelente condición y originales. Además pude comprarles apple care.,Hace 8 mes,https://www.mercadolibre.com.mx/airpods-max-2-azul-distribuidor-autorizado/p/MLM1066705967,Apple,Over-Ear,excelente condición originales además pude comprarles apple care,68,0.0,Neutral
2518466980,MLM1066705967,Apple AirPods Max 2,Mercado Libre,5.0,"Muy buen producto, me encantan.",Hace 8 mes,https://www.mercadolibre.com.mx/airpods-max-2-azul-distribuidor-autorizado/p/MLM1066705967,Apple,Over-Ear,buen producto encantan,31,0.0,Neutral
2500492603,MLM1066705967,Apple AirPods Max 2,Mercado Libre,5.0,Obviamente original y el sonido es excelente.,Hace 8 mes,https://www.mercadolibre.com.mx/airpods-max-2-azul-distribuidor-autorizado/p/MLM1066705967,Apple,Over-Ear,obviamente original sonido excelente,45,0.375,Positivo
2488901451,MLM1066705967,Apple AirPods Max 2,Mercado Libre,5.0,"Excelente producto, 10/10.",Hace 8 mes,https://www.mercadolibre.com.mx/airpods-max-2-azul-distribuidor-autorizado/p/MLM1066705967,Apple,Over-Ear,excelente producto,26,0.0,Neutral
2494632778,MLM1066705967,Apple AirPods Max 2,Mercado Libre,5.0,Me encantaro.,Hace 8 mes,https://www.mercadolibre.com.mx/airpods-max-2-azul-distribuidor-autorizado/p/MLM1066705967,Apple,Over-Ear,encantaro,13,0.0,Neutral
2479751435,MLM1066705967,Apple AirPods Max 2,Mercado Libre,5.0,El producto es original 100% con todas las funciones.,Hace 8 mes,https://www.mercadolibre.com.mx/airpods-max-2-azul-distribuidor-autorizado/p/MLM1066705967,Apple,Over-Ear,producto original todas funciones,53,0.375,Positivo
2486218312,MLM1066705967,Apple AirPods Max 2,Mercado Libre,5.0,Original sin falla.,Hace 8 mes,https://www.mercadolibre.com.mx/airpods-max-2-azul-distribuidor-autorizado/p/MLM1066705967,Apple,Over-Ear,original falla,19,0.375,Positivo
2476580884,MLM1066705967,Apple AirPods Max 2,Mercado Libre,5.0,Muy buenos.,Hace 9 mes,https://www.mercadolibre.com.mx/airpods-max-2-azul-distribuidor-autorizado/p/MLM1066705967,Apple,Over-Ear,buenos,11,0.0,Neutral
2457507789,MLM1066705967,Apple AirPods Max 2,Mercado Libre,5.0,Exelente calidad.,Hace 9 mes,https://www.mercadolibre.com.mx/airpods-max-2-azul-distribuidor-autorizado/p/MLM1066705967,Apple,Over-Ear,exelente calidad,17,0.0,Neutral
2421876532,MLM1066705967,Apple AirPods Max 2,Mercado Libre,5.0,Excelente. Es original. Funciona al 100.,Hace 9 mes,https://www.mercadolibre.com.mx/airpods-max-2-azul-distribuidor-autorizado/p/MLM1066705967,Apple,Over-Ear,excelente original funciona,40,0.375,Positivo
2401078780,MLM1066705967,Apple AirPods Max 2,Mercado Libre,5.0,Busquen cuando este bajo el precio. Y pues es calidad comprar el original. Pedi 3 copias y estoy arrepentido.,Hace 9 mes,https://www.mercadolibre.com.mx/airpods-max-2-azul-distribuidor-autorizado/p/MLM1066705967,Apple,Over-Ear,busquen bajo precio pues calidad comprar original pedi copias arrepentido,109,0.375,Positivo
2290870691,MLM1066705967,Apple AirPods Max 2,Mercado Libre,5.0,"Muy buenos como se puede esperar. Algo pesados pero te acostumbras con el pasar de los días. La batería está ok, vengo de usar los beats studio pro que tienen duración de 40 horas, y estos les dura solo 20, no está mal pero podría ser mejor. La calidad de audio es lo mejor de los audífonos, se escucha muy claro todo sin reventarte el tímpano. No me gusta usar la cancelación de audio pero con estos audífonos no la necesitas, ya aíslan el ruido bastante bien.",Hace 11 me,https://www.mercadolibre.com.mx/airpods-max-2-azul-distribuidor-autorizado/p/MLM1066705967,Apple,Over-Ear,buenos puede esperar pesados acostumbras pasar días batería vengo usar beats studio pro duración horas dura solo mal podría ser mejor calidad audio mejor audífonos escucha claro reventarte tímpano gusta usar cancelación audio audífonos necesitas aíslan ruido bastante bien,461,0.5,Positivo
2177981355,MLM1066705967,Apple AirPods Max 2,Mercado Libre,5.0,Muy bien solo que de momento le encontré un pequeño error que será cosa de probarlos más pero los he estado usando en el modo ambiente mientras canto y de repente se desactivan los micrófonos del lado izquierdo entonces es como si tuviera desactivado el modo ambiente de ese lado pero es solo durante unos segundos y luego vuelve normal fuera desactivado eso la calidad de audio es muy buena solo que a mi parecer les faltan un poco de bajos pero considero ser exigente en ese aspecto así que si buscas unos bajos que te retumbe todo el cráneo están excelentes.,Hace 1 año,https://www.mercadolibre.com.mx/airpods-max-2-azul-distribuidor-autorizado/p/MLM1066705967,Apple,Over-Ear,bien solo momento encontré pequeño error cosa probarlos usando modo ambiente mientras canto repente desactivan micrófonos lado izquierdo entonces desactivado modo ambiente lado solo segundos luego vuelve normal desactivado calidad audio buena solo parecer faltan bajos considero ser exigente aspecto así buscas bajos retumbe cráneo excelentes,561,0.15,Positivo
2175481342,MLM1066705967,Apple AirPods Max 2,Mercado Libre,5.0,Me encantaron y la cancelación de ruido está a otro nivel al igual que el sonido pero la vdd yo creo q yo soy la payasa porque después de un ratito me duele la cabeza. Yo creo x lo ajustado o porque no estoy acostumbrada.,Hace 1 año,https://www.mercadolibre.com.mx/airpods-max-2-azul-distribuidor-autorizado/p/MLM1066705967,Apple,Over-Ear,encantaron cancelación ruido nivel igual sonido vdd creo payasa después ratito duele cabeza creo ajustado acostumbrada,221,0.0,Neutral
1862163542,MLM1066705967,Apple AirPods Max 2,Mercado Libre,5.0,Impecables.,Hace 1 año,https://www.mercadolibre.com.mx/airpods-max-2-azul-distribuidor-autorizado/p/MLM1066705967,Apple,Over-Ear,impecables,11,0.0,Neutral
2806709205,MLM1066705967,Apple AirPods Max 2,Mercado Libre,1.0,Por el precio que cuesta no vale la pena el sonido que tienen suenan mejor mis airpods pro 2g.,Hace 4 mes,https://www.mercadolibre.com.mx/airpods-max-2-azul-distribuidor-autorizado/p/MLM1066705967,Apple,Over-Ear,precio cuesta vale pena sonido suenan mejor airpods pro,94,0.0,Neutral
2876337066,MLM1066705967,Apple AirPods Max 2,Mercado Libre,1.0,"No valen el precio que se paga, fue una mala inversión.",Hace 3 mes,https://www.mercadolibre.com.mx/airpods-max-2-azul-distribuidor-autorizado/p/MLM1066705967,Apple,Over-Ear,valen precio paga mala inversión,55,0.0,Neutral
2599838427,MLM1066705967,Apple AirPods Max 2,Mercado Libre,1.0,"No me carga, del 1% no avanza, mis ahorros, mi dinero.",Hace 7 mes,https://www.mercadolibre.com.mx/airpods-max-2-azul-distribuidor-autorizado/p/MLM1066705967,Apple,Over-Ear,carga avanza ahorros dinero,54,0.0,Neutral
3046544008,MLM1066705967,Apple AirPods Max 2,Mercado Libre,2.0,,Hace 4 día,https://www.mercadolibre.com.mx/airpods-max-2-azul-distribuidor-autorizado/p/MLM1066705967,Apple,Over-Ear,,0,0.0,Neutral
2979323549,MLM1066705967,Apple AirPods Max 2,Mercado Libre,1.0,"Compré los airpod max 2 y me llegó un cellphone case, son unos ladrones. Ahora tengo que devolver un producto en vez de que mercado libre se haga cargo. Quiero mis airpod max 2 mañana o que me devuelvan mi dinero inmediatamente.",Hace 1 mes,https://www.mercadolibre.com.mx/airpods-max-2-azul-distribuidor-autorizado/p/MLM1066705967,Apple,Over-Ear,compré airpod max llegó cellphone case ladrones ahora devolver producto vez mercado libre haga cargo quiero airpod max mañana devuelvan dinero inmediatamente,228,0.0,Neutral
2913903680,MLM1066705967,Apple AirPods Max 2,Mercado Libre,1.0,"Es una lata, cuando quiere se conecta y desde mi punto de vista muy mala experiencia, lástima del precio.",Hace 2 mes,https://www.mercadolibre.com.mx/airpods-max-2-azul-distribuidor-autorizado/p/MLM1066705967,Apple,Over-Ear,lata quiere conecta punto vista mala experiencia lástima precio,105,0.0,Neutral
302014487,MLM42305910,Sony WH-1000XM5 Over-Ear,Mercado Libre,5.0,"Excelente compra. Soy fan de sony, tengo muchos modelos de audífonos, pero estos 1000xm5 superaron mis expectativas. Su sonido es sumamente espectacular. Hasta ahora puedo decir que son los mejores audífonos que he tenido.",Hace más d,https://www.mercadolibre.com.mx/auriculares-bluetooth-sony-inalambricos-wh-1000xm5-rosa/p/MLM42305910,Sony,Over-Ear,excelente compra fan sony modelos audífonos superaron expectativas sonido sumamente espectacular ahora puedo decir mejores audífonos,222,0.0,Neutral
310548533,MLM42305910,Sony WH-1000XM5 Over-Ear,Mercado Libre,5.0,"Vengo de unos sony wh-1000xm3 y de verdad es un cambio abismal, mejora por mucho la calidad de sonido, la cancelación de ruido, y la comodidad, al principio yo estaba dudoso de que ahora fuera casi todo plástico, pero ya cuando lo tienes te das cuenta de que va a ser muy durable, lo único que le puedo decir que es malo es que se quedan marcadas las huellas super fácil lo que lo hace ver mal. Fuera de ello vale la pena el precio a pagar de estos audífonos.",Hace más d,https://www.mercadolibre.com.mx/auriculares-bluetooth-sony-inalambricos-wh-1000xm5-rosa/p/MLM42305910,Sony,Over-Ear,vengo sony whxm verdad cambio abismal mejora calidad sonido cancelación ruido comodidad principio dudoso ahora casi plástico das cuenta ser durable único puedo decir malo quedan marcadas huellas super fácil hace ver mal ello vale pena precio pagar audífonos,459,0.333,Positivo
825354344,MLM42305910,Sony WH-1000XM5 Over-Ear,Mercado Libre,5.0,"Este producto es una garantía de compra, los mejores del mercado, vengo de los xm3 y el cambio es muy grande, definitivamente recomendables, el sonido es 10/10, la batería dura lo que promete, de verdad no tengo queja del producto.",Hace más d,https://www.mercadolibre.com.mx/auriculares-bluetooth-sony-inalambricos-wh-1000xm5-rosa/p/MLM42305910,Sony,Over-Ear,producto garantía compra mejores mercado vengo cambio grande definitivamente recomendables sonido batería dura promete verdad queja producto,231,0.0,Neutral
1304843731,MLM42305910,Sony WH-1000XM5 Over-Ear,Mercado Libre,5.0,"Sony siempre es sinónimo de calidad, muy contento con la compra.",Hace más d,https://www.mercadolibre.com.mx/auriculares-bluetooth-sony-inalambricos-wh-1000xm5-rosa/p/MLM42305910,Sony,Over-Ear,sony siempre sinónimo calidad contento compra,64,0.0,Neutral
154614460,MLM42305910,Sony WH-1000XM5 Over-Ear,Mercado Libre,5.0,"Es un equipo que no es para todos, audio de calidad y su cancelación es la más mejores que he probado, no es un equipo que destaque por los bajos pero aún así creo que son buenos, buena calidad de material, en lo personal feliz :).",Hace más d,https://www.mercadolibre.com.mx/auriculares-bluetooth-sony-inalambricos-wh-1000xm5-rosa/p/MLM42305910,Sony,Over-Ear,equipo audio calidad cancelación mejores probado equipo destaque bajos aún así creo buenos buena calidad material personal feliz,231,0.25,Positivo
320227990,MLM42305910,Sony WH-1000XM5 Over-Ear,Mercado Libre,5.0,Mejores que los de apple.,Hace más d,https://www.mercadolibre.com.mx/auriculares-bluetooth-sony-inalambricos-wh-1000xm5-rosa/p/MLM42305910,Sony,Over-Ear,mejores apple,25,0.0,Neutral
410020902,MLM42305910,Sony WH-1000XM5 Over-Ear,Mercado Libre,5.0,"En mi opinión, uno de mis audífonos favoritos, aunque haya sido criticado por gran parte de la comunidad audiófila. Considero que su firma de sonido es excelente y realmente me encanta. En cuanto a su rendimiento sonoro, los agudos son buenos y no llegan a ser fatigantes, mientras que los medios son excelentes y están bien colocados. Además, los medios grabes son muy buenos sin llegar a ser invasivos y los subgraves son excelentes también, sin afectar a las demás frecuencias. La duración de la batería es excelente y la cancelación de ruido es realmente excepcional. La calidad de los materiales utilizados en su fabricación es muy buena y, personalmente, llevo casi un año con ellos y no he tenido ningún problema. Aunque reciba críticas, en mi opinión considero que se trata de una excelente opción dentro del mercado de los auriculares y recomiendo su adquisición sin duda alguna.",Hace más d,https://www.mercadolibre.com.mx/auriculares-bluetooth-sony-inalambricos-wh-1000xm5-rosa/p/MLM42305910,Sony,Over-Ear,opinión audífonos favoritos aunque sido criticado gran parte comunidad audiófila considero firma sonido excelente realmente encanta cuanto rendimiento sonoro agudos buenos llegan ser fatigantes mientras medios excelentes bien colocados además medios grabes buenos llegar ser invasivos subgraves excelentes afectar demás frecuencias duración batería excelente cancelación ruido realmente excepcional calidad materiales utilizados fabricación buena personalmente llevo casi año ningún problema aunque reciba críticas opinión considero trata excelente opción dentro mercado auriculares recomiendo adquisición duda alguna,888,0.0,Neutral
2940334444,MLM42305910,Sony WH-1000XM5 Over-Ear,Mercado Libre,5.0,"Valió cada peso, dude mucho en comprarlos y no me arrepiento. El diseño y color me encantaron, en cuanto te los pones notas la cancelación de ruido. No soy experta pero si soy una persona que consume mucha música y es espectacular. Los volvería a comprar. Estoy enamorada de estos audífonos. 😍.",Hace 2 mes,https://www.mercadolibre.com.mx/auriculares-bluetooth-sony-inalambricos-wh-1000xm5-rosa/p/MLM42305910,Sony,Over-Ear,valió cada peso dude comprarlos arrepiento diseño color encantaron cuanto pones notas cancelación ruido experta persona consume mucha música espectacular volvería comprar enamorada audífonos,294,0.0,Neutral
341457712,MLM42305910,Sony WH-1000XM5 Over-Ear,Mercado Libre,5.0,"Una chulada los audífonos, compré los x4 en la semana pasada y en esta semana estaban los x5 en promoción y dije véngansen para acá. Quien pueda comprélos son una delicia audible.",Hace más d,https://www.mercadolibre.com.mx/auriculares-bluetooth-sony-inalambricos-wh-1000xm5-rosa/p/MLM42305910,Sony,Over-Ear,chulada audífonos compré semana pasada semana promoción dije véngansen acá pueda comprélos delicia audible,179,0.0,Neutral
315903892,MLM42305910,Sony WH-1000XM5 Over-Ear,Mercado Libre,5.0,"Excelentes audífonos, los mejores que he tenido, vengo de unos bose700 y la verdad los sony les ganan en todo, una compra 100% recomendada.",Hace más d,https://www.mercadolibre.com.mx/auriculares-bluetooth-sony-inalambricos-wh-1000xm5-rosa/p/MLM42305910,Sony,Over-Ear,excelentes audífonos mejores vengo bose verdad sony ganan compra recomendada,139,0.0,Neutral
934243000,MLM42305910,Sony WH-1000XM5 Over-Ear,Mercado Libre,5.0,"La mejor compra, los amo para el gym. Solo se suda un poco por las almohadillas pero se pasa el trapo y listo.",Hace más d,https://www.mercadolibre.com.mx/auriculares-bluetooth-sony-inalambricos-wh-1000xm5-rosa/p/MLM42305910,Sony,Over-Ear,mejor compra amo gym solo suda almohadillas pasa trapo listo,110,0.0,Neutral
851602985,MLM42305910,Sony WH-1000XM5 Over-Ear,Mercado Libre,5.0,"Excelente compra, gran cancelación de sonido, casi me atropellan caminando jajaja.",Hace más d,https://www.mercadolibre.com.mx/auriculares-bluetooth-sony-inalambricos-wh-1000xm5-rosa/p/MLM42305910,Sony,Over-Ear,excelente compra gran cancelación sonido casi atropellan caminando jajaja,82,0.0,Neutral
314317014,MLM42305910,Sony WH-1000XM5 Over-Ear,Mercado Libre,5.0,"Muy buen sonido, muy prácticos, lo único es que se calientan muy rápido las orejas.",Hace más d,https://www.mercadolibre.com.mx/auriculares-bluetooth-sony-inalambricos-wh-1000xm5-rosa/p/MLM42305910,Sony,Over-Ear,buen sonido prácticos único calientan rápido orejas,83,0.0,Neutral
325407832,MLM42305910,Sony WH-1000XM5 Over-Ear,Mercado Libre,5.0,"La verdad estoy bastante contento, hermosa cancelacion de ruido activa al igual que el sonido ambiente. La diadema no es tan solida y es incomoda si no la acomodas bien pero da igual. Mi mayor problema que tengo con ellos es que me hubiesr gustado que tuviera unas almoadillas mas gruesas ya que soy de orejas grandes y me terminan doliendo al final.",Hace más d,https://www.mercadolibre.com.mx/auriculares-bluetooth-sony-inalambricos-wh-1000xm5-rosa/p/MLM42305910,Sony,Over-Ear,verdad bastante contento hermosa cancelacion ruido activa igual sonido ambiente diadema tan solida incomoda acomodas bien igual mayor problema hubiesr gustado unas almoadillas mas gruesas orejas grandes terminan doliendo final,350,0.0,Neutral
613866302,MLM42305910,Sony WH-1000XM5 Over-Ear,Mercado Libre,5.0,"Excelente, una calidad increíble con mucha batería y buena cancelación.",Hace más d,https://www.mercadolibre.com.mx/auriculares-bluetooth-sony-inalambricos-wh-1000xm5-rosa/p/MLM42305910,Sony,Over-Ear,excelente calidad increíble mucha batería buena cancelación,71,0.0,Neutral
922504792,MLM42305910,Sony WH-1000XM5 Over-Ear,Mercado Libre,5.0,,Hace más d,https://www.mercadolibre.com.mx/auriculares-bluetooth-sony-inalambricos-wh-1000xm5-rosa/p/MLM42305910,Sony,Over-Ear,,0,0.0,Neutral
874269288,MLM42305910,Sony WH-1000XM5 Over-Ear,Mercado Libre,5.0,"10/10 excelentes audífonos. Cómodos y de gran calidad. Definitivamente no valen los 9k a 12k en los que normalmente están pero si los ven en menos de 5,500 agarrenlo sin dudarlo.",Hace más d,https://www.mercadolibre.com.mx/auriculares-bluetooth-sony-inalambricos-wh-1000xm5-rosa/p/MLM42305910,Sony,Over-Ear,excelentes audífonos cómodos gran calidad definitivamente valen normalmente ven menos agarrenlo dudarlo,178,0.0,Neutral
635136399,MLM42305910,Sony WH-1000XM5 Over-Ear,Mercado Libre,5.0,"Al principio dude con la calidad del sonido, en internet hay algunos videos que le tiran a este modelo a morir y piensan que no valen la pena, pero a mi parecer teniendo un rato escuchándolos y probandolos me fascinaron. En general la calidad del sonido es magnífica, quizá esto dependerá de el oído de cada persona y gustos por que son diferentes pero a mi en lo personal le doy 5 estrellas, los agudos, graves y medios perfectamente balanceados. Los utilizo para escuchar música clásica y la verdad puedo apreciar cada sonido de instrumento perfectamente diferenciado lo que lo hace tener una excelente experiencia de inmersión, los bajos se presentan cuando de deben de presentar en las melodías y no como otros audifonos que hasta en los agudos tienes bajos, estos audifonos no, los controlan de manera maravillosa. Como les comento desde mi punto de vista y apreciación de uso y gusto por la música si eres una persona que le encanta cada tono, cada vibrar de cada melodía, estos audifonos sin duda serán una buena opción, si lo que estás buscando unos audifonos de alta calidad y con una cancelación de ruido de locos en la que puedes relajarte con tus melodías favoritas. Ablando de la voz en las canciones me es muy grata, no se escucha eco pero si puedes escuchar hasta los coros que utilizan para armonizar las voces de los artistas en algunas canciones. La duración de la batería me sorprendió, siempre los escucho a volumen medio y la cancelación de ruido a veces y dura muy bien.",Hace más d,https://www.mercadolibre.com.mx/auriculares-bluetooth-sony-inalambricos-wh-1000xm5-rosa/p/MLM42305910,Sony,Over-Ear,principio dude calidad sonido internet videos tiran modelo morir piensan valen pena parecer rato escuchándolos probandolos fascinaron general calidad sonido magnífica quizá dependerá oído cada persona gustos diferentes personal doy estrellas agudos graves medios perfectamente balanceados utilizo escuchar música clásica verdad puedo apreciar cada sonido instrumento perfectamente diferenciado hace tener excelente experiencia inmersión bajos presentan deben presentar melodías audifonos agudos bajos audifonos controlan manera maravillosa comento punto vista apreciación uso gusto música persona encanta cada tono cada vibrar cada melodía audifonos duda buena opción buscando audifonos alta calidad cancelación ruido locos puedes relajarte melodías favoritas ablando voz canciones grata escucha eco puedes escuchar coros utilizan armonizar voces artistas canciones duración batería sorprendió siempre escucho volumen medio cancelación ruido veces dura bien,1492,0.025,Neutral
300399054,MLM42305910,Sony WH-1000XM5 Over-Ear,Mercado Libre,5.0,"Es un producto premium, con un excelente sonido y cancelación de ruido.",Hace más d,https://www.mercadolibre.com.mx/auriculares-bluetooth-sony-inalambricos-wh-1000xm5-rosa/p/MLM42305910,Sony,Over-Ear,producto premium excelente sonido cancelación ruido,71,0.0,Neutral
880744790,MLM42305910,Sony WH-1000XM5 Over-Ear,Mercado Libre,5.0,"Está muy cómodo, el diseño es tan hermoso como su color. Súper recomendable!.",Hace más d,https://www.mercadolibre.com.mx/auriculares-bluetooth-sony-inalambricos-wh-1000xm5-rosa/p/MLM42305910,Sony,Over-Ear,cómodo diseño tan hermoso color súper recomendable,77,0.0,Neutral
2490442103,MLM42305910,Sony WH-1000XM5 Over-Ear,Mercado Libre,5.0,,Hace 8 mes,https://www.mercadolibre.com.mx/auriculares-bluetooth-sony-inalambricos-wh-1000xm5-rosa/p/MLM42305910,Sony,Over-Ear,,0,0.0,Neutral
868799425,MLM42305910,Sony WH-1000XM5 Over-Ear,Mercado Libre,5.0,"Calidad de materiales muy premium para ser plástico, una excelente calidad de sonido. Realmente vale la pena.",Hace más d,https://www.mercadolibre.com.mx/auriculares-bluetooth-sony-inalambricos-wh-1000xm5-rosa/p/MLM42305910,Sony,Over-Ear,calidad materiales premium ser plástico excelente calidad sonido realmente vale pena,109,0.0,Neutral
387862309,MLM42305910,Sony WH-1000XM5 Over-Ear,Mercado Libre,5.0,"Excelente cancelación de ruido, calidad de sonido buena, materiales de calidad, en la compra se te incluye solo dos cables, el de auxiliar y de carga con entrada tipo c, el estuche y los audífonos.",Hace más d,https://www.mercadolibre.com.mx/auriculares-bluetooth-sony-inalambricos-wh-1000xm5-rosa/p/MLM42305910,Sony,Over-Ear,excelente cancelación ruido calidad sonido buena materiales calidad compra incluye solo dos cables auxiliar carga entrada tipo estuche audífonos,197,0.0,Neutral
1008022469,MLM42305910,Sony WH-1000XM5 Over-Ear,Mercado Libre,5.0,"Comodidad, calidad y diseño impecable.",Hace más d,https://www.mercadolibre.com.mx/auriculares-bluetooth-sony-inalambricos-wh-1000xm5-rosa/p/MLM42305910,Sony,Over-Ear,comodidad calidad diseño impecable,38,0.0,Neutral
1304285882,MLM42305910,Sony WH-1000XM5 Over-Ear,Mercado Libre,4.0,"Suenan bastante bien, solo que, si tienes un iphone no te los recomiendo.",Hace más d,https://www.mercadolibre.com.mx/auriculares-bluetooth-sony-inalambricos-wh-1000xm5-rosa/p/MLM42305910,Sony,Over-Ear,suenan bastante bien solo iphone recomiendo,73,0.0,Neutral
982548131,MLM42305910,Sony WH-1000XM5 Over-Ear,Mercado Libre,5.0,"Una maravilla de la creación humana, de no ser porque dios creó el mundo antes, esta sería y afirmó de nuevo, sería la creación más grande hasta ahora en la humanidad. (tengo autismo y me ayudan mucho por la increíble cancelación de ruido).",Hace más d,https://www.mercadolibre.com.mx/auriculares-bluetooth-sony-inalambricos-wh-1000xm5-rosa/p/MLM42305910,Sony,Over-Ear,maravilla creación humana ser dios creó mundo afirmó nuevo creación grande ahora humanidad autismo ayudan increíble cancelación ruido,240,0.0,Neutral
387485368,MLM42305910,Sony WH-1000XM5 Over-Ear,Mercado Libre,5.0,"Suenan demasiado bien, no los he probado con cable y losseles pero con bluetooth suenan re bien. Lo único que he notado con apple es que no funciona la opción para hacer switch rápido entre dispositivos, y aveces se interrumpe el sonido porque no reconoce la je dispositivo esta sonando. Ej. Si tengo la computadora y mi celular conectado, si se conecta primero a la compu y después pongo música en el celular no se escuchan. Hay que desconectarlos de la compu para que funcione. Por lo demás la experiencia ha sido muy buena.",Hace más d,https://www.mercadolibre.com.mx/auriculares-bluetooth-sony-inalambricos-wh-1000xm5-rosa/p/MLM42305910,Sony,Over-Ear,suenan demasiado bien probado cable losseles bluetooth suenan bien único notado apple funciona opción hacer switch rápido dispositivos aveces interrumpe sonido reconoce dispositivo sonando computadora celular conectado conecta primero compu después pongo música celular escuchan desconectarlos compu funcione demás experiencia sido buena,526,0.0,Neutral
2206840936,MLM42305910,Sony WH-1000XM5 Over-Ear,Mercado Libre,5.0,"Va opinión de alguien que tal vez no sea experto en temas de audio, pero que siempre ha tenido audífonos y de distintas marcas desde skullcandy, sony, anker, beats, etc… voy a describir los audífonos en 3 partes, 1) estético, 2) funciones y 3) audio. 1) estéticamente son una pasada, una chulada, diseño sencillo pero chingon, no se porque muchos lo catalogan de ‘básico’, a mi parecer tiene lo que se requiere y punto. No pesan nada y eso no nms está súper chingón. 2) en cuanto a funciones, solo puedo decir: wow, había visto comentarios de gente diciendo que estaban sobrevalorados y exageraban con lo de las funciones, wey… nms cállate neta, las funciones son una chingoneria en toda la extensión de la palabra, el hecho de solo deslizar o hacer tap hace que estos audífonos sean fáciles y cómodos de usar. 3) audio… la calidad de sony es, como muchos saben, una joya y no hay discusión. Dato: tal vez me hubiera gustado un poco más de bajos, pero aún así el audio es otro nivel. Ojo: estuve buscando y viendo reseñas por al menos 2-3 semanas, después de mucha meditación y pensar bien las cosas me incliné por estos y la verdad es que fue la mejor decisión. Joya!. Update: los uso diario en el gym y les puedo garantizar que son los mejores que he tenido y de lejos, la cancelación de ruido no nms que chingoneria. Como dato les recomiendo que si los usaran en el gym les compren sus protectores ya sea aquí mismo en mercado libre o amazon para protegerlos del sudor. En verdad 10 de 10!.",Hace 1 año,https://www.mercadolibre.com.mx/auriculares-bluetooth-sony-inalambricos-wh-1000xm5-rosa/p/MLM42305910,Sony,Over-Ear,opinión alguien tal vez experto temas audio siempre audífonos distintas marcas skullcandy sony anker beats etc voy describir audífonos partes estético funciones audio estéticamente pasada chulada diseño sencillo chingon catalogan básico parecer requiere punto pesan nms súper chingón cuanto funciones solo puedo decir wow visto comentarios gente diciendo sobrevalorados exageraban funciones wey nms cállate neta funciones chingoneria toda extensión palabra hecho solo deslizar hacer tap hace audífonos fáciles cómodos usar audio calidad sony saben joya discusión dato tal vez gustado bajos aún así audio nivel ojo buscando viendo reseñas menos semanas después mucha meditación pensar bien cosas incliné verdad mejor decisión joya update uso diario gym puedo garantizar mejores lejos cancelación ruido nms chingoneria dato recomiendo usaran gym compren protectores aquí mismo mercado libre amazon protegerlos sudor verdad,1493,0.156,Positivo
812643338,MLM42305910,Sony WH-1000XM5 Over-Ear,Mercado Libre,5.0,"Excelente producto, recomiendo actualizar el software ya que con el de fabrica suena bien, pero si lo actualizas suena mucho mejor!.",Hace más d,https://www.mercadolibre.com.mx/auriculares-bluetooth-sony-inalambricos-wh-1000xm5-rosa/p/MLM42305910,Sony,Over-Ear,excelente producto recomiendo actualizar software fabrica suena bien actualizas suena mejor,132,0.0,Neutral
658631934,MLM42305910,Sony WH-1000XM5 Over-Ear,Mercado Libre,5.0,"Personalmente creo que está es mi mejor compra del año, son exelentes audífonos, cancelan muy bien el ruido como en un 80% / 90%. Personalmente estoy en una ciudad muy urbanizada y odio el ruido, estos audífonos cumple muy bien con la cancelación de ruido además de tener una buena calidad de audio, lo he usado por un mes más de 10 horas al día y son exelentes.",Hace más d,https://www.mercadolibre.com.mx/auriculares-bluetooth-sony-inalambricos-wh-1000xm5-rosa/p/MLM42305910,Sony,Over-Ear,personalmente creo mejor compra año exelentes audífonos cancelan bien ruido personalmente ciudad urbanizada odio ruido audífonos cumple bien cancelación ruido además tener buena calidad audio usado mes horas día exelentes,362,0.0,Neutral
315992989,MLM42305910,Sony WH-1000XM5 Over-Ear,Mercado Libre,5.0,Excelente producto y buen precio me parecen mejor que los airpods max muy cómodos y acabo aunque de plástico se nota de calidad y no tan pesados cómodos para el uso diario.,Hace más d,https://www.mercadolibre.com.mx/auriculares-bluetooth-sony-inalambricos-wh-1000xm5-rosa/p/MLM42305910,Sony,Over-Ear,excelente producto buen precio parecen mejor airpods max cómodos acabo aunque plástico nota calidad tan pesados cómodos uso diario,172,0.0,Neutral
311370619,MLM42305910,Sony WH-1000XM5 Over-Ear,Mercado Libre,5.0,Tienen algunas mejora al modelo anterior pero en cua to a sonido es muuuy parecido.,Hace más d,https://www.mercadolibre.com.mx/auriculares-bluetooth-sony-inalambricos-wh-1000xm5-rosa/p/MLM42305910,Sony,Over-Ear,mejora modelo anterior cua sonido muuuy parecido,83,0.0,Neutral
151292273,MLM42305910,Sony WH-1000XM5 Over-Ear,Mercado Libre,5.0,Muy buen noise canceling y sonido.,Hace más d,https://www.mercadolibre.com.mx/auriculares-bluetooth-sony-inalambricos-wh-1000xm5-rosa/p/MLM42305910,Sony,Over-Ear,buen noise canceling sonido,34,0.0,Neutral
3021877705,MLM42305910,Sony WH-1000XM5 Over-Ear,Mercado Libre,5.0,"Los audífonos están súper bonitos. Se ajustan muy bien a mis orejas y no me molestan excepto si los uso mucho tiempo con mis lentes, aunque la molestia no es mayor. El color es increíble. En las fotos y el video se puede observar como se ve con luz de día y de noche. Los materiales se notan que son premium. El sonido es nítido por bluetooth y usando el cable mejora la calidad. La cancelación de ruido es muy buena. Me sorprendió que es muy bueno para llamadas, ya que elimina casi por completo el ruido exterior y sólo se escucha la voz. Lo único es que para el gym sí pueden ser muy calurosos.",Hace 1 sem,https://www.mercadolibre.com.mx/auriculares-bluetooth-sony-inalambricos-wh-1000xm5-rosa/p/MLM42305910,Sony,Over-Ear,audífonos súper bonitos ajustan bien orejas molestan excepto uso tiempo lentes aunque molestia mayor color increíble fotos video puede observar luz día noche materiales notan premium sonido nítido bluetooth usando cable mejora calidad cancelación ruido buena sorprendió bueno llamadas elimina casi completo ruido exterior sólo escucha voz único gym pueden ser calurosos,597,0.0,Neutral
811949533,MLM42305910,Sony WH-1000XM5 Over-Ear,Mercado Libre,5.0,,Hace más d,https://www.mercadolibre.com.mx/auriculares-bluetooth-sony-inalambricos-wh-1000xm5-rosa/p/MLM42305910,Sony,Over-Ear,,0,0.0,Neutral
2860001575,MLM42305910,Sony WH-1000XM5 Over-Ear,Mercado Libre,5.0,"Comodidad: ajuste perfecto, no lastiman las orejas. Sonido: el sonido es increíble y la cancelación de ruido es una maravilla para vuelos. Son buenos para viajar, su cancelación de ruido es increíble (estuve en un vuelo con un bb llorando por varias horas y no lo escuché). Las calidad de sonido es magnifica.",Hace 3 mes,https://www.mercadolibre.com.mx/auriculares-bluetooth-sony-inalambricos-wh-1000xm5-rosa/p/MLM42305910,Sony,Over-Ear,comodidad ajuste perfecto lastiman orejas sonido sonido increíble cancelación ruido maravilla vuelos buenos viajar cancelación ruido increíble vuelo llorando varias horas escuché calidad sonido magnifica,309,0.0,Neutral
2303539562,MLM42305910,Sony WH-1000XM5 Over-Ear,Mercado Libre,5.0,"Me tomé mi tiempo para investigar y comprar, y hasta ahora estoy súper contenta. Calidad-precio, de diez, y te recomiendo que te bajes la app que dicen, ¡el noise cancelling esta buenisimo! producto recomendadísimo.",Hace 11 me,https://www.mercadolibre.com.mx/auriculares-bluetooth-sony-inalambricos-wh-1000xm5-rosa/p/MLM42305910,Sony,Over-Ear,tomé tiempo investigar comprar ahora súper contenta calidadprecio diez recomiendo bajes app dicen noise cancelling buenisimo producto recomendadísimo,215,0.0,Neutral
868024214,MLM42305910,Sony WH-1000XM5 Over-Ear,Mercado Libre,5.0,"Excelente, la calidad de sonido es increíble, es envolvente y de alta fidelidad en especial si tienes servicios de música como tidal, la batería es buena, dura hasta 20 horas con cancelación de ruido automática. Simplemente es un producto que vale su precio.",Hace más d,https://www.mercadolibre.com.mx/auriculares-bluetooth-sony-inalambricos-wh-1000xm5-rosa/p/MLM42305910,Sony,Over-Ear,excelente calidad sonido increíble envolvente alta fidelidad especial servicios música tidal batería buena dura horas cancelación ruido automática simplemente producto vale precio,258,0.0,Neutral
1387053072,MLM42305910,Sony WH-1000XM5 Over-Ear,Mercado Libre,5.0,"Estoy audífonos son una maravilla!! pero donde realmente destacan y brillan es con canciones que tengan dolby atmos o audio 360 y con plataformas sin perdida de calidad, tipo imusic, o dezzer, o amazon music, donde ofrecen audio no compromido o sin perdida de calidad (lossless). Si vas a comprar estos audífonos para escucharlos con spotify sería una perdida de dinero.",Hace más d,https://www.mercadolibre.com.mx/auriculares-bluetooth-sony-inalambricos-wh-1000xm5-rosa/p/MLM42305910,Sony,Over-Ear,audífonos maravilla realmente destacan brillan canciones dolby atmos audio plataformas perdida calidad tipo imusic dezzer amazon music ofrecen audio compromido perdida calidad lossless vas comprar audífonos escucharlos spotify perdida dinero,370,0.0,Neutral
1127550531,MLM42305910,Sony WH-1000XM5 Over-Ear,Mercado Libre,5.0,"Me pareció una gran compra, son más ligeros que unos airopds max y evidentemente mucho más baratos, la calidad es buena y el microfono muy bien.",Hace más d,https://www.mercadolibre.com.mx/auriculares-bluetooth-sony-inalambricos-wh-1000xm5-rosa/p/MLM42305910,Sony,Over-Ear,pareció gran compra ligeros airopds max evidentemente baratos calidad buena microfono bien,144,0.0,Neutral
989468898,MLM42305910,Sony WH-1000XM5 Over-Ear,Mercado Libre,5.0,"La mejor compra que he hecho, la cancelación de ruido es de otro nivel 🤟🏿 solo le faltaría un poco mas de bajos, pero por lo demás es excelente.",Hace más d,https://www.mercadolibre.com.mx/auriculares-bluetooth-sony-inalambricos-wh-1000xm5-rosa/p/MLM42305910,Sony,Over-Ear,mejor compra hecho cancelación ruido nivel solo faltaría mas bajos demás excelente,144,0.0,Neutral
976349166,MLM42305910,Sony WH-1000XM5 Over-Ear,Mercado Libre,5.0,"La verdad no sé le puede pedir más, la calidad del audio y la cancelación de ruido son excelentes, los bajos son totalmente diferentes cuando se utiliza la supresión de sonido.",Hace más d,https://www.mercadolibre.com.mx/auriculares-bluetooth-sony-inalambricos-wh-1000xm5-rosa/p/MLM42305910,Sony,Over-Ear,verdad puede pedir calidad audio cancelación ruido excelentes bajos totalmente diferentes utiliza supresión sonido,176,0.0,Neutral
968994817,MLM42305910,Sony WH-1000XM5 Over-Ear,Mercado Libre,5.0,El sonido está bien buenos bajos en la aplicación puedes configurar el ecualizador que quieras o uno personalizado.,Hace más d,https://www.mercadolibre.com.mx/auriculares-bluetooth-sony-inalambricos-wh-1000xm5-rosa/p/MLM42305910,Sony,Over-Ear,sonido bien buenos bajos aplicación puedes configurar ecualizador quieras personalizado,115,0.0,Neutral
898348021,MLM42305910,Sony WH-1000XM5 Over-Ear,Mercado Libre,5.0,Los mejores audífonos que he tenido.,Hace más d,https://www.mercadolibre.com.mx/auriculares-bluetooth-sony-inalambricos-wh-1000xm5-rosa/p/MLM42305910,Sony,Over-Ear,mejores audífonos,36,0.0,Neutral
619374605,MLM42305910,Sony WH-1000XM5 Over-Ear,Mercado Libre,5.0,Los mejores audífonos over the ear que hay en el mercado sin dudas.,Hace más d,https://www.mercadolibre.com.mx/auriculares-bluetooth-sony-inalambricos-wh-1000xm5-rosa/p/MLM42305910,Sony,Over-Ear,mejores audífonos over the ear mercado dudas,67,0.0,Neutral
318918259,MLM42305910,Sony WH-1000XM5 Over-Ear,Mercado Libre,5.0,Los mejores audifonos.,Hace más d,https://www.mercadolibre.com.mx/auriculares-bluetooth-sony-inalambricos-wh-1000xm5-rosa/p/MLM42305910,Sony,Over-Ear,mejores audifonos,22,0.0,Neutral
2897753533,MLM42305910,Sony WH-1000XM5 Over-Ear,Mercado Libre,5.0,"Sonido: excelente la castidad de sonido. Comodidad: muy ligeros. Excelente compra, no son pesados, la cancelación de ruido excelente.",Hace 2 mes,https://www.mercadolibre.com.mx/auriculares-bluetooth-sony-inalambricos-wh-1000xm5-rosa/p/MLM42305910,Sony,Over-Ear,sonido excelente castidad sonido comodidad ligeros excelente compra pesados cancelación ruido excelente,133,0.0,Neutral
1722295219,MLM42305910,Sony WH-1000XM5 Over-Ear,Mercado Libre,5.0,"Está genial, suenan espectacular me gusta mucho escuchar música fuerte sin molestar a nadie más que solo yo y mis canciones favoritas , lo recomiendo está increíble.",Hace 1 año,https://www.mercadolibre.com.mx/auriculares-bluetooth-sony-inalambricos-wh-1000xm5-rosa/p/MLM42305910,Sony,Over-Ear,genial suenan espectacular gusta escuchar música fuerte molestar nadie solo canciones favoritas recomiendo increíble,165,0.0,Neutral
2993718889,MLM42305910,Sony WH-1000XM5 Over-Ear,Mercado Libre,5.0,"Muy buen producto, genial cancelación de ruido y calidad de sonido, recomiendo aplicaciones que permitan mayor tasa de bits para disfrutar mas del producto.",Hace 4 sem,https://www.mercadolibre.com.mx/auriculares-bluetooth-sony-inalambricos-wh-1000xm5-rosa/p/MLM42305910,Sony,Over-Ear,buen producto genial cancelación ruido calidad sonido recomiendo aplicaciones permitan mayor tasa bits disfrutar mas producto,156,0.0,Neutral
3002724348,MLM42305910,Sony WH-1000XM5 Over-Ear,Mercado Libre,5.0,"Aislamiento: excelente cancelación de ruido. Comodidad: se siente el peso de la calidad. Excelentes audífonos, serían fenomenales si estuvieran un poco más baratos, pero en general, valen cada centavo. Incluye estuche de viaje.",Hace 4 sem,https://www.mercadolibre.com.mx/auriculares-bluetooth-sony-inalambricos-wh-1000xm5-rosa/p/MLM42305910,Sony,Over-Ear,aislamiento excelente cancelación ruido comodidad peso calidad excelentes audífonos fenomenales baratos general valen cada centavo incluye estuche viaje,227,0.05,Neutral
2920109707,MLM42305910,Sony WH-1000XM5 Over-Ear,Mercado Libre,5.0,"Materiales: plástico premuon. Comodidad: cómodos y se ajustan bien. Es bueno en el sonido, muy buen sonido, muy buena cancelación de ruido y aguantan muchas horas de reproducción.",Hace 2 mes,https://www.mercadolibre.com.mx/auriculares-bluetooth-sony-inalambricos-wh-1000xm5-rosa/p/MLM42305910,Sony,Over-Ear,materiales plástico premuon comodidad cómodos ajustan bien bueno sonido buen sonido buena cancelación ruido aguantan muchas horas reproducción,179,0.0,Neutral
2642606340,MLM42305910,Sony WH-1000XM5 Over-Ear,Mercado Libre,5.0,"Aislamiento: cancelación de ruido perfecta, calidad perfecta. Sonido: sonido increíble, mucha diferencia con otros que tengo. Son perfectos para el diario, para el gym y para el trabajo, los ocupo 24/7 y ya llevo bastantes años ocupándolos (como tres) y la condición sigue siendo la misma, batería perfecta y tiene una app para modificar cositas!.",Hace 7 mes,https://www.mercadolibre.com.mx/auriculares-bluetooth-sony-inalambricos-wh-1000xm5-rosa/p/MLM42305910,Sony,Over-Ear,aislamiento cancelación ruido perfecta calidad perfecta sonido sonido increíble mucha diferencia perfectos diario gym trabajo ocupo llevo bastantes años ocupándolos tres condición sigue siendo misma batería perfecta app modificar cositas,347,0.0,Neutral
504099661,MLM42305910,Sony WH-1000XM5 Over-Ear,Mercado Libre,5.0,Buenisimo.,Hace más d,https://www.mercadolibre.com.mx/auriculares-bluetooth-sony-inalambricos-wh-1000xm5-rosa/p/MLM42305910,Sony,Over-Ear,buenisimo,10,0.0,Neutral
2735876401,MLM42305910,Sony WH-1000XM5 Over-Ear,Mercado Libre,5.0,"Son caros pero para mi lo valen, llevo comprando esta gama de sony desde el 2020 y no le decepciona. Los uso todo el tiempo.",Hace 5 mes,https://www.mercadolibre.com.mx/auriculares-bluetooth-sony-inalambricos-wh-1000xm5-rosa/p/MLM42305910,Sony,Over-Ear,caros valen llevo comprando gama sony decepciona uso tiempo,124,0.0,Neutral
817938283,MLM42305910,Sony WH-1000XM5 Over-Ear,Mercado Libre,5.0,Buena calidad de sonido y cancelación muy buena.,Hace más d,https://www.mercadolibre.com.mx/auriculares-bluetooth-sony-inalambricos-wh-1000xm5-rosa/p/MLM42305910,Sony,Over-Ear,buena calidad sonido cancelación buena,48,0.0,Neutral
2367570078,MLM42305910,Sony WH-1000XM5 Over-Ear,Mercado Libre,5.0,"Producto 100% original, habia pensado devolverlos porque tenía mis dudas, pero fue cuestión de investigar mas y verificar que los números de serie coincidían con la caja y el del auricular izquierdo, que por cierto trae el número entre la almohadilla y el plástico de la copa es una mini etiqueta y yo estaba en el error de que eran los número que vienen por dentro de la almohadilla, pero todo muy bien.",Hace 10 me,https://www.mercadolibre.com.mx/auriculares-bluetooth-sony-inalambricos-wh-1000xm5-rosa/p/MLM42305910,Sony,Over-Ear,producto original habia pensado devolverlos dudas cuestión investigar mas verificar números serie coincidían caja auricular izquierdo cierto trae número almohadilla plástico copa mini etiqueta error número vienen dentro almohadilla bien,404,0.375,Positivo
2219370160,MLM42305910,Sony WH-1000XM5 Over-Ear,Mercado Libre,4.0,Los mejores nc del mercado. Pero su micrófono para llamadas podría mejorar por el precio.,Hace 1 año,https://www.mercadolibre.com.mx/auriculares-bluetooth-sony-inalambricos-wh-1000xm5-rosa/p/MLM42305910,Sony,Over-Ear,mejores mercado micrófono llamadas podría mejorar precio,89,0.0,Neutral
2080677298,MLM42305910,Sony WH-1000XM5 Over-Ear,Mercado Libre,5.0,"La cancelación para los que usamos mucho transporte público en la cdmx será una pasada, apenas y oyes el ruido en el metro. El sonido lo siento bajo y si tengo que subirle hasta 3/4 pero se oye muy bien la batería y bajo. El micrófono lo pobre en calles de la cdmx y estuvo 9 de 10. Uso iphone y es una buena opción. ✌🏾.",Hace 1 año,https://www.mercadolibre.com.mx/auriculares-bluetooth-sony-inalambricos-wh-1000xm5-rosa/p/MLM42305910,Sony,Over-Ear,cancelación usamos transporte público cdmx pasada apenas oyes ruido metro sonido siento bajo subirle oye bien batería bajo micrófono pobre calles cdmx uso iphone buena opción,320,0.0,Neutral
2001820698,MLM42305910,Sony WH-1000XM5 Over-Ear,Mercado Libre,5.0,"Los mejores audífonos que e adquirido tanto en calidad de sonido, confort.",Hace 1 año,https://www.mercadolibre.com.mx/auriculares-bluetooth-sony-inalambricos-wh-1000xm5-rosa/p/MLM42305910,Sony,Over-Ear,mejores audífonos adquirido calidad sonido confort,74,0.0,Neutral
1642968643,MLM42305910,Sony WH-1000XM5 Over-Ear,Mercado Libre,5.0,Un 10/10 recomendadisimos para los que trabajan en entornos ruidosos.,Hace 1 año,https://www.mercadolibre.com.mx/auriculares-bluetooth-sony-inalambricos-wh-1000xm5-rosa/p/MLM42305910,Sony,Over-Ear,recomendadisimos trabajan entornos ruidosos,69,0.0,Neutral
1525476123,MLM42305910,Sony WH-1000XM5 Over-Ear,Mercado Libre,5.0,"A un año con ellos , los mejores audifonos que hemos tenido.",Hace 1 año,https://www.mercadolibre.com.mx/auriculares-bluetooth-sony-inalambricos-wh-1000xm5-rosa/p/MLM42305910,Sony,Over-Ear,año mejores audifonos,60,0.0,Neutral
1141621938,MLM42305910,Sony WH-1000XM5 Over-Ear,Mercado Libre,5.0,"Uffff, una total belleza el sonido que siempre otorga sony en sus dispositivos. Sin duda los volvería a comprar.",Hace más d,https://www.mercadolibre.com.mx/auriculares-bluetooth-sony-inalambricos-wh-1000xm5-rosa/p/MLM42305910,Sony,Over-Ear,uffff total belleza sonido siempre otorga sony dispositivos duda volvería comprar,112,0.0,Neutral
1121491170,MLM42305910,Sony WH-1000XM5 Over-Ear,Mercado Libre,5.0,Primera vez con cancelación de ruido y es una experiencia increible. Material no se siente tan bueno pero el precio es muy bueno comparando con otros productos similares de otras marcas.,Hace más d,https://www.mercadolibre.com.mx/auriculares-bluetooth-sony-inalambricos-wh-1000xm5-rosa/p/MLM42305910,Sony,Over-Ear,primera vez cancelación ruido experiencia increible material tan bueno precio bueno comparando productos similares marcas,186,0.0,Neutral
1118231919,MLM42305910,Sony WH-1000XM5 Over-Ear,Mercado Libre,5.0,"Muy buen producto, el audio es muy bueno pero para su precio esperaba algo mejor.",Hace más d,https://www.mercadolibre.com.mx/auriculares-bluetooth-sony-inalambricos-wh-1000xm5-rosa/p/MLM42305910,Sony,Over-Ear,buen producto audio bueno precio esperaba mejor,81,0.0,Neutral
1117858467,MLM42305910,Sony WH-1000XM5 Over-Ear,Mercado Libre,5.0,"Me encanta, estaba entre los airpods max y estos y no me arrepiento de haber elegido estos. Cómodos, sus funciones de un lado de los audífonos son muy novedosas y eso les da un plus muy grande. Cancelación de sonido súper bueno y no pesan.",Hace más d,https://www.mercadolibre.com.mx/auriculares-bluetooth-sony-inalambricos-wh-1000xm5-rosa/p/MLM42305910,Sony,Over-Ear,encanta airpods max arrepiento haber elegido cómodos funciones lado audífonos novedosas plus grande cancelación sonido súper bueno pesan,239,0.0,Neutral
1105667627,MLM42305910,Sony WH-1000XM5 Over-Ear,Mercado Libre,5.0,"Los llevo usando medio año y muy buenos audífonos, el precio algo elevado.",Hace más d,https://www.mercadolibre.com.mx/auriculares-bluetooth-sony-inalambricos-wh-1000xm5-rosa/p/MLM42305910,Sony,Over-Ear,llevo usando medio año buenos audífonos precio elevado,74,0.0,Neutral
1088267382,MLM42305910,Sony WH-1000XM5 Over-Ear,Mercado Libre,5.0,Recomendados si eres amante de disfrutar la musica.,Hace más d,https://www.mercadolibre.com.mx/auriculares-bluetooth-sony-inalambricos-wh-1000xm5-rosa/p/MLM42305910,Sony,Over-Ear,recomendados amante disfrutar musica,51,0.0,Neutral
1042413925,MLM42305910,Sony WH-1000XM5 Over-Ear,Mercado Libre,5.0,"Muy recomendados la calidad de sonido me encantó y ni que decir de la cancelación de ruido, es increíblemente buena, sin duda los volvería a comprar 😁.",Hace más d,https://www.mercadolibre.com.mx/auriculares-bluetooth-sony-inalambricos-wh-1000xm5-rosa/p/MLM42305910,Sony,Over-Ear,recomendados calidad sonido encantó decir cancelación ruido increíblemente buena duda volvería comprar,151,0.0,Neutral
1032038221,MLM42305910,Sony WH-1000XM5 Over-Ear,Mercado Libre,5.0,Bueno.,Hace más d,https://www.mercadolibre.com.mx/auriculares-bluetooth-sony-inalambricos-wh-1000xm5-rosa/p/MLM42305910,Sony,Over-Ear,bueno,6,0.0,Neutral
1021247902,MLM42305910,Sony WH-1000XM5 Over-Ear,Mercado Libre,5.0,"Los mejores audífonos que he comprado, la batería dura mucho, la calidad de sonido es muy buena, todo es muy bueno!.",Hace más d,https://www.mercadolibre.com.mx/auriculares-bluetooth-sony-inalambricos-wh-1000xm5-rosa/p/MLM42305910,Sony,Over-Ear,mejores audífonos comprado batería dura calidad sonido buena bueno,116,0.0,Neutral
1010468853,MLM42305910,Sony WH-1000XM5 Over-Ear,Mercado Libre,5.0,"Vengo de los xm3 y aunque no es demasiado perceptible, se nota la diferencia en el sonido. La cancelación de ruido es mucho mejor y los micrófonos cambian mucho. No son demasiado cómodos cuando lo usas por horas (5 o 6 horas seguidas). La batería dura bastnate 👌🏽 una semana, aprox.",Hace más d,https://www.mercadolibre.com.mx/auriculares-bluetooth-sony-inalambricos-wh-1000xm5-rosa/p/MLM42305910,Sony,Over-Ear,vengo aunque demasiado perceptible nota diferencia sonido cancelación ruido mejor micrófonos cambian demasiado cómodos usas horas horas seguidas batería dura bastnate semana aprox,282,0.0,Neutral
999390821,MLM42305910,Sony WH-1000XM5 Over-Ear,Mercado Libre,5.0,"Excelente producto, se siente la calidad.",Hace más d,https://www.mercadolibre.com.mx/auriculares-bluetooth-sony-inalambricos-wh-1000xm5-rosa/p/MLM42305910,Sony,Over-Ear,excelente producto calidad,41,0.0,Neutral
993315917,MLM42305910,Sony WH-1000XM5 Over-Ear,Mercado Libre,5.0,Bueno a secas.,Hace más d,https://www.mercadolibre.com.mx/auriculares-bluetooth-sony-inalambricos-wh-1000xm5-rosa/p/MLM42305910,Sony,Over-Ear,bueno secas,14,0.0,Neutral
985875645,MLM42305910,Sony WH-1000XM5 Over-Ear,Mercado Libre,5.0,Increíble sonido! muy comodos y prácticos.,Hace más d,https://www.mercadolibre.com.mx/auriculares-bluetooth-sony-inalambricos-wh-1000xm5-rosa/p/MLM42305910,Sony,Over-Ear,increíble sonido comodos prácticos,42,0.0,Neutral
982957515,MLM42305910,Sony WH-1000XM5 Over-Ear,Mercado Libre,5.0,"Segunda vez que los compro, pero ahora para mi prometida,. Son los mejores audífonos del 2023 y lo que va del 2024. Sinceramente envuelve con su cancelación de ruido y la distribución de audio es fenomenal.",Hace más d,https://www.mercadolibre.com.mx/auriculares-bluetooth-sony-inalambricos-wh-1000xm5-rosa/p/MLM42305910,Sony,Over-Ear,segunda vez compro ahora prometida mejores audífonos sinceramente envuelve cancelación ruido distribución audio fenomenal,206,0.0,Neutral
984860650,MLM42305910,Sony WH-1000XM5 Over-Ear,Mercado Libre,5.0,"Estoy muy satisfecho con mi compra, volveré a comprar otros iguales pero de diferente color! 😍.",Hace más d,https://www.mercadolibre.com.mx/auriculares-bluetooth-sony-inalambricos-wh-1000xm5-rosa/p/MLM42305910,Sony,Over-Ear,satisfecho compra volveré comprar iguales diferente color,95,0.0,Neutral
970274345,MLM42305910,Sony WH-1000XM5 Over-Ear,Mercado Libre,5.0,"Me encantó, no duden en comprarlos.",Hace más d,https://www.mercadolibre.com.mx/auriculares-bluetooth-sony-inalambricos-wh-1000xm5-rosa/p/MLM42305910,Sony,Over-Ear,encantó duden comprarlos,35,0.0,Neutral
968327196,MLM42305910,Sony WH-1000XM5 Over-Ear,Mercado Libre,5.0,Cumplió con mis expectativas.,Hace más d,https://www.mercadolibre.com.mx/auriculares-bluetooth-sony-inalambricos-wh-1000xm5-rosa/p/MLM42305910,Sony,Over-Ear,cumplió expectativas,29,0.0,Neutral
964861949,MLM42305910,Sony WH-1000XM5 Over-Ear,Mercado Libre,5.0,La mejor compra de audífonos que he hecho en mi vida. Es una computadora literalmente que analiza lo que estás haciendo y permite modular todo. La mejor cancelación de audio que existe.,Hace más d,https://www.mercadolibre.com.mx/auriculares-bluetooth-sony-inalambricos-wh-1000xm5-rosa/p/MLM42305910,Sony,Over-Ear,mejor compra audífonos hecho vida computadora literalmente analiza haciendo permite modular mejor cancelación audio existe,185,0.0,Neutral
960573036,MLM42305910,Sony WH-1000XM5 Over-Ear,Mercado Libre,5.0,"Bueno, después de dos meses de uso intenso puedo decir mi opinión. Los audífonos tienen tres tipo de conexiones: 1. Encendidos con bluetooth; 2. Encendidos con cable y; 3. Apagados con cable. Actualmente utilizo el dac ka5 de fiio con los audífonos apagados y el ecualizador en el tipo de género musical que esté sonando. Probé spotify, amazon music y tidal. Y he de confesar que no logro diferenciar la calidad entre spotify y tidal en calidad máster. Yo honestamente me quedaría con spotify porque no logro determinar diferencia, pero hay que tomar en cuenta que la calidad mejora demasiado con el dac. Compré los audifonos en $5,700. 00 que es lo más barato que los encontré. El precio quiero creer que es alto por las funciones bluetooth que tiene, ya que sí son muy buenas funciones. La tecnología 360 está buena pero como apenas está comenzando no hay mucho material. En la computadora tuve que comprar una configuración tipo dolby atmos para que se escuchará genial al ver películas. Los bajos son muy buenos, llega un punto en el que sientes que estás en un concierto con las vibraciones. La batería me dura demasiado y lo mejor es el poco tiempo que tienes que cargarlos para escuchar un buen rato de música, eso sí la calidad en bluetooth baja abismalmente. Ha sido la mejor compra, yo los recomiendo ampliamente.",Hace más d,https://www.mercadolibre.com.mx/auriculares-bluetooth-sony-inalambricos-wh-1000xm5-rosa/p/MLM42305910,Sony,Over-Ear,bueno después dos meses uso intenso puedo decir opinión audífonos tres tipo conexiones encendidos bluetooth encendidos cable apagados cable actualmente utilizo dac fiio audífonos apagados ecualizador tipo género musical sonando probé spotify amazon music tidal confesar logro diferenciar calidad spotify tidal calidad máster honestamente quedaría spotify logro determinar diferencia tomar cuenta calidad mejora demasiado dac compré audifonos barato encontré precio quiero creer alto funciones bluetooth buenas funciones tecnología buena apenas comenzando material computadora comprar configuración tipo dolby atmos escuchará genial ver películas bajos buenos llega punto sientes concierto vibraciones batería dura demasiado mejor tiempo cargarlos escuchar buen rato música calidad bluetooth baja abismalmente sido mejor compra recomiendo ampliamente,1323,0.0,Neutral
949631037,MLM42305910,Sony WH-1000XM5 Over-Ear,Mercado Libre,5.0,10/10.,Hace más d,https://www.mercadolibre.com.mx/auriculares-bluetooth-sony-inalambricos-wh-1000xm5-rosa/p/MLM42305910,Sony,Over-Ear,,6,0.0,Neutral
938718909,MLM42305910,Sony WH-1000XM5 Over-Ear,Mercado Libre,5.0,Excelente calidad de sonido y gran duración de la pila.,Hace más d,https://www.mercadolibre.com.mx/auriculares-bluetooth-sony-inalambricos-wh-1000xm5-rosa/p/MLM42305910,Sony,Over-Ear,excelente calidad sonido gran duración pila,55,0.0,Neutral
932581850,MLM42305910,Sony WH-1000XM5 Over-Ear,Mercado Libre,5.0,"Los mejores audífonos que he tenido. La calidad del sonido es excelente, tiene una duracion de bateria increible, normalmente solo los cargo 1 vez a la semana y jamas he tenido problemas donde me haya quedado sin pila. Sumando todos los extra que brinda la aplicación es verdaderamente un 10/10.",Hace más d,https://www.mercadolibre.com.mx/auriculares-bluetooth-sony-inalambricos-wh-1000xm5-rosa/p/MLM42305910,Sony,Over-Ear,mejores audífonos calidad sonido excelente duracion bateria increible normalmente solo cargo vez semana jamas problemas quedado pila sumando extra brinda aplicación verdaderamente,295,0.0,Neutral
929471605,MLM42305910,Sony WH-1000XM5 Over-Ear,Mercado Libre,5.0,Totalmente recomendado.,Hace más d,https://www.mercadolibre.com.mx/auriculares-bluetooth-sony-inalambricos-wh-1000xm5-rosa/p/MLM42305910,Sony,Over-Ear,totalmente recomendado,23,0.0,Neutral
910393160,MLM42305910,Sony WH-1000XM5 Over-Ear,Mercado Libre,5.0,Bueno a secas.,Hace más d,https://www.mercadolibre.com.mx/auriculares-bluetooth-sony-inalambricos-wh-1000xm5-rosa/p/MLM42305910,Sony,Over-Ear,bueno secas,14,0.0,Neutral
904999205,MLM42305910,Sony WH-1000XM5 Over-Ear,Mercado Libre,5.0,"El producto es excelente actualmente son los audífonos over-ear tope de gama de la marca sony que para su precio (en descuento) son muy irresistibles para no comprarlos. El sonido es excelente. El modo cancelación de ruido está muy bien, si suprime mucho el ruido. El modo ambiente es muy claro y puedes escuchar muy bien a la gente, pero ahora entiendo a las personas que dicen que se escucha un poco artificial, pero a mí parecer son más que justos. El panel táctil de la derecha es muy intuitivo y fácil le agarras la maña, pero aveces puedes hacer toques accidentales. En mi parecer los wh-1000xm5 de sony son perfectos, los materiales tal vez no sean lo mejor, pero para su precio, lo demás lo hace destacar y mucho. Falta esperar a que nos sorprenden con los 1000xm6.",Hace más d,https://www.mercadolibre.com.mx/auriculares-bluetooth-sony-inalambricos-wh-1000xm5-rosa/p/MLM42305910,Sony,Over-Ear,producto excelente actualmente audífonos overear tope gama marca sony precio descuento irresistibles comprarlos sonido excelente modo cancelación ruido bien suprime ruido modo ambiente claro puedes escuchar bien gente ahora entiendo personas dicen escucha artificial parecer justos panel táctil derecha intuitivo fácil agarras maña aveces puedes hacer toques accidentales parecer whxm sony perfectos materiales tal vez mejor precio demás hace destacar falta esperar sorprenden,773,-0.6,Negativo
898180000,MLM42305910,Sony WH-1000XM5 Over-Ear,Mercado Libre,5.0,Me encanto!!!.,Hace más d,https://www.mercadolibre.com.mx/auriculares-bluetooth-sony-inalambricos-wh-1000xm5-rosa/p/MLM42305910,Sony,Over-Ear,encanto,14,0.0,Neutral
891504784,MLM42305910,Sony WH-1000XM5 Over-Ear,Mercado Libre,5.0,"Muy buen producto, al inicio la cancelación de ruido no cumplía mis expectativas pero con el tiempo me di cuenta de lo buena que es, solo tenía que adaptarme un poco.",Hace más d,https://www.mercadolibre.com.mx/auriculares-bluetooth-sony-inalambricos-wh-1000xm5-rosa/p/MLM42305910,Sony,Over-Ear,buen producto inicio cancelación ruido cumplía expectativas tiempo cuenta buena solo adaptarme,166,0.0,Neutral
888246327,MLM42305910,Sony WH-1000XM5 Over-Ear,Mercado Libre,5.0,"Estoy muy contento con la compra, lo recomiendo.",Hace más d,https://www.mercadolibre.com.mx/auriculares-bluetooth-sony-inalambricos-wh-1000xm5-rosa/p/MLM42305910,Sony,Over-Ear,contento compra recomiendo,48,0.0,Neutral
888541476,MLM42305910,Sony WH-1000XM5 Over-Ear,Mercado Libre,5.0,"Son unos audífonos increíbles, toda la funcionalidad que tiene hacen personalizar tus audífonos a tus preferencias de uso y gusto auditivo aumentando más su comodidad y practicidad.",Hace más d,https://www.mercadolibre.com.mx/auriculares-bluetooth-sony-inalambricos-wh-1000xm5-rosa/p/MLM42305910,Sony,Over-Ear,audífonos increíbles toda funcionalidad hacen personalizar audífonos preferencias uso gusto auditivo aumentando comodidad practicidad,181,0.0,Neutral
885866612,MLM42305910,Sony WH-1000XM5 Over-Ear,Mercado Libre,5.0,Simplemente pectacular!!!.,Hace más d,https://www.mercadolibre.com.mx/auriculares-bluetooth-sony-inalambricos-wh-1000xm5-rosa/p/MLM42305910,Sony,Over-Ear,simplemente pectacular,26,0.0,Neutral
882046008,MLM42305910,Sony WH-1000XM5 Over-Ear,Mercado Libre,5.0,Excelente.,Hace más d,https://www.mercadolibre.com.mx/auriculares-bluetooth-sony-inalambricos-wh-1000xm5-rosa/p/MLM42305910,Sony,Over-Ear,excelente,10,0.0,Neutral
875415750,MLM42305910,Sony WH-1000XM5 Over-Ear,Mercado Libre,5.0,"Me pareció perfecto por la cancelación de ruido para mi hijo de 7 años, el es autista. Solo que resultan incómodos después de un tiempo (tipo 1 hora).",Hace más d,https://www.mercadolibre.com.mx/auriculares-bluetooth-sony-inalambricos-wh-1000xm5-rosa/p/MLM42305910,Sony,Over-Ear,pareció perfecto cancelación ruido hijo años autista solo resultan incómodos después tiempo tipo hora,150,0.0,Neutral
866739874,MLM42305910,Sony WH-1000XM5 Over-Ear,Mercado Libre,5.0,"Caros, pero valen la pena por todo lo que ofrece en calidad.",Hace más d,https://www.mercadolibre.com.mx/auriculares-bluetooth-sony-inalambricos-wh-1000xm5-rosa/p/MLM42305910,Sony,Over-Ear,caros valen pena ofrece calidad,60,0.0,Neutral
860065321,MLM42305910,Sony WH-1000XM5 Over-Ear,Mercado Libre,5.0,"Muy buenos, me encantaron.",Hace más d,https://www.mercadolibre.com.mx/auriculares-bluetooth-sony-inalambricos-wh-1000xm5-rosa/p/MLM42305910,Sony,Over-Ear,buenos encantaron,26,0.0,Neutral
853051993,MLM42305910,Sony WH-1000XM5 Over-Ear,Mercado Libre,5.0,"Excelente producto, un poco caro pero lo vale.",Hace más d,https://www.mercadolibre.com.mx/auriculares-bluetooth-sony-inalambricos-wh-1000xm5-rosa/p/MLM42305910,Sony,Over-Ear,excelente producto caro vale,46,0.0,Neutral
848030912,MLM42305910,Sony WH-1000XM5 Over-Ear,Mercado Libre,5.0,Excelente producto.,Hace más d,https://www.mercadolibre.com.mx/auriculares-bluetooth-sony-inalambricos-wh-1000xm5-rosa/p/MLM42305910,Sony,Over-Ear,excelente producto,19,0.0,Neutral
844754177,MLM42305910,Sony WH-1000XM5 Over-Ear,Mercado Libre,5.0,Una maravilla.,Hace más d,https://www.mercadolibre.com.mx/auriculares-bluetooth-sony-inalambricos-wh-1000xm5-rosa/p/MLM42305910,Sony,Over-Ear,maravilla,14,0.0,Neutral
843198139,MLM42305910,Sony WH-1000XM5 Over-Ear,Mercado Libre,5.0,Buena compra.,Hace más d,https://www.mercadolibre.com.mx/auriculares-bluetooth-sony-inalambricos-wh-1000xm5-rosa/p/MLM42305910,Sony,Over-Ear,buena compra,13,0.0,Neutral
832792405,MLM42305910,Sony WH-1000XM5 Over-Ear,Mercado Libre,5.0,"De nuevo sony lo volvió a hacer. Excelente cancelación de ruido pasiva y activa. Excelente sonido y comodidad. Buenos materiales, acabado premium.",Hace más d,https://www.mercadolibre.com.mx/auriculares-bluetooth-sony-inalambricos-wh-1000xm5-rosa/p/MLM42305910,Sony,Over-Ear,nuevo sony volvió hacer excelente cancelación ruido pasiva activa excelente sonido comodidad buenos materiales acabado premium,146,0.0,Neutral
832003899,MLM42305910,Sony WH-1000XM5 Over-Ear,Mercado Libre,5.0,"Sin duda lo mejor , se nota el cambio , recomendados al 100.",Hace más d,https://www.mercadolibre.com.mx/auriculares-bluetooth-sony-inalambricos-wh-1000xm5-rosa/p/MLM42305910,Sony,Over-Ear,duda mejor nota cambio recomendados,60,0.0,Neutral
832848166,MLM42305910,Sony WH-1000XM5 Over-Ear,Mercado Libre,5.0,Calidad. Sonido. Material. Sony es sony.,Hace más d,https://www.mercadolibre.com.mx/auriculares-bluetooth-sony-inalambricos-wh-1000xm5-rosa/p/MLM42305910,Sony,Over-Ear,calidad sonido material sony sony,40,0.0,Neutral
822620365,MLM42305910,Sony WH-1000XM5 Over-Ear,Mercado Libre,5.0,"Vengo de utilizar beats y la verdad es que me encantaron estos audífonos, son muy fáciles de usar y configurar, la calidad de sonido es excelente y la cancelación de ruido buenísima, con los beats es cansado usar lentes al mismo tiempo, con estos audífonos es mucho más cómodo.",Hace más d,https://www.mercadolibre.com.mx/auriculares-bluetooth-sony-inalambricos-wh-1000xm5-rosa/p/MLM42305910,Sony,Over-Ear,vengo utilizar beats verdad encantaron audífonos fáciles usar configurar calidad sonido excelente cancelación ruido buenísima beats cansado usar lentes mismo tiempo audífonos cómodo,277,0.0,Neutral
818499471,MLM42305910,Sony WH-1000XM5 Over-Ear,Mercado Libre,5.0,"Calidad de sonido fenomenal, cancelación de ruido muy efectivo.",Hace más d,https://www.mercadolibre.com.mx/auriculares-bluetooth-sony-inalambricos-wh-1000xm5-rosa/p/MLM42305910,Sony,Over-Ear,calidad sonido fenomenal cancelación ruido efectivo,63,0.0,Neutral
816153499,MLM42305910,Sony WH-1000XM5 Over-Ear,Mercado Libre,5.0,"Son lo mejor que hay. Pero están muy caros, y así es la cosa: quieres algo bueno y lo tienes que pagar.",Hace más d,https://www.mercadolibre.com.mx/auriculares-bluetooth-sony-inalambricos-wh-1000xm5-rosa/p/MLM42305910,Sony,Over-Ear,mejor caros así cosa quieres bueno pagar,103,0.0,Neutral
814939222,MLM42305910,Sony WH-1000XM5 Over-Ear,Mercado Libre,5.0,"Las personas que digan que no tienen buenos graves debe ser que no los saben configurar o de plano tienen un oído muy exigente. Y los que dicen que tienen un volumen bajo a caso están sordos o quieren quedar así?. Simplemente son los mejores audífonos que eh tenido realmente son lo que esperaba, son caros pero nos gusta la calidad de audio y estos audífonos ofrecen una calidad excepcional.",Hace más d,https://www.mercadolibre.com.mx/auriculares-bluetooth-sony-inalambricos-wh-1000xm5-rosa/p/MLM42305910,Sony,Over-Ear,personas digan buenos graves debe ser saben configurar plano oído exigente dicen volumen bajo caso sordos quieren quedar así simplemente mejores audífonos realmente esperaba caros gusta calidad audio audífonos ofrecen calidad excepcional,392,0.0,Neutral
814589796,MLM42305910,Sony WH-1000XM5 Over-Ear,Mercado Libre,5.0,Los. Mejores audifonos que he tenido.,Hace más d,https://www.mercadolibre.com.mx/auriculares-bluetooth-sony-inalambricos-wh-1000xm5-rosa/p/MLM42305910,Sony,Over-Ear,mejores audifonos,37,0.0,Neutral
814063554,MLM42305910,Sony WH-1000XM5 Over-Ear,Mercado Libre,5.0,"Muy bueno, viene en empaque sellado, original y excelente calidad. 10 de 10. Recomendado.",Hace más d,https://www.mercadolibre.com.mx/auriculares-bluetooth-sony-inalambricos-wh-1000xm5-rosa/p/MLM42305910,Sony,Over-Ear,bueno viene empaque sellado original excelente calidad recomendado,89,0.375,Positivo
810840782,MLM42305910,Sony WH-1000XM5 Over-Ear,Mercado Libre,5.0,"Muy buenos audífonos, excelente cancelación de ruido y muy buen sonido, no he presentado ningún problema de conexión o interferencia con el bluetooth, muy cómodos.",Hace más d,https://www.mercadolibre.com.mx/auriculares-bluetooth-sony-inalambricos-wh-1000xm5-rosa/p/MLM42305910,Sony,Over-Ear,buenos audífonos excelente cancelación ruido buen sonido presentado ningún problema conexión interferencia bluetooth cómodos,163,0.0,Neutral
801120616,MLM42305910,Sony WH-1000XM5 Over-Ear,Mercado Libre,5.0,"Excelente compra, de los mejores audífonos que he probado vale totalmente la pena.",Hace más d,https://www.mercadolibre.com.mx/auriculares-bluetooth-sony-inalambricos-wh-1000xm5-rosa/p/MLM42305910,Sony,Over-Ear,excelente compra mejores audífonos probado vale totalmente pena,82,0.0,Neutral
800040958,MLM42305910,Sony WH-1000XM5 Over-Ear,Mercado Libre,5.0,La cancelación de ruido es excelente y por los 5mil que costó me parece maravilloso.,Hace más d,https://www.mercadolibre.com.mx/auriculares-bluetooth-sony-inalambricos-wh-1000xm5-rosa/p/MLM42305910,Sony,Over-Ear,cancelación ruido excelente mil costó parece maravilloso,84,0.0,Neutral
790716446,MLM42305910,Sony WH-1000XM5 Over-Ear,Mercado Libre,5.0,"En general los audífonos son buenos la calidad del audio es muy buena, aunque los plásticos se sienten muy frágiles.",Hace más d,https://www.mercadolibre.com.mx/auriculares-bluetooth-sony-inalambricos-wh-1000xm5-rosa/p/MLM42305910,Sony,Over-Ear,general audífonos buenos calidad audio buena aunque plásticos sienten frágiles,116,0.05,Neutral
784795024,MLM42305910,Sony WH-1000XM5 Over-Ear,Mercado Libre,5.0,Simplemente es hermoso. Solo que se ensucia muy rápido.,Hace más d,https://www.mercadolibre.com.mx/auriculares-bluetooth-sony-inalambricos-wh-1000xm5-rosa/p/MLM42305910,Sony,Over-Ear,simplemente hermoso solo ensucia rápido,55,0.0,Neutral
769416527,MLM42305910,Sony WH-1000XM5 Over-Ear,Mercado Libre,5.0,Muy buen producto ya descargue la aplicación y me gustó que lo puedo configurar para que nada más se pueda escuchar solo con mi telefono.,Hace más d,https://www.mercadolibre.com.mx/auriculares-bluetooth-sony-inalambricos-wh-1000xm5-rosa/p/MLM42305910,Sony,Over-Ear,buen producto descargue aplicación gustó puedo configurar pueda escuchar solo telefono,137,0.0,Neutral
756718104,MLM42305910,Sony WH-1000XM5 Over-Ear,Mercado Libre,5.0,La cancelación de audio es muy buena.,Hace más d,https://www.mercadolibre.com.mx/auriculares-bluetooth-sony-inalambricos-wh-1000xm5-rosa/p/MLM42305910,Sony,Over-Ear,cancelación audio buena,37,0.0,Neutral
732292466,MLM42305910,Sony WH-1000XM5 Over-Ear,Mercado Libre,5.0,Excelente calidad de sonido. Batallé mucho para elegir entre otros audífonos de gama similar. La conectividad de estos es muy buena. En cuanto a sonido tiene enfoque en las frecuencias graves y agudas dandole un sonido potente.,Hace más d,https://www.mercadolibre.com.mx/auriculares-bluetooth-sony-inalambricos-wh-1000xm5-rosa/p/MLM42305910,Sony,Over-Ear,excelente calidad sonido batallé elegir audífonos gama similar conectividad buena cuanto sonido enfoque frecuencias graves agudas dandole sonido potente,227,0.0,Neutral
728005222,MLM42305910,Sony WH-1000XM5 Over-Ear,Mercado Libre,5.0,Se esuchan de maravilla pero sony cada vez mete materiales de menor calidad en los materiales de sus audifonos premium.,Hace más d,https://www.mercadolibre.com.mx/auriculares-bluetooth-sony-inalambricos-wh-1000xm5-rosa/p/MLM42305910,Sony,Over-Ear,esuchan maravilla sony cada vez mete materiales menor calidad materiales audifonos premium,119,0.0,Neutral
727072851,MLM42305910,Sony WH-1000XM5 Over-Ear,Mercado Libre,5.0,Estan bonitos. Pero bien caritos jajaja. Pero pues ya saben. Actualmente están entre los mejores auriculares del mercado y con una de las mejores cancelaciones de ruido. Que más les puedo decir. Sony hace productos excelentes.,Hace más d,https://www.mercadolibre.com.mx/auriculares-bluetooth-sony-inalambricos-wh-1000xm5-rosa/p/MLM42305910,Sony,Over-Ear,estan bonitos bien caritos jajaja pues saben actualmente mejores auriculares mercado mejores cancelaciones ruido puedo decir sony hace productos excelentes,226,0.0,Neutral
716272815,MLM42305910,Sony WH-1000XM5 Over-Ear,Mercado Libre,5.0,Para el gym si no eres de los q sudan demaciado son perfectos por su inividor de sonido.,Hace más d,https://www.mercadolibre.com.mx/auriculares-bluetooth-sony-inalambricos-wh-1000xm5-rosa/p/MLM42305910,Sony,Over-Ear,gym sudan demaciado perfectos inividor sonido,88,0.0,Neutral
716853496,MLM42305910,Sony WH-1000XM5 Over-Ear,Mercado Libre,5.0,"No lo dudes son por mucho los mejores audífonos, además conectado al control del ps y usar la cancelación de ruido es lo mejor.",Hace más d,https://www.mercadolibre.com.mx/auriculares-bluetooth-sony-inalambricos-wh-1000xm5-rosa/p/MLM42305910,Sony,Over-Ear,dudes mejores audífonos además conectado control usar cancelación ruido mejor,127,0.0,Neutral
692292107,MLM42305910,Sony WH-1000XM5 Over-Ear,Mercado Libre,5.0,"Cómodos, excelente cancelación de ruido, sonido muy agradable, buenos para llamadas o incluso conferencias. Hasta ahora, mis favoritos.",Hace más d,https://www.mercadolibre.com.mx/auriculares-bluetooth-sony-inalambricos-wh-1000xm5-rosa/p/MLM42305910,Sony,Over-Ear,cómodos excelente cancelación ruido sonido agradable buenos llamadas incluso conferencias ahora favoritos,135,0.0,Neutral
691343328,MLM42305910,Sony WH-1000XM5 Over-Ear,Mercado Libre,5.0,"Los audífonos tienen un sonido excepcional, las características de los materiales se ven de primera, veremos que tan resistente es.",Hace más d,https://www.mercadolibre.com.mx/auriculares-bluetooth-sony-inalambricos-wh-1000xm5-rosa/p/MLM42305910,Sony,Over-Ear,audífonos sonido excepcional características materiales ven primera veremos tan resistente,131,0.0,Neutral
653977203,MLM42305910,Sony WH-1000XM5 Over-Ear,Mercado Libre,5.0,Cancelación de ruido excelente. Realmente cómodos y muy buena calidad de audio.,Hace más d,https://www.mercadolibre.com.mx/auriculares-bluetooth-sony-inalambricos-wh-1000xm5-rosa/p/MLM42305910,Sony,Over-Ear,cancelación ruido excelente realmente cómodos buena calidad audio,79,0.0,Neutral
622315861,MLM42305910,Sony WH-1000XM5 Over-Ear,Mercado Libre,5.0,"Excelente producto, solo que no es para lugares con climas calidos.",Hace más d,https://www.mercadolibre.com.mx/auriculares-bluetooth-sony-inalambricos-wh-1000xm5-rosa/p/MLM42305910,Sony,Over-Ear,excelente producto solo lugares climas calidos,67,0.0,Neutral
598741333,MLM42305910,Sony WH-1000XM5 Over-Ear,Mercado Libre,5.0,"No puedo terminar de decir lo impresionada que estoy con el producto. Es todo lo que esperaba y mas. No soy experta en sonido ni mucho menos, pero si me gusta mucho un sonido de calidad y la tecnología por lo que estos sony han sido la mezcla perfecta y encajaron perfecto en lo que estaba buscando!. Algo que me ha dejado un sabor de boca algo raro es las apps que tienes que bajar tanto para configurar el dispositivo como para el sonido 360 pero nuevamente vale completamente la pena, soy usuaria de iphone y la integración e interacción con el sistema operativo es buena, normal diría yo y se controla todo completamente desde la app de los audífonos.",Hace más d,https://www.mercadolibre.com.mx/auriculares-bluetooth-sony-inalambricos-wh-1000xm5-rosa/p/MLM42305910,Sony,Over-Ear,puedo terminar decir impresionada producto esperaba mas experta sonido menos gusta sonido calidad tecnología sony sido mezcla perfecta encajaron perfecto buscando dejado sabor boca raro apps bajar configurar dispositivo sonido nuevamente vale completamente pena usuaria iphone integración interacción sistema operativo buena normal diría controla completamente app audífonos,655,0.15,Positivo
594225395,MLM42305910,Sony WH-1000XM5 Over-Ear,Mercado Libre,5.0,"¡¡¡una maravilla!!!, tenga los 1000xm4 y estos 1000xm5 no me decepcionaron, sony lo volvió hacer, valen 1000% la pena comprarlos, te los recomiendo!!!.",Hace más d,https://www.mercadolibre.com.mx/auriculares-bluetooth-sony-inalambricos-wh-1000xm5-rosa/p/MLM42305910,Sony,Over-Ear,maravilla decepcionaron sony volvió hacer valen pena comprarlos recomiendo,151,0.0,Neutral
423184572,MLM42305910,Sony WH-1000XM5 Over-Ear,Mercado Libre,5.0,"Muy buenos tiene un exelente cancelacion de ruido ,.",Hace más d,https://www.mercadolibre.com.mx/auriculares-bluetooth-sony-inalambricos-wh-1000xm5-rosa/p/MLM42305910,Sony,Over-Ear,buenos exelente cancelacion ruido,52,0.0,Neutral
397597797,MLM42305910,Sony WH-1000XM5 Over-Ear,Mercado Libre,5.0,"Sin duda alguna, lo mejor en sonido y cancelación de ruido. No me arrepiento de esta compra.",Hace más d,https://www.mercadolibre.com.mx/auriculares-bluetooth-sony-inalambricos-wh-1000xm5-rosa/p/MLM42305910,Sony,Over-Ear,duda alguna mejor sonido cancelación ruido arrepiento compra,92,0.0,Neutral
393894050,MLM42305910,Sony WH-1000XM5 Over-Ear,Mercado Libre,4.0,"Muy bueno, duración de batería, calidad de sonido y con su práctico estuche.",Hace más d,https://www.mercadolibre.com.mx/auriculares-bluetooth-sony-inalambricos-wh-1000xm5-rosa/p/MLM42305910,Sony,Over-Ear,bueno duración batería calidad sonido práctico estuche,76,0.0,Neutral
359652792,MLM42305910,Sony WH-1000XM5 Over-Ear,Mercado Libre,5.0,"La aplicación para los audífonos hace que los aproveches al máximo, puedes ecualizarlos a tu gusto, los mejores audífonos que he tenido!!!.",Hace más d,https://www.mercadolibre.com.mx/auriculares-bluetooth-sony-inalambricos-wh-1000xm5-rosa/p/MLM42305910,Sony,Over-Ear,aplicación audífonos hace aproveches máximo puedes ecualizarlos gusto mejores audífonos,139,0.0,Neutral
323066521,MLM42305910,Sony WH-1000XM5 Over-Ear,Mercado Libre,5.0,Excelente.,Hace más d,https://www.mercadolibre.com.mx/auriculares-bluetooth-sony-inalambricos-wh-1000xm5-rosa/p/MLM42305910,Sony,Over-Ear,excelente,10,0.0,Neutral
322456385,MLM42305910,Sony WH-1000XM5 Over-Ear,Mercado Libre,5.0,Buen producto.,Hace más d,https://www.mercadolibre.com.mx/auriculares-bluetooth-sony-inalambricos-wh-1000xm5-rosa/p/MLM42305910,Sony,Over-Ear,buen producto,14,0.0,Neutral
2943221301,MLM42305910,Sony WH-1000XM5 Over-Ear,Mercado Libre,5.0,"Materiales: muy comodo. Aislamiento: el mejor aislamiento que he tenido. La mejor compra que he hecho en mucho tiempo, tiene un muy buen aislamiento de sonido, la funda de los audífonos es otro bono, muy satisfecha con mi compra.",Hace 1 mes,https://www.mercadolibre.com.mx/auriculares-bluetooth-sony-inalambricos-wh-1000xm5-rosa/p/MLM42305910,Sony,Over-Ear,materiales comodo aislamiento mejor aislamiento mejor compra hecho tiempo buen aislamiento sonido funda audífonos bono satisfecha compra,229,0.0,Neutral
2590899015,MLM42305910,Sony WH-1000XM5 Over-Ear,Mercado Libre,5.0,,Hace 7 mes,https://www.mercadolibre.com.mx/auriculares-bluetooth-sony-inalambricos-wh-1000xm5-rosa/p/MLM42305910,Sony,Over-Ear,,0,0.0,Neutral
1377566861,MLM42305910,Sony WH-1000XM5 Over-Ear,Mercado Libre,5.0,"Excelentes audífonos, una vez que pruebas el aislamiento de ruidos, es como experimentar una realidad distinta. Una maravilla.",Hace más d,https://www.mercadolibre.com.mx/auriculares-bluetooth-sony-inalambricos-wh-1000xm5-rosa/p/MLM42305910,Sony,Over-Ear,excelentes audífonos vez pruebas aislamiento ruidos experimentar realidad distinta maravilla,126,0.0,Neutral
1853200710,MLM42305910,Sony WH-1000XM5 Over-Ear,Mercado Libre,4.0,,Hace 1 año,https://www.mercadolibre.com.mx/auriculares-bluetooth-sony-inalambricos-wh-1000xm5-rosa/p/MLM42305910,Sony,Over-Ear,,0,0.0,Neutral
1292972152,MLM42305910,Sony WH-1000XM5 Over-Ear,Mercado Libre,5.0,"Me encantaron los audífonos, una experiencia con el sonido nunca antes escuchada, estoy muy contento con la compra.",Hace más d,https://www.mercadolibre.com.mx/auriculares-bluetooth-sony-inalambricos-wh-1000xm5-rosa/p/MLM42305910,Sony,Over-Ear,encantaron audífonos experiencia sonido nunca escuchada contento compra,115,0.0,Neutral
2909671385,MLM42305910,Sony WH-1000XM5 Over-Ear,Mercado Libre,5.0,"Aislamiento: excelente cancelación de ruido. Sonido: graves profundos y claridad en agudos. Cuentan con una cancelación de ruido bastante buena, me gusta el sistema adaptativo que toma de tu entorno para alternar la cancelación de ruido. Tiene unos graves buenos y agudos nítidos sin llegar a alguna distorsión, un punto a tomar en cuenta es que son un imán de huellas así que los tendrás que limpiar constantemente.",Hace 2 mes,https://www.mercadolibre.com.mx/auriculares-bluetooth-sony-inalambricos-wh-1000xm5-rosa/p/MLM42305910,Sony,Over-Ear,aislamiento excelente cancelación ruido sonido graves profundos claridad agudos cuentan cancelación ruido bastante buena gusta sistema adaptativo toma entorno alternar cancelación ruido graves buenos agudos nítidos llegar alguna distorsión punto tomar cuenta imán huellas así limpiar constantemente,416,0.0,Neutral
2856823420,MLM42305910,Sony WH-1000XM5 Over-Ear,Mercado Libre,5.0,"Aislamiento: ecxelente cancelación de ruido. Comodidad: no pesan casi nada, se ajustan muy bien. De los mejores audífonos del mercado, si te gusta la calidad de audio y escucharlo en una ecxelente calidad estos son unos audífonos bastante recomendables. En el envío llegaron bastante rápido y sin ningún detalle.",Hace 3 mes,https://www.mercadolibre.com.mx/auriculares-bluetooth-sony-inalambricos-wh-1000xm5-rosa/p/MLM42305910,Sony,Over-Ear,aislamiento ecxelente cancelación ruido comodidad pesan casi ajustan bien mejores audífonos mercado gusta calidad audio escucharlo ecxelente calidad audífonos bastante recomendables envío llegaron bastante rápido ningún detalle,312,0.0,Neutral
2769642676,MLM42305910,Sony WH-1000XM5 Over-Ear,Mercado Libre,5.0,"Producto original, calidad increíble, duración de la batería muy muy buena, incluye su cable de carga usb y su cable de 3. 5, lo único de lo que me arrepiento es no haberlos comprado antes.",Hace 5 mes,https://www.mercadolibre.com.mx/auriculares-bluetooth-sony-inalambricos-wh-1000xm5-rosa/p/MLM42305910,Sony,Over-Ear,producto original calidad increíble duración batería buena incluye cable carga usb cable único arrepiento haberlos comprado,189,0.375,Positivo
2750446880,MLM42305910,Sony WH-1000XM5 Over-Ear,Mercado Libre,4.0,"Buenos audífonos, cancelación de ruido buena, perooo si usan iphone no se escuchan tan bien como en un android.",Hace 5 mes,https://www.mercadolibre.com.mx/auriculares-bluetooth-sony-inalambricos-wh-1000xm5-rosa/p/MLM42305910,Sony,Over-Ear,buenos audífonos cancelación ruido buena perooo usan iphone escuchan tan bien android,111,0.0,Neutral
2532931818,MLM42305910,Sony WH-1000XM5 Over-Ear,Mercado Libre,4.0,"Una muy buena calidad de sonido, y una excelente cancelación activa de ruido, la batería me suele durar entre a 4 días con un uso moderado, y casi 3 días con uso intensivo junto con la cancelación de ruido activada, el uso del auxiliar le da mas intensidad y potencia al sonido siendo muy versátil para conectar los audífonos a distintos dispositivos, ya sea teléfonos laptop o pcs. Lo único ""malo"" que les encuentro es la facilidad en que se manchan con las huellas de los dedos pero no te afecta en nada a tu experiencia principal que es el audio, lo que si no me gustó es la diadema que al ser tan delgada te lástima al pasar unos 30 minutos o 1 hora, aunque la puedes mover unos cm en tu cabeza para que no te moleste tanto. Aunque esto puede variar según sea la forma de tu cabeza o si ya estas acostumbrado a este tipo de audífonos.",Hace 8 mes,https://www.mercadolibre.com.mx/auriculares-bluetooth-sony-inalambricos-wh-1000xm5-rosa/p/MLM42305910,Sony,Over-Ear,buena calidad sonido excelente cancelación activa ruido batería suele durar días uso moderado casi días uso intensivo junto cancelación ruido activada uso auxiliar mas intensidad potencia sonido siendo versátil conectar audífonos distintos dispositivos teléfonos laptop pcs único malo encuentro facilidad manchan huellas dedos afecta experiencia principal audio gustó diadema ser tan delgada lástima pasar minutos hora aunque puedes mover cabeza moleste aunque puede variar según forma cabeza acostumbrado tipo audífonos,838,0.0,Neutral
2187133081,MLM42305910,Sony WH-1000XM5 Over-Ear,Mercado Libre,5.0,,Hace 1 año,https://www.mercadolibre.com.mx/auriculares-bluetooth-sony-inalambricos-wh-1000xm5-rosa/p/MLM42305910,Sony,Over-Ear,,0,0.0,Neutral
2004617013,MLM42305910,Sony WH-1000XM5 Over-Ear,Mercado Libre,5.0,"Me gustó, la cancelación de ruido es de lo mejor, los micrófonos funcionan mucho que la antigua generación y muy buena autonomía.",Hace 1 año,https://www.mercadolibre.com.mx/auriculares-bluetooth-sony-inalambricos-wh-1000xm5-rosa/p/MLM42305910,Sony,Over-Ear,gustó cancelación ruido mejor micrófonos funcionan antigua generación buena autonomía,129,0.0,Neutral
1624913543,MLM42305910,Sony WH-1000XM5 Over-Ear,Mercado Libre,5.0,God.,Hace 1 año,https://www.mercadolibre.com.mx/auriculares-bluetooth-sony-inalambricos-wh-1000xm5-rosa/p/MLM42305910,Sony,Over-Ear,god,4,0.0,Neutral
1310512264,MLM42305910,Sony WH-1000XM5 Over-Ear,Mercado Libre,5.0,,Hace más d,https://www.mercadolibre.com.mx/auriculares-bluetooth-sony-inalambricos-wh-1000xm5-rosa/p/MLM42305910,Sony,Over-Ear,,0,0.0,Neutral
3051983952,MLM42305910,Sony WH-1000XM5 Over-Ear,Mercado Libre,5.0,Comodidad: muy cómodos. De muy buena calidad de materiales y un audio inigualable.,Hoy,https://www.mercadolibre.com.mx/auriculares-bluetooth-sony-inalambricos-wh-1000xm5-rosa/p/MLM42305910,Sony,Over-Ear,comodidad cómodos buena calidad materiales audio inigualable,82,0.0,Neutral
3043837734,MLM42305910,Sony WH-1000XM5 Over-Ear,Mercado Libre,5.0,"Ya casi 1 año con ellos y me siguen pareciendo de lo mejor en audio y comodidad, lo unico malo es que te hacen sudar las orejas cuando se siente calor pero nada fuera de lo comun.",Hace 5 día,https://www.mercadolibre.com.mx/auriculares-bluetooth-sony-inalambricos-wh-1000xm5-rosa/p/MLM42305910,Sony,Over-Ear,casi año siguen pareciendo mejor audio comodidad unico malo hacen sudar orejas calor comun,179,0.0,Neutral
3021128781,MLM42305910,Sony WH-1000XM5 Over-Ear,Mercado Libre,5.0,10/10.,Hace 1 sem,https://www.mercadolibre.com.mx/auriculares-bluetooth-sony-inalambricos-wh-1000xm5-rosa/p/MLM42305910,Sony,Over-Ear,,6,0.0,Neutral
2999875794,MLM42305910,Sony WH-1000XM5 Over-Ear,Mercado Libre,5.0,"Sonido: excelente calidad, como todos los sony xm. Materiales: el plástico está bien pero no se siente de gama alta falta metal. Valen completamente la pena, audio perfecto.",Hace 4 sem,https://www.mercadolibre.com.mx/auriculares-bluetooth-sony-inalambricos-wh-1000xm5-rosa/p/MLM42305910,Sony,Over-Ear,sonido excelente calidad sony materiales plástico bien gama alta falta metal valen completamente pena audio perfecto,173,0.0,Neutral
2968152787,MLM42305910,Sony WH-1000XM5 Over-Ear,Mercado Libre,5.0,"Aislamiento: la cancelación es excelente. Materiales: material de muy buena calidad. Estos audífonos son un sueño, con la aplicación se mejora increíblemente la calidad del sonido. Definitivamente los mejores auriculares que he probado en mi vida.",Hace 1 mes,https://www.mercadolibre.com.mx/auriculares-bluetooth-sony-inalambricos-wh-1000xm5-rosa/p/MLM42305910,Sony,Over-Ear,aislamiento cancelación excelente materiales material buena calidad audífonos sueño aplicación mejora increíblemente calidad sonido definitivamente mejores auriculares probado vida,247,0.0,Neutral
2945817767,MLM42305910,Sony WH-1000XM5 Over-Ear,Mercado Libre,5.0,Sonido: equilibrado. Materiales: premium. Una experiencia.,Hace 1 mes,https://www.mercadolibre.com.mx/auriculares-bluetooth-sony-inalambricos-wh-1000xm5-rosa/p/MLM42305910,Sony,Over-Ear,sonido equilibrado materiales premium experiencia,58,0.0,Neutral
2929692383,MLM42305910,Sony WH-1000XM5 Over-Ear,Mercado Libre,5.0,"Aislamiento: es la primera vez que tengo unos así y estoy muy satisfecho con el aislamiento. Sonido: ecualizado de buena manera el sonido es simplemente genial. Que no son plegables, son el modelo siguiente.",Hace 2 mes,https://www.mercadolibre.com.mx/auriculares-bluetooth-sony-inalambricos-wh-1000xm5-rosa/p/MLM42305910,Sony,Over-Ear,aislamiento primera vez así satisfecho aislamiento sonido ecualizado buena manera sonido simplemente genial plegables modelo siguiente,207,0.0,Neutral
2919601537,MLM42305910,Sony WH-1000XM5 Over-Ear,Mercado Libre,5.0,Materiales: muy buenos es plastico. Comodidad: se ajustan bien. Tiene buen peso y se ajustan muy bien pero despues de un rato da calor usarlos.,Hace 2 mes,https://www.mercadolibre.com.mx/auriculares-bluetooth-sony-inalambricos-wh-1000xm5-rosa/p/MLM42305910,Sony,Over-Ear,materiales buenos plastico comodidad ajustan bien buen peso ajustan bien despues rato calor usarlos,143,0.0,Neutral
2895521790,MLM42305910,Sony WH-1000XM5 Over-Ear,Mercado Libre,5.0,"Sonido: claridad al 100. Comodidad: muy comodos. La verdad era justo lo que esperaba. Super comodos con bloqueador de sonido, ai tienes musica y vas por la calle y necesitas hablar automaticamente se apaga la musica. 10/10.",Hace 2 mes,https://www.mercadolibre.com.mx/auriculares-bluetooth-sony-inalambricos-wh-1000xm5-rosa/p/MLM42305910,Sony,Over-Ear,sonido claridad comodidad comodos verdad justo esperaba super comodos bloqueador sonido musica vas calle necesitas hablar automaticamente apaga musica,223,0.333,Positivo
2880348517,MLM42305910,Sony WH-1000XM5 Over-Ear,Mercado Libre,5.0,,Hace 2 mes,https://www.mercadolibre.com.mx/auriculares-bluetooth-sony-inalambricos-wh-1000xm5-rosa/p/MLM42305910,Sony,Over-Ear,,0,0.0,Neutral
2830715949,MLM42305910,Sony WH-1000XM5 Over-Ear,Mercado Libre,5.0,"Excelente producto, me encantan. Solo un detalle con la funda, de un lado no está rígida, fuera de eso todo genial con los auriculares.",Hace 3 mes,https://www.mercadolibre.com.mx/auriculares-bluetooth-sony-inalambricos-wh-1000xm5-rosa/p/MLM42305910,Sony,Over-Ear,excelente producto encantan solo detalle funda lado rígida genial auriculares,135,0.0,Neutral
2825612881,MLM42305910,Sony WH-1000XM5 Over-Ear,Mercado Libre,5.0,"Sonido: increíble calidad en todos géneros musicales. Comodidad: quedan a la perfección y no molestan. Execelentes audífonos, su calidad y durabilidad son de lo mejor.",Hace 3 mes,https://www.mercadolibre.com.mx/auriculares-bluetooth-sony-inalambricos-wh-1000xm5-rosa/p/MLM42305910,Sony,Over-Ear,sonido increíble calidad géneros musicales comodidad quedan perfección molestan execelentes audífonos calidad durabilidad mejor,167,0.0,Neutral
2773628173,MLM42305910,Sony WH-1000XM5 Over-Ear,Mercado Libre,5.0,Excelente producto y sonido.,Hace 4 mes,https://www.mercadolibre.com.mx/auriculares-bluetooth-sony-inalambricos-wh-1000xm5-rosa/p/MLM42305910,Sony,Over-Ear,excelente producto sonido,28,0.0,Neutral
2724693685,MLM42305910,Sony WH-1000XM5 Over-Ear,Mercado Libre,5.0,"Son originales, la página es la tienda oficial. La cancelación de ruido es muy buena y estética son bonitos y cómodos.",Hace 5 mes,https://www.mercadolibre.com.mx/auriculares-bluetooth-sony-inalambricos-wh-1000xm5-rosa/p/MLM42305910,Sony,Over-Ear,originales página tienda oficial cancelación ruido buena estética bonitos cómodos,118,0.0,Neutral
2733186470,MLM42305910,Sony WH-1000XM5 Over-Ear,Mercado Libre,5.0,"Venía en su empaque original, todo sellado, la aplicación es fácil de usar, tiene 3 modos de supresión de ruido exterior, también si estas escuchando música y hablas se detiene eso se puede configurar, carga muy rápido, se conecta muy rápido bluetooth, el estuche tiene tapa dura.",Hace 5 mes,https://www.mercadolibre.com.mx/auriculares-bluetooth-sony-inalambricos-wh-1000xm5-rosa/p/MLM42305910,Sony,Over-Ear,venía empaque original sellado aplicación fácil usar modos supresión ruido exterior escuchando música hablas detiene puede configurar carga rápido conecta rápido bluetooth estuche tapa dura,280,0.375,Positivo
2706789565,MLM42305910,Sony WH-1000XM5 Over-Ear,Mercado Libre,5.0,"Materiales: textura es buena pero no se siente muy premium. Comodidad: muy cómodos a pesar de que no son muy ligeros. Buenos para cancelación de ruido pero el volumen falta , tienes que personalizar el eq.",Hace 6 mes,https://www.mercadolibre.com.mx/auriculares-bluetooth-sony-inalambricos-wh-1000xm5-rosa/p/MLM42305910,Sony,Over-Ear,materiales textura buena premium comodidad cómodos pesar ligeros buenos cancelación ruido volumen falta personalizar,205,0.0,Neutral
2701009024,MLM42305910,Sony WH-1000XM5 Over-Ear,Mercado Libre,5.0,Excelente calidad de audio. Muy buena duración de batería. La mejor cancelación de sonido que he probado. Gestos táctiles fáciles de usar. Cómodo para largos periodos de uso.,Hace 6 mes,https://www.mercadolibre.com.mx/auriculares-bluetooth-sony-inalambricos-wh-1000xm5-rosa/p/MLM42305910,Sony,Over-Ear,excelente calidad audio buena duración batería mejor cancelación sonido probado gestos táctiles fáciles usar cómodo largos periodos uso,174,0.0,Neutral
2673075921,MLM42305910,Sony WH-1000XM5 Over-Ear,Mercado Libre,5.0,"Diría que son de lo mejor que puedes conseguir sin irte a extremos con el precio, justo al límite.",Hace 6 mes,https://www.mercadolibre.com.mx/auriculares-bluetooth-sony-inalambricos-wh-1000xm5-rosa/p/MLM42305910,Sony,Over-Ear,diría mejor puedes conseguir irte extremos precio justo límite,98,0.0,Neutral
2667320532,MLM42305910,Sony WH-1000XM5 Over-Ear,Mercado Libre,5.0,La neta la calidad del sonido es genial! me encantaron ✨ para el gym son geniales solo se resbalan poquititito cuando haces peso muerto pero de ahí en fuera todo genial. 10000/10.,Hace 6 mes,https://www.mercadolibre.com.mx/auriculares-bluetooth-sony-inalambricos-wh-1000xm5-rosa/p/MLM42305910,Sony,Over-Ear,neta calidad sonido genial encantaron gym geniales solo resbalan poquititito haces peso muerto ahí genial,179,0.0,Neutral
2636468349,MLM42305910,Sony WH-1000XM5 Over-Ear,Mercado Libre,5.0,"Materiales: materiales suaves. Sonido: excelente sonido y cancelación de ruido, buenos graves. La caja un poco maltratada, pero el interior en perfectas condiciones. Excelente sonido y cancelación de ruido.",Hace 7 mes,https://www.mercadolibre.com.mx/auriculares-bluetooth-sony-inalambricos-wh-1000xm5-rosa/p/MLM42305910,Sony,Over-Ear,materiales materiales suaves sonido excelente sonido cancelación ruido buenos graves caja maltratada interior perfectas condiciones excelente sonido cancelación ruido,206,0.0,Neutral
2632213116,MLM42305910,Sony WH-1000XM5 Over-Ear,Mercado Libre,5.0,,Hace 7 mes,https://www.mercadolibre.com.mx/auriculares-bluetooth-sony-inalambricos-wh-1000xm5-rosa/p/MLM42305910,Sony,Over-Ear,,0,0.0,Neutral
2626849380,MLM42305910,Sony WH-1000XM5 Over-Ear,Mercado Libre,5.0,"El sonido es muy bueno, el material de los audífonos es muy suave y la cancelación del ruido es execelente. Lo único que no me agrado tanto es que se traspasa la música que estás escuchando hacia el exterior.",Hace 7 mes,https://www.mercadolibre.com.mx/auriculares-bluetooth-sony-inalambricos-wh-1000xm5-rosa/p/MLM42305910,Sony,Over-Ear,sonido bueno material audífonos suave cancelación ruido execelente único agrado traspasa música escuchando hacia exterior,208,0.0,Neutral
2618422769,MLM42305910,Sony WH-1000XM5 Over-Ear,Mercado Libre,5.0,"Si buscas cancelación de sonido , este producto es ideal, inclusive al lado del metro, a un 80 u 85%, 😉 si es lo que promete. El diseño del estuche elegante, diseño de audifonos igual, sencillos & elegantes, además no me dolieron mis orejas aún después de casi 4 hrs seguidas de uso.",Hace 7 mes,https://www.mercadolibre.com.mx/auriculares-bluetooth-sony-inalambricos-wh-1000xm5-rosa/p/MLM42305910,Sony,Over-Ear,buscas cancelación sonido producto ideal inclusive lado metro promete diseño estuche elegante diseño audifonos igual sencillos elegantes además dolieron orejas aún después casi hrs seguidas uso,283,0.9,Positivo
2619799458,MLM42305910,Sony WH-1000XM5 Over-Ear,Mercado Libre,5.0,"Son originales, muy buena calidad, el sonido es bueno y el cancelamiento de ruido es muy bueno, se conecta sin problemas a dos dispositivos al mismo tiempo.",Hace 7 mes,https://www.mercadolibre.com.mx/auriculares-bluetooth-sony-inalambricos-wh-1000xm5-rosa/p/MLM42305910,Sony,Over-Ear,originales buena calidad sonido bueno cancelamiento ruido bueno conecta problemas dos dispositivos mismo tiempo,156,0.0,Neutral
2579593769,MLM42305910,Sony WH-1000XM5 Over-Ear,Mercado Libre,5.0,"Me encantaron! aún no sé cómo configurarlos al 100 pero el sonido está perfecto incluso con bajo volumen, casi no estaba acostumbrada a audífonos de diadema y no me pesan ni lastiman, son originales, todo muy bien.",Hace 7 mes,https://www.mercadolibre.com.mx/auriculares-bluetooth-sony-inalambricos-wh-1000xm5-rosa/p/MLM42305910,Sony,Over-Ear,encantaron aún cómo configurarlos sonido perfecto incluso bajo volumen casi acostumbrada audífonos diadema pesan lastiman originales bien,214,0.0,Neutral
2542465279,MLM42305910,Sony WH-1000XM5 Over-Ear,Mercado Libre,5.0,"Me encantó el diseño, aunque le queda a deber mucho la cancelación de ruido.",Hace 8 mes,https://www.mercadolibre.com.mx/auriculares-bluetooth-sony-inalambricos-wh-1000xm5-rosa/p/MLM42305910,Sony,Over-Ear,encantó diseño aunque queda deber cancelación ruido,76,0.0,Neutral
2517032317,MLM42305910,Sony WH-1000XM5 Over-Ear,Mercado Libre,5.0,"Calidad de audio excepcional, comodos y duracion de bateria impresionante!! 💯.",Hace 8 mes,https://www.mercadolibre.com.mx/auriculares-bluetooth-sony-inalambricos-wh-1000xm5-rosa/p/MLM42305910,Sony,Over-Ear,calidad audio excepcional comodos duracion bateria impresionante,78,0.0,Neutral
2515961667,MLM42305910,Sony WH-1000XM5 Over-Ear,Mercado Libre,5.0,"Si quieres escuchar música en alta calidad, estos audífonos son los que buscas, me sorprendió la mejora del sonido y me encanta mi compra, además de la larga duración de la pila, recomendable estos audífonos.",Hace 8 mes,https://www.mercadolibre.com.mx/auriculares-bluetooth-sony-inalambricos-wh-1000xm5-rosa/p/MLM42305910,Sony,Over-Ear,quieres escuchar música alta calidad audífonos buscas sorprendió mejora sonido encanta compra además larga duración pila recomendable audífonos,208,0.0,Neutral
2506075839,MLM42305910,Sony WH-1000XM5 Over-Ear,Mercado Libre,5.0,"Excelente sonido, perfectos para escuchar música. Conectados directo a la computadora o con un driver suenas aún mejor.",Hace 8 mes,https://www.mercadolibre.com.mx/auriculares-bluetooth-sony-inalambricos-wh-1000xm5-rosa/p/MLM42305910,Sony,Over-Ear,excelente sonido perfectos escuchar música conectados directo computadora driver suenas aún mejor,119,0.0,Neutral
2181732000,MLM42305910,Sony WH-1000XM5 Over-Ear,Mercado Libre,5.0,"Excelente calidad, nunca había tenido unos audífonos así. Son cute y muy muy buenos. La pila me dura aprox 3 días en horario laboral, así que tiene muy buen aguante. Tiene una excelente cancelación de ruido y ayuda bastante el control táctil del casco derecho.",Hace 1 año,https://www.mercadolibre.com.mx/auriculares-bluetooth-sony-inalambricos-wh-1000xm5-rosa/p/MLM42305910,Sony,Over-Ear,excelente calidad nunca audífonos así cute buenos pila dura aprox días horario laboral así buen aguante excelente cancelación ruido ayuda bastante control táctil casco derecho,260,0.5,Positivo
1583277211,MLM42305910,Sony WH-1000XM5 Over-Ear,Mercado Libre,5.0,"Es un producto muy bueno, tiende a conectarse fácilmente y tiene muchas funciones útiles, sin dudarlo lo recomiendo 100%.",Hace 1 año,https://www.mercadolibre.com.mx/auriculares-bluetooth-sony-inalambricos-wh-1000xm5-rosa/p/MLM42305910,Sony,Over-Ear,producto bueno tiende conectarse fácilmente muchas funciones útiles dudarlo recomiendo,121,0.0,Neutral
1187742866,MLM42305910,Sony WH-1000XM5 Over-Ear,Mercado Libre,5.0,"Justo lo que esperaba. Gran calidad de audio y la duracion de bateria es inmejorable, ligeros y comodos perfectos para el trabajo, el gym o simplemente disfrutar de la musica. Sin duda uno de los mejores del mercado por su precio.",Hace más d,https://www.mercadolibre.com.mx/auriculares-bluetooth-sony-inalambricos-wh-1000xm5-rosa/p/MLM42305910,Sony,Over-Ear,justo esperaba gran calidad audio duracion bateria inmejorable ligeros comodos perfectos trabajo gym simplemente disfrutar musica duda mejores mercado precio,230,0.0,Neutral
849369124,MLM42305910,Sony WH-1000XM5 Over-Ear,Mercado Libre,5.0,,Hace más d,https://www.mercadolibre.com.mx/auriculares-bluetooth-sony-inalambricos-wh-1000xm5-rosa/p/MLM42305910,Sony,Over-Ear,,0,0.0,Neutral
3042098781,MLM42305910,Sony WH-1000XM5 Over-Ear,Mercado Libre,5.0,Muy buenos para entrenar en el gym para escuchar música y también si saben ecualizar en la aplicación los puedes personalizar a tu gusto y no es difícil.,Hoy,https://www.mercadolibre.com.mx/auriculares-bluetooth-sony-inalambricos-wh-1000xm5-rosa/p/MLM42305910,Sony,Over-Ear,buenos entrenar gym escuchar música saben ecualizar aplicación puedes personalizar gusto difícil,153,0.0,Neutral
3032161014,MLM42305910,Sony WH-1000XM5 Over-Ear,Mercado Libre,4.0,"Me gustan pero los devolví porque no son plegables, el estuche es mas estorboso y ademas el aislamiento mejoro en la siguiente versión.",Hace 1 sem,https://www.mercadolibre.com.mx/auriculares-bluetooth-sony-inalambricos-wh-1000xm5-rosa/p/MLM42305910,Sony,Over-Ear,gustan devolví plegables estuche mas estorboso ademas aislamiento mejoro siguiente versión,135,0.0,Neutral
2998226921,MLM42305910,Sony WH-1000XM5 Over-Ear,Mercado Libre,5.0,"Comodidad: ligeros y muy cómodos al tacto. Sonido: el sonido es espectacular, no importa si te gustan los graves o agudos. Una compra que vale cada centavo, son los segundos audífonos de este tipo que compro de la marca, los primeros fueron unos ult y por eso me animé a dar el siguiente paso en la gama de sony, estos son los que le siguen a los ult y evolucionan en cada aspecto, en especial, en el apartado estético, son un 10/10.",Hace 3 sem,https://www.mercadolibre.com.mx/auriculares-bluetooth-sony-inalambricos-wh-1000xm5-rosa/p/MLM42305910,Sony,Over-Ear,comodidad ligeros cómodos tacto sonido sonido espectacular importa gustan graves agudos compra vale cada centavo segundos audífonos tipo compro marca primeros ult animé dar siguiente paso gama sony siguen ult evolucionan cada aspecto especial apartado estético,433,0.0,Neutral
2995895406,MLM42305910,Sony WH-1000XM5 Over-Ear,Mercado Libre,5.0,Muy buen producto.,Hace 1 mes,https://www.mercadolibre.com.mx/auriculares-bluetooth-sony-inalambricos-wh-1000xm5-rosa/p/MLM42305910,Sony,Over-Ear,buen producto,18,0.0,Neutral
2960250163,MLM42305910,Sony WH-1000XM5 Over-Ear,Mercado Libre,5.0,"Comodidad: no lastima, ajustan a tu cabeza y no se resbalan. Materiales: bonito tono en color y material. Si funciona la cancelación de ruido y la app funciona muy bien.",Hace 1 mes,https://www.mercadolibre.com.mx/auriculares-bluetooth-sony-inalambricos-wh-1000xm5-rosa/p/MLM42305910,Sony,Over-Ear,comodidad lastima ajustan cabeza resbalan materiales bonito tono color material funciona cancelación ruido app funciona bien,169,0.0,Neutral
2952957807,MLM42305910,Sony WH-1000XM5 Over-Ear,Mercado Libre,5.0,"Materiales: la calidad de los audífonos se siente super top y con sus almohadillas muy cómodas. Sonido: se nota la diferencia con los audífonos más economicos. La cancelación de ruido marca mucho la diferencia , en el transporte público aún con música alta ni siquiera se llega a notar el precio podrá ser un poco elevado pero vale mucho la pena y más que los sony incluso de versiones más económicos siempre son super duraderos.",Hace 1 mes,https://www.mercadolibre.com.mx/auriculares-bluetooth-sony-inalambricos-wh-1000xm5-rosa/p/MLM42305910,Sony,Over-Ear,materiales calidad audífonos super top almohadillas cómodas sonido nota diferencia audífonos economicos cancelación ruido marca diferencia transporte público aún música alta siquiera llega notar precio podrá ser elevado vale pena sony incluso versiones económicos siempre super duraderos,429,0.389,Positivo
2938265139,MLM42305910,Sony WH-1000XM5 Over-Ear,Mercado Libre,4.0,"Comodidad: normal, algo incómodo al saber que si no los usas bien se te pueden romper. Materiales: plástico, se sienten bien. Que tengan cuidado porque hay muchas muchísimos comentarios que se pueden romper de la bisagra. Yo antes de que se me rompan compre una protección para las bisagras pero me costó algo cara esa cosa, debes saber que no los puedes poner en tu cuello, abrir mucho, guardar en tu mochila sin el estuche porque se te pueden romper. Del audio están bien pero sonaban mejor los anker space one pro, solo que esos los devolví porque se empezaron a pelar, sin embargo, sonaban mejor. Escucho más rock y metal, no los recomiendo para esos géneros, solo para música popular, rock en español sin el volumen al 100, música electrónica, rap aveces. No los compren solo por la marca, no le piden nada a los anker, lo único que tienen esto es que se ven lujosos y la marca sony.",Hace 2 mes,https://www.mercadolibre.com.mx/auriculares-bluetooth-sony-inalambricos-wh-1000xm5-rosa/p/MLM42305910,Sony,Over-Ear,comodidad normal incómodo saber usas bien pueden romper materiales plástico sienten bien cuidado muchas muchísimos comentarios pueden romper bisagra rompan compre protección bisagras costó cara cosa debes saber puedes poner cuello abrir guardar mochila estuche pueden romper audio bien sonaban mejor anker space one pro solo devolví empezaron pelar embargo sonaban mejor escucho rock metal recomiendo géneros solo música popular rock español volumen música electrónica rap aveces compren solo marca piden anker único ven lujosos marca sony,888,0.375,Positivo
2931680465,MLM42305910,Sony WH-1000XM5 Over-Ear,Mercado Libre,5.0,Sonido: de buena calidad. Aislamiento: cancelación de ruido muy buena.,Hace 2 mes,https://www.mercadolibre.com.mx/auriculares-bluetooth-sony-inalambricos-wh-1000xm5-rosa/p/MLM42305910,Sony,Over-Ear,sonido buena calidad aislamiento cancelación ruido buena,70,0.0,Neutral
2935549420,MLM42305910,Sony WH-1000XM5 Over-Ear,Mercado Libre,5.0,"Comodidad: ajuste perfecto. Sonido: alta calidad. Es la mejor compra que he realizado, la inversión se nota y bastante. Música se aprecia excelente, conferencias aísla perfectamente el ruido de ambiente y quita distorsiones de los hablantes. 10/10.",Hace 2 mes,https://www.mercadolibre.com.mx/auriculares-bluetooth-sony-inalambricos-wh-1000xm5-rosa/p/MLM42305910,Sony,Over-Ear,comodidad ajuste perfecto sonido alta calidad mejor compra realizado inversión nota bastante música aprecia excelente conferencias aísla perfectamente ruido ambiente quita distorsiones hablantes,248,0.0,Neutral
2915543766,MLM42305910,Sony WH-1000XM5 Over-Ear,Mercado Libre,5.0,Comodidad: me quedaron un poco grandes. Sonido: son muy buenos incluso conectándolas al tv. No te vas a arrepentir de esta compra.,Hace 2 mes,https://www.mercadolibre.com.mx/auriculares-bluetooth-sony-inalambricos-wh-1000xm5-rosa/p/MLM42305910,Sony,Over-Ear,comodidad quedaron grandes sonido buenos incluso conectándolas vas arrepentir compra,130,0.0,Neutral
2882109873,MLM42305910,Sony WH-1000XM5 Over-Ear,Mercado Libre,5.0,Excelentes audifonos es la primera ves que compró de gama alta y sin duda estoy satisfecho. Hay ocasiones en las que si es necesario cambiar el modo entre uno y otro pero todo bien. Para impartir clases en linea el microfono y la cancelación de ruido son de primer nivel.,Hace 2 mes,https://www.mercadolibre.com.mx/auriculares-bluetooth-sony-inalambricos-wh-1000xm5-rosa/p/MLM42305910,Sony,Over-Ear,excelentes audifonos primera ves compró gama alta duda satisfecho ocasiones necesario cambiar modo bien impartir clases linea microfono cancelación ruido primer nivel,271,0.0,Neutral
2885177582,MLM42305910,Sony WH-1000XM5 Over-Ear,Mercado Libre,5.0,"Comodidad: son bastante cómodos. Aislamiento: la cancelación pasiva es bastante buena , por eso la activa casi no la uso no es necesario la mayor parte del tiempo. Lo peor es que se apagan constantemente de la nada y es un problema que de ninguna forma logré arreglar, ese sería el problema más grande y parece que le sucede a la mayoría.",Hace 3 mes,https://www.mercadolibre.com.mx/auriculares-bluetooth-sony-inalambricos-wh-1000xm5-rosa/p/MLM42305910,Sony,Over-Ear,comodidad bastante cómodos aislamiento cancelación pasiva bastante buena activa casi uso necesario mayor parte tiempo peor apagan constantemente problema ninguna forma logré arreglar problema grande parece sucede mayoría,338,0.0,Neutral
2883302374,MLM42305910,Sony WH-1000XM5 Over-Ear,Mercado Libre,5.0,Aislamiento: espectaculares. Sonido: creo que les hace falta un poquito de punch pero todo muy bien. Recomendados.,Hace 3 mes,https://www.mercadolibre.com.mx/auriculares-bluetooth-sony-inalambricos-wh-1000xm5-rosa/p/MLM42305910,Sony,Over-Ear,aislamiento espectaculares sonido creo hace falta poquito punch bien recomendados,114,0.0,Neutral
2872924077,MLM42305910,Sony WH-1000XM5 Over-Ear,Mercado Libre,5.0,"Sonido: buenos graves, buenos agudos, excelente cancelación de ruido. Materiales: excelente material. 2 meses después de uso. No me ha fallado en absoluto incluso con uso intensivo. He notado que aun que especifique que no resiste al agua, si llega a soportar la lluvia ligera y el sudor. Recomendado %100.",Hace 3 mes,https://www.mercadolibre.com.mx/auriculares-bluetooth-sony-inalambricos-wh-1000xm5-rosa/p/MLM42305910,Sony,Over-Ear,sonido buenos graves buenos agudos excelente cancelación ruido materiales excelente material meses después uso fallado absoluto incluso uso intensivo notado aun especifique resiste agua llega soportar lluvia ligera sudor recomendado,306,0.0,Neutral
2874250242,MLM42305910,Sony WH-1000XM5 Over-Ear,Mercado Libre,5.0,"Son unos excelentes audífonos, especialmente si los consigues en alguna buena oferta se vuelven totalmente irresistibles. Sin embargo, hay algo que es destacable aclarar para aquellas personas que son muy amantes del audio, y es que estos audífonos no tienen una curva de ecualización particularmente plana, por lo cual si buscas algo muy ""fiel"" al sonido balanceado, estos podrían no ser tu mejor elección. Dicho lo cual, para los que simplemente quieren disfrutar música o incluso para aquellos que quieren algo de una calidad de audio muy buena y están dispuestos a ecualizarlos, son una maravillosa adquisición.",Hace 3 mes,https://www.mercadolibre.com.mx/auriculares-bluetooth-sony-inalambricos-wh-1000xm5-rosa/p/MLM42305910,Sony,Over-Ear,excelentes audífonos especialmente consigues alguna buena oferta vuelven totalmente irresistibles embargo destacable aclarar aquellas personas amantes audio audífonos curva ecualización particularmente plana buscas fiel sonido balanceado podrían ser mejor elección dicho simplemente quieren disfrutar música incluso aquellos quieren calidad audio buena dispuestos ecualizarlos maravillosa adquisición,615,0.0,Neutral
2862492775,MLM42305910,Sony WH-1000XM5 Over-Ear,Mercado Libre,5.0,"Ligeros, cómodos, excelente textura, el sonido es de muy buena calidad.",Hace 3 mes,https://www.mercadolibre.com.mx/auriculares-bluetooth-sony-inalambricos-wh-1000xm5-rosa/p/MLM42305910,Sony,Over-Ear,ligeros cómodos excelente textura sonido buena calidad,71,0.0,Neutral
2860302419,MLM42305910,Sony WH-1000XM5 Over-Ear,Mercado Libre,5.0,Aislamiento: buena cancelación. Materiales: excelentes materiales.,Hace 3 mes,https://www.mercadolibre.com.mx/auriculares-bluetooth-sony-inalambricos-wh-1000xm5-rosa/p/MLM42305910,Sony,Over-Ear,aislamiento buena cancelación materiales excelentes materiales,66,0.0,Neutral
2863792646,MLM42305910,Sony WH-1000XM5 Over-Ear,Mercado Libre,5.0,"Sonido: claro, con buenos bajos. Aislamiento: en un 80%. Los compré porque no podía concentrarme en la oficina con tanto ruido, funcionan perfecto, me aíslan el 80% del ruido, y 95% si pongo algún tipo de sonido (en mi caso pongo ruido blanco). Viene con estuche rígido y cables, pero el app permite conexión de múltiples dispositivos.",Hace 3 mes,https://www.mercadolibre.com.mx/auriculares-bluetooth-sony-inalambricos-wh-1000xm5-rosa/p/MLM42305910,Sony,Over-Ear,sonido claro buenos bajos aislamiento compré podía concentrarme oficina ruido funcionan perfecto aíslan ruido pongo algún tipo sonido caso pongo ruido blanco viene estuche rígido cables app permite conexión múltiples dispositivos,335,0.0,Neutral
2863478860,MLM42305910,Sony WH-1000XM5 Over-Ear,Mercado Libre,5.0,"Excelentes, la mejor cancelación de ruido que he tenido, muy cómodos.",Hace 3 mes,https://www.mercadolibre.com.mx/auriculares-bluetooth-sony-inalambricos-wh-1000xm5-rosa/p/MLM42305910,Sony,Over-Ear,excelentes mejor cancelación ruido cómodos,69,0.0,Neutral
2849987569,MLM42305910,Sony WH-1000XM5 Over-Ear,Mercado Libre,5.0,Son muy buenos audifonos y tienen buen sistema de audio ademas de ser prácticos. Solo despues de tenerlos un rato lastima la diadema pero son buenos.,Hace 3 mes,https://www.mercadolibre.com.mx/auriculares-bluetooth-sony-inalambricos-wh-1000xm5-rosa/p/MLM42305910,Sony,Over-Ear,buenos audifonos buen sistema audio ademas ser prácticos solo despues tenerlos rato lastima diadema buenos,149,0.0,Neutral
2847369926,MLM42305910,Sony WH-1000XM5 Over-Ear,Mercado Libre,5.0,"Aislamiento: super bien la cancelación de ruido y modo ambiente. Sonido: calidad del sonido son los mejores. Excelente compra, solo los cambiará por la versión más actual, el costo es super bueno para la calidad del producto, me gustaron mucho, llevo ya un año con ellos y siguen como nuevos.",Hace 3 mes,https://www.mercadolibre.com.mx/auriculares-bluetooth-sony-inalambricos-wh-1000xm5-rosa/p/MLM42305910,Sony,Over-Ear,aislamiento super bien cancelación ruido modo ambiente sonido calidad sonido mejores excelente compra solo cambiará versión actual costo super bueno calidad producto gustaron llevo año siguen nuevos,292,0.222,Positivo
2838548944,MLM42305910,Sony WH-1000XM5 Over-Ear,Mercado Libre,5.0,La cancelación de ruido es muy buena y me gusta la duración de la batería y sobre todo el audio es muy bueno solo que me molesta que no se pueda girar.,Hace 3 mes,https://www.mercadolibre.com.mx/auriculares-bluetooth-sony-inalambricos-wh-1000xm5-rosa/p/MLM42305910,Sony,Over-Ear,cancelación ruido buena gusta duración batería audio bueno solo molesta pueda girar,151,0.0,Neutral
2825396037,MLM42305910,Sony WH-1000XM5 Over-Ear,Mercado Libre,5.0,"Aislamiento: muy buen aislamiento aveces me hablan y yo ni en cuenta. Sonido: muy buenos bajos intermedios , y con ecualizador de vuelve versátil. Muy buen producto materiales resistentes cómodos y de calidad , y el audio ni se diga 10/10.",Hace 3 mes,https://www.mercadolibre.com.mx/auriculares-bluetooth-sony-inalambricos-wh-1000xm5-rosa/p/MLM42305910,Sony,Over-Ear,aislamiento buen aislamiento aveces hablan cuenta sonido buenos bajos intermedios ecualizador vuelve versátil buen producto materiales resistentes cómodos calidad audio diga,239,0.0,Neutral
2798512027,MLM42305910,Sony WH-1000XM5 Over-Ear,Mercado Libre,5.0,Es un producto de excelente calidad. 100% recomendable. Tiene cancelación de ruido muy eficaz.,Hace 4 mes,https://www.mercadolibre.com.mx/auriculares-bluetooth-sony-inalambricos-wh-1000xm5-rosa/p/MLM42305910,Sony,Over-Ear,producto excelente calidad recomendable cancelación ruido eficaz,94,0.0,Neutral
2772238802,MLM42305910,Sony WH-1000XM5 Over-Ear,Mercado Libre,5.0,"Están muy bien. Justo lo que esperaba, los configuras y todo bien.",Hace 5 mes,https://www.mercadolibre.com.mx/auriculares-bluetooth-sony-inalambricos-wh-1000xm5-rosa/p/MLM42305910,Sony,Over-Ear,bien justo esperaba configuras bien,66,0.0,Neutral
2759189351,MLM42305910,Sony WH-1000XM5 Over-Ear,Mercado Libre,5.0,"Materiales: se sienten de calidad. Aislamiento: tienen buen aislamiento. Es un producto un poco costoso, pero creo que vale la pena, aunque podrían considerar otras opciones si lo que quieren es mayor sonido, sin embargo el desempeño de estos es bastante decente. Los bajos son buenos, pero no super intensos, se aprecian de manera comoda, los agudos son sueves. El único inconveniente es el peso, si los vas a utilizar en el transportes público no los recomiendo, despues la diadema de aplasta un poco la cabeza. De ahí en fuera son muy buenos. Cabe decir que son mis primeros sony y estoy contento con ellos como audifonos de entrada.",Hace 5 mes,https://www.mercadolibre.com.mx/auriculares-bluetooth-sony-inalambricos-wh-1000xm5-rosa/p/MLM42305910,Sony,Over-Ear,materiales sienten calidad aislamiento buen aislamiento producto costoso creo vale pena aunque podrían considerar opciones quieren mayor sonido embargo desempeño bastante decente bajos buenos super intensos aprecian manera comoda agudos sueves único inconveniente peso vas utilizar transportes público recomiendo despues diadema aplasta cabeza ahí buenos cabe decir primeros sony contento audifonos entrada,636,-0.167,Negativo
2752566864,MLM42305910,Sony WH-1000XM5 Over-Ear,Mercado Libre,5.0,Muy bien eso es.,Hace 5 mes,https://www.mercadolibre.com.mx/auriculares-bluetooth-sony-inalambricos-wh-1000xm5-rosa/p/MLM42305910,Sony,Over-Ear,bien,16,0.0,Neutral
2748336132,MLM42305910,Sony WH-1000XM5 Over-Ear,Mercado Libre,5.0,Muy buen producto lo recomiendo.,Hace 5 mes,https://www.mercadolibre.com.mx/auriculares-bluetooth-sony-inalambricos-wh-1000xm5-rosa/p/MLM42305910,Sony,Over-Ear,buen producto recomiendo,32,0.0,Neutral
2737527947,MLM42305910,Sony WH-1000XM5 Over-Ear,Mercado Libre,5.0,"Me gusta que cuando detecta mi voz, puedo hablar con las personas sin necesidad de quitarme los audífonos.",Hace 5 mes,https://www.mercadolibre.com.mx/auriculares-bluetooth-sony-inalambricos-wh-1000xm5-rosa/p/MLM42305910,Sony,Over-Ear,gusta detecta voz puedo hablar personas necesidad quitarme audífonos,106,0.0,Neutral
2733742549,MLM42305910,Sony WH-1000XM5 Over-Ear,Mercado Libre,5.0,,Hace 5 mes,https://www.mercadolibre.com.mx/auriculares-bluetooth-sony-inalambricos-wh-1000xm5-rosa/p/MLM42305910,Sony,Over-Ear,,0,0.0,Neutral
2724604851,MLM42305910,Sony WH-1000XM5 Over-Ear,Mercado Libre,5.0,"Nuevos y originales, tienen un sonido espectacular con buena cancelación de ruido, los volvería a comprar. La mejor compra que he realizado.",Hace 5 mes,https://www.mercadolibre.com.mx/auriculares-bluetooth-sony-inalambricos-wh-1000xm5-rosa/p/MLM42305910,Sony,Over-Ear,nuevos originales sonido espectacular buena cancelación ruido volvería comprar mejor compra realizado,140,0.0,Neutral
2724546261,MLM42305910,Sony WH-1000XM5 Over-Ear,Mercado Libre,5.0,Es una generación anterior a la última pero de lo mejor en el mercado su cancelación de ruido muy buena.,Hace 5 mes,https://www.mercadolibre.com.mx/auriculares-bluetooth-sony-inalambricos-wh-1000xm5-rosa/p/MLM42305910,Sony,Over-Ear,generación anterior última mejor mercado cancelación ruido buena,104,0.0,Neutral
2728639686,MLM42305910,Sony WH-1000XM5 Over-Ear,Mercado Libre,5.0,Excelente.,Hace 5 mes,https://www.mercadolibre.com.mx/auriculares-bluetooth-sony-inalambricos-wh-1000xm5-rosa/p/MLM42305910,Sony,Over-Ear,excelente,10,0.0,Neutral
2726628350,MLM42305910,Sony WH-1000XM5 Over-Ear,Mercado Libre,5.0,"Llegó muy bien la caja en perfecto estado ,sin ningún abolladura , poco sucia ,está sellado pero todo perfecto y están muy bien los audífonos.",Hace 6 mes,https://www.mercadolibre.com.mx/auriculares-bluetooth-sony-inalambricos-wh-1000xm5-rosa/p/MLM42305910,Sony,Over-Ear,llegó bien caja perfecto ningún abolladura sucia sellado perfecto bien audífonos,142,0.0,Neutral
2711829363,MLM42305910,Sony WH-1000XM5 Over-Ear,Mercado Libre,5.0,"Sonido: claridad al sonido súper bien. Materiales: plastico. Aísla muy bien el sonido, se tiene que ajustar bien si no cada que hables se va a pausar. Recomiendo ver bien un video para configurarlos pero valió mucho la pena y la batería si les dura, lo utilizo para edición de videos.",Hace 6 mes,https://www.mercadolibre.com.mx/auriculares-bluetooth-sony-inalambricos-wh-1000xm5-rosa/p/MLM42305910,Sony,Over-Ear,sonido claridad sonido súper bien materiales plastico aísla bien sonido ajustar bien cada hables pausar recomiendo ver bien video configurarlos valió pena batería dura utilizo edición videos,284,0.0,Neutral
2710702252,MLM42305910,Sony WH-1000XM5 Over-Ear,Mercado Libre,5.0,,Hace 6 mes,https://www.mercadolibre.com.mx/auriculares-bluetooth-sony-inalambricos-wh-1000xm5-rosa/p/MLM42305910,Sony,Over-Ear,,0,0.0,Neutral
2699037207,MLM42305910,Sony WH-1000XM5 Over-Ear,Mercado Libre,5.0,Es buen producto solo compren protectores para los audífonos para que dure más las almuadillas de los auy.,Hace 6 mes,https://www.mercadolibre.com.mx/auriculares-bluetooth-sony-inalambricos-wh-1000xm5-rosa/p/MLM42305910,Sony,Over-Ear,buen producto solo compren protectores audífonos dure almuadillas auy,106,0.0,Neutral
2707269312,MLM42305910,Sony WH-1000XM5 Over-Ear,Mercado Libre,5.0,"Ya tengo medio año con los poderosos wh-1000xm5 y han valido cada peso, tiene una cancelación brutal y un sonido de muy buena calidad, son bellísimos.",Hace 6 mes,https://www.mercadolibre.com.mx/auriculares-bluetooth-sony-inalambricos-wh-1000xm5-rosa/p/MLM42305910,Sony,Over-Ear,medio año poderosos whxm valido cada peso cancelación brutal sonido buena calidad bellísimos,150,-0.875,Negativo
2692718784,MLM42305910,Sony WH-1000XM5 Over-Ear,Mercado Libre,5.0,"Se escucha excelente, la cancelación de ruido es genial y son super comodos.",Hace 6 mes,https://www.mercadolibre.com.mx/auriculares-bluetooth-sony-inalambricos-wh-1000xm5-rosa/p/MLM42305910,Sony,Over-Ear,escucha excelente cancelación ruido genial super comodos,76,0.333,Positivo
2690834816,MLM42305910,Sony WH-1000XM5 Over-Ear,Mercado Libre,5.0,"Excelente, cancelación de sonido excelente súper cómodos no lastiman.",Hace 6 mes,https://www.mercadolibre.com.mx/auriculares-bluetooth-sony-inalambricos-wh-1000xm5-rosa/p/MLM42305910,Sony,Over-Ear,excelente cancelación sonido excelente súper cómodos lastiman,69,0.0,Neutral
2678924073,MLM42305910,Sony WH-1000XM5 Over-Ear,Mercado Libre,5.0,"Son unos excelentes audífonos, estoy muy contento con ellos. Si los encuentras en promoción, no lo dudes.",Hace 6 mes,https://www.mercadolibre.com.mx/auriculares-bluetooth-sony-inalambricos-wh-1000xm5-rosa/p/MLM42305910,Sony,Over-Ear,excelentes audífonos contento encuentras promoción dudes,105,0.0,Neutral
2669994443,MLM42305910,Sony WH-1000XM5 Over-Ear,Mercado Libre,5.0,"Muy satisfecha con el producto, los amo. Son muy cómodos. Estoy contenta con mi compra.",Hace 6 mes,https://www.mercadolibre.com.mx/auriculares-bluetooth-sony-inalambricos-wh-1000xm5-rosa/p/MLM42305910,Sony,Over-Ear,satisfecha producto amo cómodos contenta compra,87,0.0,Neutral
2675958338,MLM42305910,Sony WH-1000XM5 Over-Ear,Mercado Libre,5.0,10000000% recomendados.,Hace 6 mes,https://www.mercadolibre.com.mx/auriculares-bluetooth-sony-inalambricos-wh-1000xm5-rosa/p/MLM42305910,Sony,Over-Ear,recomendados,23,0.0,Neutral
2667646043,MLM42305910,Sony WH-1000XM5 Over-Ear,Mercado Libre,5.0,Claridad.,Hace 6 mes,https://www.mercadolibre.com.mx/auriculares-bluetooth-sony-inalambricos-wh-1000xm5-rosa/p/MLM42305910,Sony,Over-Ear,claridad,9,0.0,Neutral
2661540483,MLM42305910,Sony WH-1000XM5 Over-Ear,Mercado Libre,5.0,Comodidad: son ligeros. Suenan. Increíble y vienen con estuchey todo.,Hace 6 mes,https://www.mercadolibre.com.mx/auriculares-bluetooth-sony-inalambricos-wh-1000xm5-rosa/p/MLM42305910,Sony,Over-Ear,comodidad ligeros suenan increíble vienen estuchey,69,0.0,Neutral
2661921688,MLM42305910,Sony WH-1000XM5 Over-Ear,Mercado Libre,5.0,"Materiales: plástico de buena calidad. Comodidad: ligeros, muy firmes. Excelente producto.",Hace 6 mes,https://www.mercadolibre.com.mx/auriculares-bluetooth-sony-inalambricos-wh-1000xm5-rosa/p/MLM42305910,Sony,Over-Ear,materiales plástico buena calidad comodidad ligeros firmes excelente producto,90,0.0,Neutral
2659848518,MLM42305910,Sony WH-1000XM5 Over-Ear,Mercado Libre,5.0,Exelentes.,Hace 6 mes,https://www.mercadolibre.com.mx/auriculares-bluetooth-sony-inalambricos-wh-1000xm5-rosa/p/MLM42305910,Sony,Over-Ear,exelentes,10,0.0,Neutral
2651872235,MLM42305910,Sony WH-1000XM5 Over-Ear,Mercado Libre,5.0,"Son bastante cómodos, me me sorprendió bastante su cancelación de ruido activa, fui bastante exigente en este aspecto y aún así me sorprendió. Los bajos se escuchan bastante bien y los graves también. Ya voy para 6 meses con estos audífonos y la verdad no me han dado ningún problema. Si estás pensando en comprartelos por calidad de audio o por cancelación de ruido estos son para ti definitivamente. Como referencia vengo de unos huawei freebuds 4 pro y estos audífonos se los llevan de calle.",Hace 6 mes,https://www.mercadolibre.com.mx/auriculares-bluetooth-sony-inalambricos-wh-1000xm5-rosa/p/MLM42305910,Sony,Over-Ear,bastante cómodos sorprendió bastante cancelación ruido activa bastante exigente aspecto aún así sorprendió bajos escuchan bastante bien graves voy meses audífonos verdad dado ningún problema pensando comprartelos calidad audio cancelación ruido definitivamente referencia vengo huawei freebuds pro audífonos llevan calle,495,0.0,Neutral
2651615182,MLM42305910,Sony WH-1000XM5 Over-Ear,Mercado Libre,5.0,Aislamiento: excelente cancelación de ruido y audio. Materiales: muy buenos materiales.,Hace 7 mes,https://www.mercadolibre.com.mx/auriculares-bluetooth-sony-inalambricos-wh-1000xm5-rosa/p/MLM42305910,Sony,Over-Ear,aislamiento excelente cancelación ruido audio materiales buenos materiales,87,0.0,Neutral
2651240904,MLM42305910,Sony WH-1000XM5 Over-Ear,Mercado Libre,5.0,"Sonido: excelente. Aislamiento: bueno. Son unos muy buenos audífonos, los compré un poco caros a lo que cuestan hoy en día (7500 pesos mexicanos) pero el sonido es muy bueno, en la aplicación puedes ecualizar a tu gusto, la cancelación de ruido es buena. La calidad de sonido comparando con unos airpods pro 2 es mejor, tiene un lado touch y no me han fallado nunca. La batería es muy buena, de la manera en que los uso que es para gym, juegos y música me dura aproximadamente 5 días.",Hace 7 mes,https://www.mercadolibre.com.mx/auriculares-bluetooth-sony-inalambricos-wh-1000xm5-rosa/p/MLM42305910,Sony,Over-Ear,sonido excelente aislamiento bueno buenos audífonos compré caros cuestan hoy día pesos mexicanos sonido bueno aplicación puedes ecualizar gusto cancelación ruido buena calidad sonido comparando airpods pro mejor lado touch fallado nunca batería buena manera uso gym juegos música dura aproximadamente días,484,0.0,Neutral
2649698340,MLM42305910,Sony WH-1000XM5 Over-Ear,Mercado Libre,5.0,"Materiales: el material se siente rígido pero frágil, es de plástico reciclado. Aislamiento: la cancelación de ruido es increíble la mejor del mercado. Valen la pena pero no pagaría mas de 4,500 por ellos. Si los encuentran en menor precio no lo duden.",Hace 7 mes,https://www.mercadolibre.com.mx/auriculares-bluetooth-sony-inalambricos-wh-1000xm5-rosa/p/MLM42305910,Sony,Over-Ear,materiales material rígido frágil plástico reciclado aislamiento cancelación ruido increíble mejor mercado valen pena pagaría mas encuentran menor precio duden,252,0.0,Neutral
2644397480,MLM42305910,Sony WH-1000XM5 Over-Ear,Mercado Libre,5.0,"Los uso mucho. Están muy cómodos aun que después de mucho tiempo a mi me cansan un poco de arriba, la diadema, supongo que por el peso. Cancelación de ruido funciona muy bien 👍.",Hace 7 mes,https://www.mercadolibre.com.mx/auriculares-bluetooth-sony-inalambricos-wh-1000xm5-rosa/p/MLM42305910,Sony,Over-Ear,uso cómodos aun después tiempo cansan arriba diadema supongo peso cancelación ruido funciona bien,177,0.0,Neutral
2634760961,MLM42305910,Sony WH-1000XM5 Over-Ear,Mercado Libre,5.0,"Aislamiento: cancelación buena. Sonido: grabes buenos. Es original, son perfectos, solo que a veces dependiendo de la app de música suena más fuerte o más bajo.",Hace 7 mes,https://www.mercadolibre.com.mx/auriculares-bluetooth-sony-inalambricos-wh-1000xm5-rosa/p/MLM42305910,Sony,Over-Ear,aislamiento cancelación buena sonido grabes buenos original perfectos solo veces dependiendo app música suena fuerte bajo,160,0.375,Positivo
2640118124,MLM42305910,Sony WH-1000XM5 Over-Ear,Mercado Libre,5.0,Chulada de audífonos.,Hace 7 mes,https://www.mercadolibre.com.mx/auriculares-bluetooth-sony-inalambricos-wh-1000xm5-rosa/p/MLM42305910,Sony,Over-Ear,chulada audífonos,21,0.0,Neutral
2634274858,MLM42305910,Sony WH-1000XM5 Over-Ear,Mercado Libre,5.0,"Muy buen sonido, se siente muy bien, amoliamente recomendado.",Hace 7 mes,https://www.mercadolibre.com.mx/auriculares-bluetooth-sony-inalambricos-wh-1000xm5-rosa/p/MLM42305910,Sony,Over-Ear,buen sonido bien amoliamente recomendado,61,0.0,Neutral
2634154958,MLM42305910,Sony WH-1000XM5 Over-Ear,Mercado Libre,5.0,Geniales!.,Hace 7 mes,https://www.mercadolibre.com.mx/auriculares-bluetooth-sony-inalambricos-wh-1000xm5-rosa/p/MLM42305910,Sony,Over-Ear,geniales,10,0.0,Neutral
2633919228,MLM42305910,Sony WH-1000XM5 Over-Ear,Mercado Libre,5.0,,Hace 7 mes,https://www.mercadolibre.com.mx/auriculares-bluetooth-sony-inalambricos-wh-1000xm5-rosa/p/MLM42305910,Sony,Over-Ear,,0,0.0,Neutral
2623953589,MLM42305910,Sony WH-1000XM5 Over-Ear,Mercado Libre,5.0,Fue lo que esperaba. Me encantó.,Hace 7 mes,https://www.mercadolibre.com.mx/auriculares-bluetooth-sony-inalambricos-wh-1000xm5-rosa/p/MLM42305910,Sony,Over-Ear,esperaba encantó,32,0.0,Neutral
2618810369,MLM42305910,Sony WH-1000XM5 Over-Ear,Mercado Libre,5.0,Muy buena cancelación de ruido.,Hace 7 mes,https://www.mercadolibre.com.mx/auriculares-bluetooth-sony-inalambricos-wh-1000xm5-rosa/p/MLM42305910,Sony,Over-Ear,buena cancelación ruido,31,0.0,Neutral
2625818630,MLM42305910,Sony WH-1000XM5 Over-Ear,Mercado Libre,5.0,Muy buena calidad de audio y muy buen sonido.,Hace 7 mes,https://www.mercadolibre.com.mx/auriculares-bluetooth-sony-inalambricos-wh-1000xm5-rosa/p/MLM42305910,Sony,Over-Ear,buena calidad audio buen sonido,45,0.0,Neutral
2610477885,MLM42305910,Sony WH-1000XM5 Over-Ear,Mercado Libre,5.0,Excelente audífonos.,Hace 7 mes,https://www.mercadolibre.com.mx/auriculares-bluetooth-sony-inalambricos-wh-1000xm5-rosa/p/MLM42305910,Sony,Over-Ear,excelente audífonos,20,0.0,Neutral
2615545274,MLM42305910,Sony WH-1000XM5 Over-Ear,Mercado Libre,5.0,Suena muy bien.,Hace 7 mes,https://www.mercadolibre.com.mx/auriculares-bluetooth-sony-inalambricos-wh-1000xm5-rosa/p/MLM42305910,Sony,Over-Ear,suena bien,15,0.0,Neutral
2598350254,MLM42305910,Sony WH-1000XM5 Over-Ear,Mercado Libre,5.0,"Me encantaaaan. No solo basta con unos buenos audífonos, también necesitas una buena app de streaming!. Muy buena cancelación de ruido, super cómodos y cuentan con cable aux para que la música no se comprima en apps como tidal. Además trae su estuche y es súper satisfactorio lo perfectos que entran. 10/10.",Hace 7 mes,https://www.mercadolibre.com.mx/auriculares-bluetooth-sony-inalambricos-wh-1000xm5-rosa/p/MLM42305910,Sony,Over-Ear,encantaaaan solo basta buenos audífonos necesitas buena app streaming buena cancelación ruido super cómodos cuentan cable aux música comprima apps tidal además trae estuche súper satisfactorio perfectos entran,307,0.333,Positivo
2589427693,MLM42305910,Sony WH-1000XM5 Over-Ear,Mercado Libre,5.0,"Me encantaron 100 original, inmediatamente los detecto la aplicación. Ame mis audífonos, muy cómodos.",Hace 7 mes,https://www.mercadolibre.com.mx/auriculares-bluetooth-sony-inalambricos-wh-1000xm5-rosa/p/MLM42305910,Sony,Over-Ear,encantaron original inmediatamente detecto aplicación ame audífonos cómodos,101,0.375,Positivo
2594815596,MLM42305910,Sony WH-1000XM5 Over-Ear,Mercado Libre,5.0,Los mejores.,Hace 7 mes,https://www.mercadolibre.com.mx/auriculares-bluetooth-sony-inalambricos-wh-1000xm5-rosa/p/MLM42305910,Sony,Over-Ear,mejores,12,0.0,Neutral
2578721719,MLM42305910,Sony WH-1000XM5 Over-Ear,Mercado Libre,5.0,Sonido excelente y muchas horas de música me gusta como me aísla de todos los sonidos exteriores.,Hace 7 mes,https://www.mercadolibre.com.mx/auriculares-bluetooth-sony-inalambricos-wh-1000xm5-rosa/p/MLM42305910,Sony,Over-Ear,sonido excelente muchas horas música gusta aísla sonidos exteriores,97,0.0,Neutral
2585317156,MLM42305910,Sony WH-1000XM5 Over-Ear,Mercado Libre,5.0,Excelente sonido recomendado al 100% sony nunca falla.,Hace 7 mes,https://www.mercadolibre.com.mx/auriculares-bluetooth-sony-inalambricos-wh-1000xm5-rosa/p/MLM42305910,Sony,Over-Ear,excelente sonido recomendado sony nunca falla,54,0.0,Neutral
2584702188,MLM42305910,Sony WH-1000XM5 Over-Ear,Mercado Libre,5.0,,Hace 7 mes,https://www.mercadolibre.com.mx/auriculares-bluetooth-sony-inalambricos-wh-1000xm5-rosa/p/MLM42305910,Sony,Over-Ear,,0,0.0,Neutral
2574066879,MLM42305910,Sony WH-1000XM5 Over-Ear,Mercado Libre,5.0,"De los mejores audífonos del mercado. Se escuchan muy bien, la batería dura mucho aún con la cancelación de ruido. Fue una excelente compra.",Hace 7 mes,https://www.mercadolibre.com.mx/auriculares-bluetooth-sony-inalambricos-wh-1000xm5-rosa/p/MLM42305910,Sony,Over-Ear,mejores audífonos mercado escuchan bien batería dura aún cancelación ruido excelente compra,140,0.0,Neutral
2568459369,MLM42305910,Sony WH-1000XM5 Over-Ear,Mercado Libre,5.0,Excelente calidad de material y sonido.,Hace 8 mes,https://www.mercadolibre.com.mx/auriculares-bluetooth-sony-inalambricos-wh-1000xm5-rosa/p/MLM42305910,Sony,Over-Ear,excelente calidad material sonido,39,0.0,Neutral
2553516417,MLM42305910,Sony WH-1000XM5 Over-Ear,Mercado Libre,5.0,"Ya llevo tiempo usándolos, y son excelentes para trabajar en oficina o ver películas, no lo recomiendo tanto para viajes en carro pues al entrar en contacto con el aire puede llegar a ser incomoda la herramienta de cancelación de ruido. 0 recomendable para gym o alguna actividad que te implique sudar. Excelente producto.",Hace 8 mes,https://www.mercadolibre.com.mx/auriculares-bluetooth-sony-inalambricos-wh-1000xm5-rosa/p/MLM42305910,Sony,Over-Ear,llevo tiempo usándolos excelentes trabajar oficina ver películas recomiendo viajes carro pues entrar contacto aire puede llegar ser incomoda herramienta cancelación ruido recomendable gym alguna actividad implique sudar excelente producto,322,0.0,Neutral
2558489954,MLM42305910,Sony WH-1000XM5 Over-Ear,Mercado Libre,5.0,La cancelación de ruido es muy muy buena. Con poco volumen de la rola ya no escucho a nadie. Vale la pena el precio.,Hace 8 mes,https://www.mercadolibre.com.mx/auriculares-bluetooth-sony-inalambricos-wh-1000xm5-rosa/p/MLM42305910,Sony,Over-Ear,cancelación ruido buena volumen rola escucho nadie vale pena precio,116,0.0,Neutral
2550804327,MLM42305910,Sony WH-1000XM5 Over-Ear,Mercado Libre,5.0,"Un año de uso y funcionan y suenan excelente, de los mejores audífonos en su tipo, súper recomendables.",Hace 8 mes,https://www.mercadolibre.com.mx/auriculares-bluetooth-sony-inalambricos-wh-1000xm5-rosa/p/MLM42305910,Sony,Over-Ear,año uso funcionan suenan excelente mejores audífonos tipo súper recomendables,103,0.0,Neutral
2557656008,MLM42305910,Sony WH-1000XM5 Over-Ear,Mercado Libre,5.0,Excelente calidad de material y buena duración de batería más un excelente sonido.,Hace 8 mes,https://www.mercadolibre.com.mx/auriculares-bluetooth-sony-inalambricos-wh-1000xm5-rosa/p/MLM42305910,Sony,Over-Ear,excelente calidad material buena duración batería excelente sonido,82,0.0,Neutral
2549675157,MLM42305910,Sony WH-1000XM5 Over-Ear,Mercado Libre,5.0,"Excelentes audífonos, con buena calidad por el precio.",Hace 8 mes,https://www.mercadolibre.com.mx/auriculares-bluetooth-sony-inalambricos-wh-1000xm5-rosa/p/MLM42305910,Sony,Over-Ear,excelentes audífonos buena calidad precio,54,0.0,Neutral
2547811167,MLM42305910,Sony WH-1000XM5 Over-Ear,Mercado Libre,5.0,Excelente calidad.,Hace 8 mes,https://www.mercadolibre.com.mx/auriculares-bluetooth-sony-inalambricos-wh-1000xm5-rosa/p/MLM42305910,Sony,Over-Ear,excelente calidad,18,0.0,Neutral
2546744857,MLM42305910,Sony WH-1000XM5 Over-Ear,Mercado Libre,4.0,"Muy buena opción de audio, aunque me queda debiendo un poco en la cancelación de ruido.",Hace 8 mes,https://www.mercadolibre.com.mx/auriculares-bluetooth-sony-inalambricos-wh-1000xm5-rosa/p/MLM42305910,Sony,Over-Ear,buena opción audio aunque queda debiendo cancelación ruido,87,0.0,Neutral
2553633888,MLM42305910,Sony WH-1000XM5 Over-Ear,Mercado Libre,5.0,"Me encantan, son muy cómodos y les dura un montón la batería.",Hace 8 mes,https://www.mercadolibre.com.mx/auriculares-bluetooth-sony-inalambricos-wh-1000xm5-rosa/p/MLM42305910,Sony,Over-Ear,encantan cómodos dura montón batería,61,0.0,Neutral
2546208805,MLM42305910,Sony WH-1000XM5 Over-Ear,Mercado Libre,5.0,"Audífonos excelentes, muy buen audio.",Hace 8 mes,https://www.mercadolibre.com.mx/auriculares-bluetooth-sony-inalambricos-wh-1000xm5-rosa/p/MLM42305910,Sony,Over-Ear,audífonos excelentes buen audio,37,0.0,Neutral
2545964363,MLM42305910,Sony WH-1000XM5 Over-Ear,Mercado Libre,5.0,"Están tremendos, muy buena cancelación de ruido.",Hace 8 mes,https://www.mercadolibre.com.mx/auriculares-bluetooth-sony-inalambricos-wh-1000xm5-rosa/p/MLM42305910,Sony,Over-Ear,tremendos buena cancelación ruido,48,0.0,Neutral
2552982502,MLM42305910,Sony WH-1000XM5 Over-Ear,Mercado Libre,5.0,"Estoy enamorado de estos audífonos, calidad de audio increíble, cancelación de ruido 9/10 le falta un pelín para mutear ambientes con mucho ruido, comodidad 10/10 no sientes que llevas puesto nada, sensor touch para controlar por gestos, es brutal estos audífonos por el precio que pagas valen completamente cada peso.",Hace 8 mes,https://www.mercadolibre.com.mx/auriculares-bluetooth-sony-inalambricos-wh-1000xm5-rosa/p/MLM42305910,Sony,Over-Ear,enamorado audífonos calidad audio increíble cancelación ruido falta pelín mutear ambientes ruido comodidad sientes llevas puesto sensor touch controlar gestos brutal audífonos precio pagas valen completamente cada peso,318,-0.875,Negativo
2551502400,MLM42305910,Sony WH-1000XM5 Over-Ear,Mercado Libre,5.0,La mejor compra que he hecho.,Hace 8 mes,https://www.mercadolibre.com.mx/auriculares-bluetooth-sony-inalambricos-wh-1000xm5-rosa/p/MLM42305910,Sony,Over-Ear,mejor compra hecho,29,0.0,Neutral
2541140295,MLM42305910,Sony WH-1000XM5 Over-Ear,Mercado Libre,5.0,Lo mejor de lo mejor.,Hace 8 mes,https://www.mercadolibre.com.mx/auriculares-bluetooth-sony-inalambricos-wh-1000xm5-rosa/p/MLM42305910,Sony,Over-Ear,mejor mejor,21,0.0,Neutral
2536323977,MLM42305910,Sony WH-1000XM5 Over-Ear,Mercado Libre,5.0,"Tiene un sonido increíble, bajos bien definidos ,solo tienes que ecualizar a tu gusto en la aplicación.",Hace 8 mes,https://www.mercadolibre.com.mx/auriculares-bluetooth-sony-inalambricos-wh-1000xm5-rosa/p/MLM42305910,Sony,Over-Ear,sonido increíble bajos bien definidos solo ecualizar gusto aplicación,103,0.0,Neutral
2540850792,MLM42305910,Sony WH-1000XM5 Over-Ear,Mercado Libre,5.0,"Ya 5 meses de uso y espectacular, el sonido la comodidad todo en general , solo si cansa ya cuando llevas 1-2 horas de la parte superior.",Hace 8 mes,https://www.mercadolibre.com.mx/auriculares-bluetooth-sony-inalambricos-wh-1000xm5-rosa/p/MLM42305910,Sony,Over-Ear,meses uso espectacular sonido comodidad general solo cansa llevas horas parte superior,137,0.375,Positivo
2532814956,MLM42305910,Sony WH-1000XM5 Over-Ear,Mercado Libre,5.0,10/10 el producto.,Hace 8 mes,https://www.mercadolibre.com.mx/auriculares-bluetooth-sony-inalambricos-wh-1000xm5-rosa/p/MLM42305910,Sony,Over-Ear,producto,18,0.0,Neutral
2523148877,MLM42305910,Sony WH-1000XM5 Over-Ear,Mercado Libre,5.0,"Excelente calidad de audio y también de materiales, son muy modernos y traen bastantes funciones.",Hace 8 mes,https://www.mercadolibre.com.mx/auriculares-bluetooth-sony-inalambricos-wh-1000xm5-rosa/p/MLM42305910,Sony,Over-Ear,excelente calidad audio materiales modernos traen bastantes funciones,97,0.0,Neutral
2522954163,MLM42305910,Sony WH-1000XM5 Over-Ear,Mercado Libre,5.0,"El sonido es lo mejor y la cancelación de ruido también, lo recomiendo ampliamente.",Hace 8 mes,https://www.mercadolibre.com.mx/auriculares-bluetooth-sony-inalambricos-wh-1000xm5-rosa/p/MLM42305910,Sony,Over-Ear,sonido mejor cancelación ruido recomiendo ampliamente,83,0.0,Neutral
2520148971,MLM42305910,Sony WH-1000XM5 Over-Ear,Mercado Libre,5.0,"Muy buen producto, son muy cómodos y la pila dura mucho tiempo, además que se ven muy bonitos ya puestos.",Hace 8 mes,https://www.mercadolibre.com.mx/auriculares-bluetooth-sony-inalambricos-wh-1000xm5-rosa/p/MLM42305910,Sony,Over-Ear,buen producto cómodos pila dura tiempo además ven bonitos puestos,105,0.0,Neutral
2525320210,MLM42305910,Sony WH-1000XM5 Over-Ear,Mercado Libre,5.0,1000/10.,Hace 8 mes,https://www.mercadolibre.com.mx/auriculares-bluetooth-sony-inalambricos-wh-1000xm5-rosa/p/MLM42305910,Sony,Over-Ear,,8,0.0,Neutral
2522348166,MLM42305910,Sony WH-1000XM5 Over-Ear,Mercado Libre,5.0,Llevo una semana con ellos y hasta ahora no han decepcionado. Excelente sonido con cancelación de sonido. Son los primeros que compro de esta gama por lo que no soy experto para opinar pero estoy satisfecho con mi compra.,Hace 8 mes,https://www.mercadolibre.com.mx/auriculares-bluetooth-sony-inalambricos-wh-1000xm5-rosa/p/MLM42305910,Sony,Over-Ear,llevo semana ahora decepcionado excelente sonido cancelación sonido primeros compro gama experto opinar satisfecho compra,221,0.0,Neutral
2521461280,MLM42305910,Sony WH-1000XM5 Over-Ear,Mercado Libre,5.0,Excelente producto.,Hace 8 mes,https://www.mercadolibre.com.mx/auriculares-bluetooth-sony-inalambricos-wh-1000xm5-rosa/p/MLM42305910,Sony,Over-Ear,excelente producto,19,0.0,Neutral
2513889133,MLM42305910,Sony WH-1000XM5 Over-Ear,Mercado Libre,5.0,"Excelentes audifonos!! todo en orden y el sonidones muy bueno, recomendado.",Hace 8 mes,https://www.mercadolibre.com.mx/auriculares-bluetooth-sony-inalambricos-wh-1000xm5-rosa/p/MLM42305910,Sony,Over-Ear,excelentes audifonos orden sonidones bueno recomendado,75,0.0,Neutral
2512681233,MLM42305910,Sony WH-1000XM5 Over-Ear,Mercado Libre,5.0,Me encantó la calidad de sonido que ofrecen.,Hace 8 mes,https://www.mercadolibre.com.mx/auriculares-bluetooth-sony-inalambricos-wh-1000xm5-rosa/p/MLM42305910,Sony,Over-Ear,encantó calidad sonido ofrecen,44,0.0,Neutral
2519347098,MLM42305910,Sony WH-1000XM5 Over-Ear,Mercado Libre,5.0,"Tenía los xm4 y se siente un salto a esta generación, vale la pena.",Hace 8 mes,https://www.mercadolibre.com.mx/auriculares-bluetooth-sony-inalambricos-wh-1000xm5-rosa/p/MLM42305910,Sony,Over-Ear,salto generación vale pena,67,0.0,Neutral
2512194603,MLM42305910,Sony WH-1000XM5 Over-Ear,Mercado Libre,5.0,"Los usa mi hijo desde hace tiempo, muy agusto con ellos, fue lo esperado.",Hace 8 mes,https://www.mercadolibre.com.mx/auriculares-bluetooth-sony-inalambricos-wh-1000xm5-rosa/p/MLM42305910,Sony,Over-Ear,usa hijo hace tiempo agusto esperado,73,0.0,Neutral
2516172936,MLM42305910,Sony WH-1000XM5 Over-Ear,Mercado Libre,5.0,Excelente calidad de audio recomendados.,Hace 8 mes,https://www.mercadolibre.com.mx/auriculares-bluetooth-sony-inalambricos-wh-1000xm5-rosa/p/MLM42305910,Sony,Over-Ear,excelente calidad audio recomendados,40,0.0,Neutral
2509143397,MLM42305910,Sony WH-1000XM5 Over-Ear,Mercado Libre,5.0,"Me parecen unos audífonos muy cómodos para mi que uso lentes, tiene un sonido potente y muy equilibrado envdd suenan bastante bien, lo recomiendo los compren en este buen fin.",Hace 8 mes,https://www.mercadolibre.com.mx/auriculares-bluetooth-sony-inalambricos-wh-1000xm5-rosa/p/MLM42305910,Sony,Over-Ear,parecen audífonos cómodos uso lentes sonido potente equilibrado envdd suenan bastante bien recomiendo compren buen fin,175,0.0,Neutral
2515472226,MLM42305910,Sony WH-1000XM5 Over-Ear,Mercado Libre,5.0,"Están cariñosos, pero lo valen. Si eres una persona que le gusta aislarse o concentrarse en ambientes estresantes son perfectos por su cancelación de ruido, y el sonido es configurable otra experiencia de escuchar música y audiolibros además de que son minimalistas y el diseño simple y cómodo. No lo recomendaría para gym.",Hace 8 mes,https://www.mercadolibre.com.mx/auriculares-bluetooth-sony-inalambricos-wh-1000xm5-rosa/p/MLM42305910,Sony,Over-Ear,cariñosos valen persona gusta aislarse concentrarse ambientes estresantes perfectos cancelación ruido sonido configurable experiencia escuchar música audiolibros además minimalistas diseño simple cómodo recomendaría gym,323,0.0,Neutral
2507716283,MLM42305910,Sony WH-1000XM5 Over-Ear,Mercado Libre,5.0,"Un sonido delicioso, la aplicación de ecualizador es muy buena, sin duda de las mejores compras.",Hace 8 mes,https://www.mercadolibre.com.mx/auriculares-bluetooth-sony-inalambricos-wh-1000xm5-rosa/p/MLM42305910,Sony,Over-Ear,sonido delicioso aplicación ecualizador buena duda mejores compras,96,0.0,Neutral
2514220782,MLM42305910,Sony WH-1000XM5 Over-Ear,Mercado Libre,5.0,"Los amo con toda mi alma. Soy una persona autista y los compré por mis problemas sensoriales. Me encanta que te abracen toda la oreja porque así no lastima, la cancelación de ruido es maravillosa, también puedes no tener la cancelación de ruido puesta cuando los usas, del micrófono me han dicho que se escucha bien pero sí tienes que hablar moderadamente fuerte, el panel táctil está perfecto y es muy útil. Es verdad que se ensucian fácil pero no considero que sean difíciles de limpiar. Llevo ya casi un año con ellos y todo cool. Quizá lo único negativo que tengo para decir es, que a veces cuando estoy jugando videojuegos y hablo, los audífonos detectan mi voz y eso hace que se desactive el sonido de los audífonos hasta que presiono de nuevo el botón de cancelación de ruido, es molesto en muchas ocasiones, no pasa siempre pero cuando pasa debo admitir que me complica la existencia porque estoy jugando y necesito escuchar los ruidos del juego mientras hablo.",Hace 8 mes,https://www.mercadolibre.com.mx/auriculares-bluetooth-sony-inalambricos-wh-1000xm5-rosa/p/MLM42305910,Sony,Over-Ear,amo toda alma persona autista compré problemas sensoriales encanta abracen toda oreja así lastima cancelación ruido maravillosa puedes tener cancelación ruido puesta usas micrófono dicho escucha bien hablar moderadamente fuerte panel táctil perfecto útil verdad ensucian fácil considero difíciles limpiar llevo casi año cool quizá único negativo decir veces jugando videojuegos hablo audífonos detectan voz hace desactive sonido audífonos presiono nuevo botón cancelación ruido molesto muchas ocasiones pasa siempre pasa debo admitir complica existencia jugando necesito escuchar ruidos juego mientras hablo,969,0.35,Positivo
2504189947,MLM42305910,Sony WH-1000XM5 Over-Ear,Mercado Libre,5.0,Los tengo desde hace 1 año y me han funcionado muy bien.,Hace 8 mes,https://www.mercadolibre.com.mx/auriculares-bluetooth-sony-inalambricos-wh-1000xm5-rosa/p/MLM42305910,Sony,Over-Ear,hace año funcionado bien,56,0.0,Neutral
2500377627,MLM42305910,Sony WH-1000XM5 Over-Ear,Mercado Libre,5.0,"Buen producto de gran calidad, buen sonido, lo único malo es que ko puedes cambiar las almohadas pero después de un año de uso, están como si mada.",Hace 8 mes,https://www.mercadolibre.com.mx/auriculares-bluetooth-sony-inalambricos-wh-1000xm5-rosa/p/MLM42305910,Sony,Over-Ear,buen producto gran calidad buen sonido único malo puedes cambiar almohadas después año uso mada,147,0.0,Neutral
2495954839,MLM42305910,Sony WH-1000XM5 Over-Ear,Mercado Libre,5.0,"La verdad son unos audífonos con una gran calidad de audio, los puedes ecualizar y dejar a tu gusto, al principio me parecieron un poco pequeños, y quedaban apretados, pero a las 2 semanas de uso se ajustaron a mi tamaño de cabeza, muy recomendables si quieres disfrutar música de alta fidelidad.",Hace 8 mes,https://www.mercadolibre.com.mx/auriculares-bluetooth-sony-inalambricos-wh-1000xm5-rosa/p/MLM42305910,Sony,Over-Ear,verdad audífonos gran calidad audio puedes ecualizar dejar gusto principio parecieron pequeños quedaban apretados semanas uso ajustaron tamaño cabeza recomendables quieres disfrutar música alta fidelidad,296,0.0,Neutral
2491886197,MLM42305910,Sony WH-1000XM5 Over-Ear,Mercado Libre,4.0,Son muy cómodos y se escuchan bien el único detalle es que soy alguien delgada y con cabeza pequeña? jajaja y al momento de quierer realizar ejercicio se me caen.,Hace 8 mes,https://www.mercadolibre.com.mx/auriculares-bluetooth-sony-inalambricos-wh-1000xm5-rosa/p/MLM42305910,Sony,Over-Ear,cómodos escuchan bien único detalle alguien delgada cabeza pequeña jajaja momento quierer realizar ejercicio caen,162,0.0,Neutral
2486095203,MLM42305910,Sony WH-1000XM5 Over-Ear,Mercado Libre,5.0,Me encantan.,Hace 8 mes,https://www.mercadolibre.com.mx/auriculares-bluetooth-sony-inalambricos-wh-1000xm5-rosa/p/MLM42305910,Sony,Over-Ear,encantan,12,0.0,Neutral
2485414781,MLM42305910,Sony WH-1000XM5 Over-Ear,Mercado Libre,5.0,Muy buen producto.,Hace 8 mes,https://www.mercadolibre.com.mx/auriculares-bluetooth-sony-inalambricos-wh-1000xm5-rosa/p/MLM42305910,Sony,Over-Ear,buen producto,18,0.0,Neutral
2483055271,MLM42305910,Sony WH-1000XM5 Over-Ear,Mercado Libre,5.0,Dos años ya con ellos y siguen igual que la primera vez que los use.,Hace 8 mes,https://www.mercadolibre.com.mx/auriculares-bluetooth-sony-inalambricos-wh-1000xm5-rosa/p/MLM42305910,Sony,Over-Ear,dos años siguen igual primera vez use,68,0.0,Neutral
2481100451,MLM42305910,Sony WH-1000XM5 Over-Ear,Mercado Libre,5.0,Util.,Hace 8 mes,https://www.mercadolibre.com.mx/auriculares-bluetooth-sony-inalambricos-wh-1000xm5-rosa/p/MLM42305910,Sony,Over-Ear,util,5,0.0,Neutral
2486970040,MLM42305910,Sony WH-1000XM5 Over-Ear,Mercado Libre,5.0,Buenos.,Hace 8 mes,https://www.mercadolibre.com.mx/auriculares-bluetooth-sony-inalambricos-wh-1000xm5-rosa/p/MLM42305910,Sony,Over-Ear,buenos,7,0.0,Neutral
2474783372,MLM42305910,Sony WH-1000XM5 Over-Ear,Mercado Libre,5.0,"El producto está muy bueno, y llegó antes de tiempo.",Hace 9 mes,https://www.mercadolibre.com.mx/auriculares-bluetooth-sony-inalambricos-wh-1000xm5-rosa/p/MLM42305910,Sony,Over-Ear,producto bueno llegó tiempo,52,0.0,Neutral
2472769438,MLM42305910,Sony WH-1000XM5 Over-Ear,Mercado Libre,5.0,"Audífonos de gran calidad, valen totalmente la pena😎.",Hace 9 mes,https://www.mercadolibre.com.mx/auriculares-bluetooth-sony-inalambricos-wh-1000xm5-rosa/p/MLM42305910,Sony,Over-Ear,audífonos gran calidad valen totalmente pena,53,0.0,Neutral
2455141952,MLM42305910,Sony WH-1000XM5 Over-Ear,Mercado Libre,5.0,"Maravillosos, simplemente los mejores por el precio; tienen estética, calidad de audio y calidad de materiales. No lo pienses más y cómpralos!!!.",Hace 9 mes,https://www.mercadolibre.com.mx/auriculares-bluetooth-sony-inalambricos-wh-1000xm5-rosa/p/MLM42305910,Sony,Over-Ear,maravillosos simplemente mejores precio estética calidad audio calidad materiales pienses cómpralos,145,0.0,Neutral
2326908803,MLM42305910,Sony WH-1000XM5 Over-Ear,Mercado Libre,5.0,"Valieron mucho la pena, son increíbles.",Hace 10 me,https://www.mercadolibre.com.mx/auriculares-bluetooth-sony-inalambricos-wh-1000xm5-rosa/p/MLM42305910,Sony,Over-Ear,valieron pena increíbles,39,0.0,Neutral
2323080304,MLM42305910,Sony WH-1000XM5 Over-Ear,Mercado Libre,5.0,"Los ame, simplemente increíbles.",Hace 10 me,https://www.mercadolibre.com.mx/auriculares-bluetooth-sony-inalambricos-wh-1000xm5-rosa/p/MLM42305910,Sony,Over-Ear,ame simplemente increíbles,32,0.0,Neutral
2249064567,MLM42305910,Sony WH-1000XM5 Over-Ear,Mercado Libre,5.0,"En verdad, vale la pena. El color no es el que esperaba, mas en cambio, siendo mas café no desagrada. El audio es magnífico, la cancelación de ruido funciona al cien. Los comandos para subir el volumen o bajarlo asi como cambiar de canciones o responder llamadas es demasiado fácil, muy buenos. Para quienes usan audifonos todo el tiempo, en verdad vale la pena, no duelen, no me cansan las orejas, incluso al usar aretes, no me lastima, cubre al cien mis orejas.",Hace 11 me,https://www.mercadolibre.com.mx/auriculares-bluetooth-sony-inalambricos-wh-1000xm5-rosa/p/MLM42305910,Sony,Over-Ear,verdad vale pena color esperaba mas cambio siendo mas café desagrada audio magnífico cancelación ruido funciona cien comandos subir volumen bajarlo asi cambiar canciones responder llamadas demasiado fácil buenos usan audifonos tiempo verdad vale pena duelen cansan orejas incluso usar aretes lastima cubre cien orejas,463,0.0,Neutral
2251786134,MLM42305910,Sony WH-1000XM5 Over-Ear,Mercado Libre,5.0,Son una chulada.,Hace 11 me,https://www.mercadolibre.com.mx/auriculares-bluetooth-sony-inalambricos-wh-1000xm5-rosa/p/MLM42305910,Sony,Over-Ear,chulada,16,0.0,Neutral
2193793226,MLM42305910,Sony WH-1000XM5 Over-Ear,Mercado Libre,5.0,Bastante bueno.,Hace 1 año,https://www.mercadolibre.com.mx/auriculares-bluetooth-sony-inalambricos-wh-1000xm5-rosa/p/MLM42305910,Sony,Over-Ear,bastante bueno,15,0.0,Neutral
2123728864,MLM42305910,Sony WH-1000XM5 Over-Ear,Mercado Libre,5.0,,Hace 1 año,https://www.mercadolibre.com.mx/auriculares-bluetooth-sony-inalambricos-wh-1000xm5-rosa/p/MLM42305910,Sony,Over-Ear,,0,0.0,Neutral
2082995992,MLM42305910,Sony WH-1000XM5 Over-Ear,Mercado Libre,5.0,Es súper bonito.,Hace 1 año,https://www.mercadolibre.com.mx/auriculares-bluetooth-sony-inalambricos-wh-1000xm5-rosa/p/MLM42305910,Sony,Over-Ear,súper bonito,16,0.0,Neutral
1924298099,MLM42305910,Sony WH-1000XM5 Over-Ear,Mercado Libre,5.0,"Muy buenos, el audio muy claro, aunque esperaba un audio aun más alto, cumple con sus características, sin embargo el precio si es algo elevado para lo que ofrece.",Hace 1 año,https://www.mercadolibre.com.mx/auriculares-bluetooth-sony-inalambricos-wh-1000xm5-rosa/p/MLM42305910,Sony,Over-Ear,buenos audio claro aunque esperaba audio aun alto cumple características embargo precio elevado ofrece,163,0.0,Neutral
706074472,MLM26578383,Sony WF-1000XM5 In-Ear,Mercado Libre,5.0,"Estos audífonos son de lo mejor que hay, valen totalmente el precio, están muy por encima de los buds2pro, los freebuds2pro y los aipods pro (yo probé todos y estos audífonos de sony suenan mucho mejor). Lamentablemente tuve que devolverlos ya que no me quedaban en mi oído derecho se me caían :(. Lo único malo de estos audífonos es que usan gomas de espuma y aún sin grandes y como en mi caso con ninguna almohadilla me quedaron fijos, una lastima.",Hace más d,https://www.mercadolibre.com.mx/audifonos-true-wireless-con-noise-cancelling-wf-1000xm5-color-negro/p/MLM26578383,Sony,In-Ear,audífonos mejor valen totalmente precio encima budspro freebudspro aipods pro probé audífonos sony suenan mejor lamentablemente devolverlos quedaban oído derecho caían único malo audífonos usan gomas espuma aún grandes caso ninguna almohadilla quedaron fijos lastima,450,-0.75,Negativo
744635684,MLM26578383,Sony WF-1000XM5 In-Ear,Mercado Libre,5.0,Me encantan los audífonos de sony. Actualmente he pasado desde la versión 3 hasta esta que es la 5. Me impresiona como ha mejorado el tamaño y la calidad de audio como la cancelación. Es muy bueno en su gama.,Hace más d,https://www.mercadolibre.com.mx/audifonos-true-wireless-con-noise-cancelling-wf-1000xm5-color-negro/p/MLM26578383,Sony,In-Ear,encantan audífonos sony actualmente pasado versión impresiona mejorado tamaño calidad audio cancelación bueno gama,208,0.0,Neutral
792924743,MLM26578383,Sony WF-1000XM5 In-Ear,Mercado Libre,4.0,El lado derecho se descarga un 20% más rápido.,Hace más d,https://www.mercadolibre.com.mx/audifonos-true-wireless-con-noise-cancelling-wf-1000xm5-color-negro/p/MLM26578383,Sony,In-Ear,lado derecho descarga rápido,46,0.0,Neutral
782472879,MLM26578383,Sony WF-1000XM5 In-Ear,Mercado Libre,5.0,"La verdad muy buenos, excelente sonido y cancelación de ruido, hasta el momento encantado con ellos 😸.",Hace más d,https://www.mercadolibre.com.mx/audifonos-true-wireless-con-noise-cancelling-wf-1000xm5-color-negro/p/MLM26578383,Sony,In-Ear,verdad buenos excelente sonido cancelación ruido momento encantado,102,0.0,Neutral
2014452581,MLM26578383,Sony WF-1000XM5 In-Ear,Mercado Libre,5.0,"Estan super bien, los uso hasta con casco, reduce el ruido hasta un 80, 85%. Nunca se le ha acabado la batería y los he usado como unas 6 horas continuas. Excelente sonido y son muy cómodos.",Hace 1 año,https://www.mercadolibre.com.mx/audifonos-true-wireless-con-noise-cancelling-wf-1000xm5-color-negro/p/MLM26578383,Sony,In-Ear,estan super bien uso casco reduce ruido nunca acabado batería usado unas horas continuas excelente sonido cómodos,190,0.333,Positivo
1313087511,MLM26578383,Sony WF-1000XM5 In-Ear,Mercado Libre,5.0,"Excelentes audífonos, calidad de audio muy buena, larga duración de batería y la mejor cancelación de ruido que he sentido en cualquier audífono, lo unico malo es que las espumas se desacen muy rápido.",Hace más d,https://www.mercadolibre.com.mx/audifonos-true-wireless-con-noise-cancelling-wf-1000xm5-color-negro/p/MLM26578383,Sony,In-Ear,excelentes audífonos calidad audio buena larga duración batería mejor cancelación ruido cualquier audífono unico malo espumas desacen rápido,201,0.0,Neutral
1215467804,MLM26578383,Sony WF-1000XM5 In-Ear,Mercado Libre,5.0,"Pagas lo que compras, no hay pérdida.",Hace más d,https://www.mercadolibre.com.mx/audifonos-true-wireless-con-noise-cancelling-wf-1000xm5-color-negro/p/MLM26578383,Sony,In-Ear,pagas compras pérdida,37,0.0,Neutral
1090158061,MLM26578383,Sony WF-1000XM5 In-Ear,Mercado Libre,5.0,He comprado varios audífonos sony y estos son los mejores qué he probado.,Hace más d,https://www.mercadolibre.com.mx/audifonos-true-wireless-con-noise-cancelling-wf-1000xm5-color-negro/p/MLM26578383,Sony,In-Ear,comprado varios audífonos sony mejores probado,73,0.0,Neutral
1373446634,MLM26578383,Sony WF-1000XM5 In-Ear,Mercado Libre,5.0,"¡tenía los audífonos de la versión pasada, y esta nueva versión a mi punto de vista mejoro el audio, pero más que ello, en las llamadas, ya que no sé si a mí solo me pasaba, pero la versión anterior en llamadas no me escuchaban bien los que me hablaban y en esta nueva versión si me escuchan a la perfección! lo que sí es que como es una versión más delgada y aparte viene con término pulido, al momento de querer sacarlos de la caja se resbalan, pero bueno realmente tiene muy buenos bajos y nitidez que caracteriza sony.",Hace más d,https://www.mercadolibre.com.mx/audifonos-true-wireless-con-noise-cancelling-wf-1000xm5-color-negro/p/MLM26578383,Sony,In-Ear,audífonos versión pasada nueva versión punto vista mejoro audio ello llamadas solo pasaba versión anterior llamadas escuchaban bien hablaban nueva versión escuchan perfección versión delgada aparte viene término pulido momento querer sacarlos caja resbalan bueno realmente buenos bajos nitidez caracteriza sony,522,0.0,Neutral
990780165,MLM26578383,Sony WF-1000XM5 In-Ear,Mercado Libre,5.0,"Simplemente increíbles, por su tamaño, cancelación de ruido y calidad de sonido. Yo tengo la versión 3 y son un salto hacia adelante. Los recomiendo para quienes nos gustan los audifonos.",Hace más d,https://www.mercadolibre.com.mx/audifonos-true-wireless-con-noise-cancelling-wf-1000xm5-color-negro/p/MLM26578383,Sony,In-Ear,simplemente increíbles tamaño cancelación ruido calidad sonido versión salto hacia adelante recomiendo gustan audifonos,187,0.0,Neutral
762802514,MLM26578383,Sony WF-1000XM5 In-Ear,Mercado Libre,5.0,Exelente audifonos su sonido es de lo mejor me gustaron mucho.,Hace más d,https://www.mercadolibre.com.mx/audifonos-true-wireless-con-noise-cancelling-wf-1000xm5-color-negro/p/MLM26578383,Sony,In-Ear,exelente audifonos sonido mejor gustaron,62,0.0,Neutral
690535107,MLM26578383,Sony WF-1000XM5 In-Ear,Mercado Libre,5.0,Definitivamente sony lo hizo de nuevo y este producto gran calidad materiales y el sonido excelente recomiendo tener archivos de audio de calidad o tidal para aprovechar y apreciar lo excelente que son estos audífonos.,Hace más d,https://www.mercadolibre.com.mx/audifonos-true-wireless-con-noise-cancelling-wf-1000xm5-color-negro/p/MLM26578383,Sony,In-Ear,definitivamente sony hizo nuevo producto gran calidad materiales sonido excelente recomiendo tener archivos audio calidad tidal aprovechar apreciar excelente audífonos,218,0.0,Neutral
2602024077,MLM26578383,Sony WF-1000XM5 In-Ear,Mercado Libre,5.0,Llegó su caja algo aplastada pero los audífonos muy bien y completamente nuevos.,Hace 7 mes,https://www.mercadolibre.com.mx/audifonos-true-wireless-con-noise-cancelling-wf-1000xm5-color-negro/p/MLM26578383,Sony,In-Ear,llegó caja aplastada audífonos bien completamente nuevos,80,0.0,Neutral
2503678009,MLM26578383,Sony WF-1000XM5 In-Ear,Mercado Libre,4.0,"Son muy cómodos, la cancelación es excelente, el audio es muy bueno y la batería dura un montón, los recomiendo para uso diario, el único pero es que los tuve que configurar y ecualizar muchas veces para llegar al audio que me gusta y en ocasiones tarda un poco en conectar a la aplicación, pero fuera de eso son una excelente compra, mas por el precio actual y los msi.",Hace 8 mes,https://www.mercadolibre.com.mx/audifonos-true-wireless-con-noise-cancelling-wf-1000xm5-color-negro/p/MLM26578383,Sony,In-Ear,cómodos cancelación excelente audio bueno batería dura montón recomiendo uso diario único configurar ecualizar muchas veces llegar audio gusta ocasiones tarda conectar aplicación excelente compra mas precio actual msi,370,0.0,Neutral
2792221386,MLM26578383,Sony WF-1000XM5 In-Ear,Mercado Libre,5.0,Buena calidad sony.,Hace 4 mes,https://www.mercadolibre.com.mx/audifonos-true-wireless-con-noise-cancelling-wf-1000xm5-color-negro/p/MLM26578383,Sony,In-Ear,buena calidad sony,19,0.0,Neutral
2780949858,MLM26578383,Sony WF-1000XM5 In-Ear,Mercado Libre,5.0,,Hace 4 mes,https://www.mercadolibre.com.mx/audifonos-true-wireless-con-noise-cancelling-wf-1000xm5-color-negro/p/MLM26578383,Sony,In-Ear,,0,0.0,Neutral
2751162355,MLM26578383,Sony WF-1000XM5 In-Ear,Mercado Libre,5.0,Materiales: excelente. Aislamiento: excelente. 👌.,Hace 5 mes,https://www.mercadolibre.com.mx/audifonos-true-wireless-con-noise-cancelling-wf-1000xm5-color-negro/p/MLM26578383,Sony,In-Ear,materiales excelente aislamiento excelente,49,0.0,Neutral
2702965638,MLM26578383,Sony WF-1000XM5 In-Ear,Mercado Libre,5.0,"Cómodos, resistentes y sencillos de usar.",Hace 6 mes,https://www.mercadolibre.com.mx/audifonos-true-wireless-con-noise-cancelling-wf-1000xm5-color-negro/p/MLM26578383,Sony,In-Ear,cómodos resistentes sencillos usar,41,0.0,Neutral
2624774190,MLM26578383,Sony WF-1000XM5 In-Ear,Mercado Libre,5.0,,Hace 7 mes,https://www.mercadolibre.com.mx/audifonos-true-wireless-con-noise-cancelling-wf-1000xm5-color-negro/p/MLM26578383,Sony,In-Ear,,0,0.0,Neutral
2568239893,MLM26578383,Sony WF-1000XM5 In-Ear,Mercado Libre,5.0,"Excelente calidad de audio y cancelación de ruido perfecta, en comparación con la versión anterior estos son mas pequeños lo que en lo personal fue un poco difícil de asimilar ya que llevaba 3 años con los anteriores pero al instante que me acostumbre es prácticamente imperceptible que los tienes puestos.",Hace 8 mes,https://www.mercadolibre.com.mx/audifonos-true-wireless-con-noise-cancelling-wf-1000xm5-color-negro/p/MLM26578383,Sony,In-Ear,excelente calidad audio cancelación ruido perfecta comparación versión anterior mas pequeños personal difícil asimilar llevaba años anteriores instante acostumbre prácticamente imperceptible puestos,306,-0.1,Neutral
2542863429,MLM26578383,Sony WF-1000XM5 In-Ear,Mercado Libre,5.0,"Muy bien el empaque, la velocidad de envío y la atención.",Hace 8 mes,https://www.mercadolibre.com.mx/audifonos-true-wireless-con-noise-cancelling-wf-1000xm5-color-negro/p/MLM26578383,Sony,In-Ear,bien empaque velocidad envío atención,57,0.0,Neutral
1874210050,MLM26578383,Sony WF-1000XM5 In-Ear,Mercado Libre,5.0,"Durante 1 año y medio usé los xm4, me gustó mucho la calidad del sonido y los controles táctiles. Recientemente los perdí así que busqué varias opciones para sustituirlos y al final decidí irme por estos ya que la cancelación de ruido, el sonido y los controles táctiles son insuperables, simplemente son los mejores que he probado. Cabe destacar que si son algo caros, pero si puedes pagarlos a meses, valen muchísimo la pena :d.",Hace 1 año,https://www.mercadolibre.com.mx/audifonos-true-wireless-con-noise-cancelling-wf-1000xm5-color-negro/p/MLM26578383,Sony,In-Ear,año medio usé gustó calidad sonido controles táctiles recientemente perdí así busqué varias opciones sustituirlos final decidí irme cancelación ruido sonido controles táctiles insuperables simplemente mejores probado cabe destacar caros puedes pagarlos meses valen muchísimo pena,430,0.0,Neutral
1368899659,MLM26578383,Sony WF-1000XM5 In-Ear,Mercado Libre,5.0,"El sonido es excelente, la cancelación de ruido no es extraordinaria pero si ayuda bastante, la app es intuitiva y fácil de usar, lo único malo esque, todo lo que viene adentro como el instructivo viene en japones, pero considerando que lo compré a 18 meses sin intereses con mercado pago, vale la pena pagué solo 5049 a 18 meses. Ahora quiero la versión de diadema, espero más adelante poder comprarla para usar la diadema en el trabajo y casa y estos en el gym.",Hace más d,https://www.mercadolibre.com.mx/audifonos-true-wireless-con-noise-cancelling-wf-1000xm5-color-negro/p/MLM26578383,Sony,In-Ear,sonido excelente cancelación ruido extraordinaria ayuda bastante app intuitiva fácil usar único malo esque viene adentro instructivo viene japones considerando compré meses intereses mercado pago vale pena pagué solo meses ahora quiero versión diadema espero adelante poder comprarla usar diadema trabajo casa gym,463,0.0,Neutral
2871615012,MLM26578383,Sony WF-1000XM5 In-Ear,Mercado Libre,5.0,Excelente compra salen muy buenos y la cancelación de ruido es una maravilla.,Hace 3 mes,https://www.mercadolibre.com.mx/audifonos-true-wireless-con-noise-cancelling-wf-1000xm5-color-negro/p/MLM26578383,Sony,In-Ear,excelente compra salen buenos cancelación ruido maravilla,77,0.0,Neutral
2868160294,MLM26578383,Sony WF-1000XM5 In-Ear,Mercado Libre,4.0,Sonido: claro y bien. Comodidad: un poco incómodos. Muy grandes. Vale la pena. La batería me ha durado lo mismo desde que los compré. La cancelación no me encanta.,Hace 3 mes,https://www.mercadolibre.com.mx/audifonos-true-wireless-con-noise-cancelling-wf-1000xm5-color-negro/p/MLM26578383,Sony,In-Ear,sonido claro bien comodidad incómodos grandes vale pena batería durado mismo compré cancelación encanta,163,0.0,Neutral
2836038419,MLM26578383,Sony WF-1000XM5 In-Ear,Mercado Libre,5.0,Aislamiento: excelente aislamiento de sonido. Materiales: la calidad es sumamente buena. Calidad de sonido y materiales.,Hace 3 mes,https://www.mercadolibre.com.mx/audifonos-true-wireless-con-noise-cancelling-wf-1000xm5-color-negro/p/MLM26578383,Sony,In-Ear,aislamiento excelente aislamiento sonido materiales calidad sumamente buena calidad sonido materiales,120,0.0,Neutral
2824413308,MLM26578383,Sony WF-1000XM5 In-Ear,Mercado Libre,5.0,Suenan bien chingon la verdad.,Hace 4 mes,https://www.mercadolibre.com.mx/audifonos-true-wireless-con-noise-cancelling-wf-1000xm5-color-negro/p/MLM26578383,Sony,In-Ear,suenan bien chingon verdad,30,0.0,Neutral
2806560378,MLM26578383,Sony WF-1000XM5 In-Ear,Mercado Libre,5.0,"Desde mi punto de vista, estos audífonos son de lo mejor que puedes comprar en este rango de precio. Antes de decidirme, los comparé con los airpods pro y los bose quietcomfort, además de revisar varias reseñas e investigar a fondo cuál era la mejor opción dentro de esta categoría. Después de probarlos, puedo decir que los sony wf-1000xm5 destacan como una excelente elección por su relación calidad-precio. La cancelación de ruido es realmente muy buena, de las mejores en su segmento, y mejora notablemente la experiencia al escuchar música o aislarte del entorno. Además, el precio al que se encuentran en mercadolibre suele ser más bajo que en otras tiendas físicas o en línea, lo cual los hace aún más atractivos. La ecualización que ofrecen estos audífonos a través de su aplicación hace que superen fácilmente a opciones como los bose o los airpods. El nivel de personalización es uno de sus puntos más fuertes. Si tu prioridad es la calidad de sonido en llamadas y una integración más directa, los airpods pueden ser una mejor opción. Si prefieres algo más simple, sin tanta personalización, los bose también cumplen bien. Pero si realmente buscas ajustar el sonido a tu gusto —modificando graves, medios y detalles finos—, los sony destacan claramente dentro de su segmento. La aplicación permite un grado de personalización muy completo, lo que los hace superiores en ese aspecto.",Hace 4 mes,https://www.mercadolibre.com.mx/audifonos-true-wireless-con-noise-cancelling-wf-1000xm5-color-negro/p/MLM26578383,Sony,In-Ear,punto vista audífonos mejor puedes comprar rango precio decidirme comparé airpods pro bose quietcomfort además revisar varias reseñas investigar fondo cuál mejor opción dentro categoría después probarlos puedo decir sony wfxm destacan excelente elección relación calidadprecio cancelación ruido realmente buena mejores segmento mejora notablemente experiencia escuchar música aislarte entorno además precio encuentran mercadolibre suele ser bajo tiendas físicas línea hace aún atractivos ecualización ofrecen audífonos través aplicación hace superen fácilmente opciones bose airpods nivel personalización puntos fuertes prioridad calidad sonido llamadas integración directa airpods pueden ser mejor opción prefieres simple tanta personalización bose cumplen bien realmente buscas ajustar sonido gusto modificando graves medios detalles finos sony destacan claramente dentro segmento aplicación permite grado personalización completo hace superiores aspecto,1392,0.0,Neutral
2791000481,MLM26578383,Sony WF-1000XM5 In-Ear,Mercado Libre,5.0,Exelente.,Hace 4 mes,https://www.mercadolibre.com.mx/audifonos-true-wireless-con-noise-cancelling-wf-1000xm5-color-negro/p/MLM26578383,Sony,In-Ear,exelente,9,0.0,Neutral
2773886243,MLM26578383,Sony WF-1000XM5 In-Ear,Mercado Libre,5.0,Los mejores audífonos del mercado por calidad un precio. Elimina el ruido exterior facilitando una escucha superior. Los recomiendo.,Hace 4 mes,https://www.mercadolibre.com.mx/audifonos-true-wireless-con-noise-cancelling-wf-1000xm5-color-negro/p/MLM26578383,Sony,In-Ear,mejores audífonos mercado calidad precio elimina ruido exterior facilitando escucha superior recomiendo,132,0.7,Positivo
2754652179,MLM26578383,Sony WF-1000XM5 In-Ear,Mercado Libre,5.0,Un absoluto espectáculo son increíbles pura calidad no te deja nada que pedir.,Hace 5 mes,https://www.mercadolibre.com.mx/audifonos-true-wireless-con-noise-cancelling-wf-1000xm5-color-negro/p/MLM26578383,Sony,In-Ear,absoluto espectáculo increíbles pura calidad deja pedir,78,0.0,Neutral
2693128925,MLM26578383,Sony WF-1000XM5 In-Ear,Mercado Libre,5.0,"Mis audífonos de uso diario, el audio es super bueno calidad y la pila les dura sin problema.",Hace 6 mes,https://www.mercadolibre.com.mx/audifonos-true-wireless-con-noise-cancelling-wf-1000xm5-color-negro/p/MLM26578383,Sony,In-Ear,audífonos uso diario audio super bueno calidad pila dura problema,93,0.333,Positivo
2676700745,MLM26578383,Sony WF-1000XM5 In-Ear,Mercado Libre,5.0,Los mejores audifonos que he comprado! la cancelación de ruido excelente y la calidad de audio pff! escuchándolos con tidal para exprimirlos al 100%.,Hace 6 mes,https://www.mercadolibre.com.mx/audifonos-true-wireless-con-noise-cancelling-wf-1000xm5-color-negro/p/MLM26578383,Sony,In-Ear,mejores audifonos comprado cancelación ruido excelente calidad audio pff escuchándolos tidal exprimirlos,149,0.0,Neutral
2667380703,MLM26578383,Sony WF-1000XM5 In-Ear,Mercado Libre,5.0,Sonido: claridad. Aislamiento: excelente. Valen la pena.,Hace 6 mes,https://www.mercadolibre.com.mx/audifonos-true-wireless-con-noise-cancelling-wf-1000xm5-color-negro/p/MLM26578383,Sony,In-Ear,sonido claridad aislamiento excelente valen pena,56,0.0,Neutral
2638048938,MLM26578383,Sony WF-1000XM5 In-Ear,Mercado Libre,5.0,Muy buena calidad de audio y la cancelación de ruido es excelente.,Hace 7 mes,https://www.mercadolibre.com.mx/audifonos-true-wireless-con-noise-cancelling-wf-1000xm5-color-negro/p/MLM26578383,Sony,In-Ear,buena calidad audio cancelación ruido excelente,66,0.0,Neutral
2637939670,MLM26578383,Sony WF-1000XM5 In-Ear,Mercado Libre,5.0,"La relación calidad precio es inmejorable, ampliamente recomendables si lo que buscas es aislarte en tu mundo, cómodos y muy prácticos para cargar.",Hace 7 mes,https://www.mercadolibre.com.mx/audifonos-true-wireless-con-noise-cancelling-wf-1000xm5-color-negro/p/MLM26578383,Sony,In-Ear,relación calidad precio inmejorable ampliamente recomendables buscas aislarte mundo cómodos prácticos cargar,147,0.0,Neutral
2629195582,MLM26578383,Sony WF-1000XM5 In-Ear,Mercado Libre,5.0,Excelente!.,Hace 7 mes,https://www.mercadolibre.com.mx/audifonos-true-wireless-con-noise-cancelling-wf-1000xm5-color-negro/p/MLM26578383,Sony,In-Ear,excelente,11,0.0,Neutral
2608950697,MLM26578383,Sony WF-1000XM5 In-Ear,Mercado Libre,5.0,Excelente producto.,Hace 7 mes,https://www.mercadolibre.com.mx/audifonos-true-wireless-con-noise-cancelling-wf-1000xm5-color-negro/p/MLM26578383,Sony,In-Ear,excelente producto,19,0.0,Neutral
2604080941,MLM26578383,Sony WF-1000XM5 In-Ear,Mercado Libre,5.0,"Geniales, se escuchan de maravilla, los materiales de primera, obvio por ser premium. El único detalle que tiene, es su manera peculiar para sincronizarse, no son como todos otros que se sincronizan rápidamente.",Hace 7 mes,https://www.mercadolibre.com.mx/audifonos-true-wireless-con-noise-cancelling-wf-1000xm5-color-negro/p/MLM26578383,Sony,In-Ear,geniales escuchan maravilla materiales primera obvio ser premium único detalle manera peculiar sincronizarse sincronizan rápidamente,211,0.0,Neutral
2590331544,MLM26578383,Sony WF-1000XM5 In-Ear,Mercado Libre,5.0,Excelente muy recomendado calidad de audio.,Hace 7 mes,https://www.mercadolibre.com.mx/audifonos-true-wireless-con-noise-cancelling-wf-1000xm5-color-negro/p/MLM26578383,Sony,In-Ear,excelente recomendado calidad audio,43,0.0,Neutral
2586963822,MLM26578383,Sony WF-1000XM5 In-Ear,Mercado Libre,5.0,Buenísimo solo que no me ajusta al 100 ninguna goma del oído izquierdo.,Hace 7 mes,https://www.mercadolibre.com.mx/audifonos-true-wireless-con-noise-cancelling-wf-1000xm5-color-negro/p/MLM26578383,Sony,In-Ear,buenísimo solo ajusta ninguna goma oído izquierdo,71,0.0,Neutral
2577463169,MLM26578383,Sony WF-1000XM5 In-Ear,Mercado Libre,5.0,Excelente calidad de sonido.,Hace 7 mes,https://www.mercadolibre.com.mx/audifonos-true-wireless-con-noise-cancelling-wf-1000xm5-color-negro/p/MLM26578383,Sony,In-Ear,excelente calidad sonido,28,0.0,Neutral
2575662704,MLM26578383,Sony WF-1000XM5 In-Ear,Mercado Libre,5.0,"Muy buenos audífonos, porque son calidad premium y de alta resolución de sonido y sobre todo porque se escucha a un mejor con audio justamente en alta resolución, muy recomendables.",Hace 8 mes,https://www.mercadolibre.com.mx/audifonos-true-wireless-con-noise-cancelling-wf-1000xm5-color-negro/p/MLM26578383,Sony,In-Ear,buenos audífonos calidad premium alta resolución sonido escucha mejor audio justamente alta resolución recomendables,181,0.0,Neutral
2558313861,MLM26578383,Sony WF-1000XM5 In-Ear,Mercado Libre,5.0,Buen producto.,Hace 8 mes,https://www.mercadolibre.com.mx/audifonos-true-wireless-con-noise-cancelling-wf-1000xm5-color-negro/p/MLM26578383,Sony,In-Ear,buen producto,14,0.0,Neutral
2547137128,MLM26578383,Sony WF-1000XM5 In-Ear,Mercado Libre,5.0,Excelente calidad de audio y la cancelación de ruido mejor que otras marcas 100 % recomendados.,Hace 8 mes,https://www.mercadolibre.com.mx/audifonos-true-wireless-con-noise-cancelling-wf-1000xm5-color-negro/p/MLM26578383,Sony,In-Ear,excelente calidad audio cancelación ruido mejor marcas recomendados,95,0.0,Neutral
2508550000,MLM26578383,Sony WF-1000XM5 In-Ear,Mercado Libre,5.0,Excelente calidad buen sonido.,Hace 8 mes,https://www.mercadolibre.com.mx/audifonos-true-wireless-con-noise-cancelling-wf-1000xm5-color-negro/p/MLM26578383,Sony,In-Ear,excelente calidad buen sonido,30,0.0,Neutral
2485869372,MLM26578383,Sony WF-1000XM5 In-Ear,Mercado Libre,5.0,Sonido perfecto.,Hace 8 mes,https://www.mercadolibre.com.mx/audifonos-true-wireless-con-noise-cancelling-wf-1000xm5-color-negro/p/MLM26578383,Sony,In-Ear,sonido perfecto,16,0.0,Neutral
2320657070,MLM26578383,Sony WF-1000XM5 In-Ear,Mercado Libre,5.0,"Perfecto pero precaución, el estuche no es aprueba de agua 💧.",Hace 10 me,https://www.mercadolibre.com.mx/audifonos-true-wireless-con-noise-cancelling-wf-1000xm5-color-negro/p/MLM26578383,Sony,In-Ear,perfecto precaución estuche aprueba agua,61,0.0,Neutral
2057331865,MLM26578383,Sony WF-1000XM5 In-Ear,Mercado Libre,5.0,Los mejores audífonos. Adiós airpods pro.,Hace 1 año,https://www.mercadolibre.com.mx/audifonos-true-wireless-con-noise-cancelling-wf-1000xm5-color-negro/p/MLM26578383,Sony,In-Ear,mejores audífonos adiós airpods pro,41,0.0,Neutral
2037425343,MLM26578383,Sony WF-1000XM5 In-Ear,Mercado Libre,5.0,"Estoy muy satisfecho con compra no cabe duda auriculares premiun en cuanto durabilidad, protección y resistencia estoy muy convencido de ellos. Voy para 5 meses con ellos muy contento.",Hace 1 año,https://www.mercadolibre.com.mx/audifonos-true-wireless-con-noise-cancelling-wf-1000xm5-color-negro/p/MLM26578383,Sony,In-Ear,satisfecho compra cabe duda auriculares premiun cuanto durabilidad protección resistencia convencido voy meses contento,184,0.0,Neutral
1986256141,MLM26578383,Sony WF-1000XM5 In-Ear,Mercado Libre,5.0,Sonido muy bueno y pila con muy buena duración. El sonido es muy bueno solo que los bajos no suenan tan duro aún así muy buenos auriculares.,Hace 1 año,https://www.mercadolibre.com.mx/audifonos-true-wireless-con-noise-cancelling-wf-1000xm5-color-negro/p/MLM26578383,Sony,In-Ear,sonido bueno pila buena duración sonido bueno solo bajos suenan tan duro aún así buenos auriculares,140,0.0,Neutral
1945629647,MLM26578383,Sony WF-1000XM5 In-Ear,Mercado Libre,5.0,"Excelentes, mas esteticos que la generación anterior y mas cómodos, excelentes en calidad de sonido, aunque si lo que buscas es la mejor calidad de sonido a pesar de la estética recomendaria nas la generación anterior.",Hace 1 año,https://www.mercadolibre.com.mx/audifonos-true-wireless-con-noise-cancelling-wf-1000xm5-color-negro/p/MLM26578383,Sony,In-Ear,excelentes mas esteticos generación anterior mas cómodos excelentes calidad sonido aunque buscas mejor calidad sonido pesar estética recomendaria nas generación anterior,218,0.0,Neutral
1939699252,MLM26578383,Sony WF-1000XM5 In-Ear,Mercado Libre,5.0,"Execelente producto, superó todas mis espectativas, muchas gracias.",Hace 1 año,https://www.mercadolibre.com.mx/audifonos-true-wireless-con-noise-cancelling-wf-1000xm5-color-negro/p/MLM26578383,Sony,In-Ear,execelente producto superó todas espectativas muchas gracias,67,0.0,Neutral
1920237839,MLM26578383,Sony WF-1000XM5 In-Ear,Mercado Libre,5.0,"Me gusta, pero se siente inestable en el oído.",Hace 1 año,https://www.mercadolibre.com.mx/audifonos-true-wireless-con-noise-cancelling-wf-1000xm5-color-negro/p/MLM26578383,Sony,In-Ear,gusta inestable oído,46,0.0,Neutral
1903990763,MLM26578383,Sony WF-1000XM5 In-Ear,Mercado Libre,5.0,"Excelentes audífonos, de los mejores que he probado.",Hace 1 año,https://www.mercadolibre.com.mx/audifonos-true-wireless-con-noise-cancelling-wf-1000xm5-color-negro/p/MLM26578383,Sony,In-Ear,excelentes audífonos mejores probado,52,0.0,Neutral
1898376818,MLM26578383,Sony WF-1000XM5 In-Ear,Mercado Libre,5.0,"Se escucha muy nítido, son muy buenos.",Hace 1 año,https://www.mercadolibre.com.mx/audifonos-true-wireless-con-noise-cancelling-wf-1000xm5-color-negro/p/MLM26578383,Sony,In-Ear,escucha nítido buenos,38,0.0,Neutral
1888600228,MLM26578383,Sony WF-1000XM5 In-Ear,Mercado Libre,5.0,"Es muy buen producto, aún lo estoy probando y eso incluye que aún no encuentro la forma correcta para colocarlo en el oído pero supongo que con el tiempo me acostumbrare y encontraré una forma de hacerlo.",Hace 1 año,https://www.mercadolibre.com.mx/audifonos-true-wireless-con-noise-cancelling-wf-1000xm5-color-negro/p/MLM26578383,Sony,In-Ear,buen producto aún probando incluye aún encuentro forma correcta colocarlo oído supongo tiempo acostumbrare encontraré forma hacerlo,204,0.0,Neutral
1885376968,MLM26578383,Sony WF-1000XM5 In-Ear,Mercado Libre,5.0,"Puede que no el modo ambiente no cancele mucho pero en cuanto a volumen y calidad de sonido lo compensan así como también el uso de diversas almohadas para el uso de las orejas, por lo que personalmente los recomiendo si buscas unos audífonos premium enfocados en una buena calidad de sonido.",Hace 1 año,https://www.mercadolibre.com.mx/audifonos-true-wireless-con-noise-cancelling-wf-1000xm5-color-negro/p/MLM26578383,Sony,In-Ear,puede modo ambiente cancele cuanto volumen calidad sonido compensan así uso diversas almohadas uso orejas personalmente recomiendo buscas audífonos premium enfocados buena calidad sonido,292,0.0,Neutral
1867794555,MLM26578383,Sony WF-1000XM5 In-Ear,Mercado Libre,5.0,"Muy buen sonido, pero es lo menos que esperas por el precio.",Hace 1 año,https://www.mercadolibre.com.mx/audifonos-true-wireless-con-noise-cancelling-wf-1000xm5-color-negro/p/MLM26578383,Sony,In-Ear,buen sonido menos esperas precio,60,0.0,Neutral
1868626372,MLM26578383,Sony WF-1000XM5 In-Ear,Mercado Libre,5.0,Buen sonido y sistema. Si buscas algo que sea discreto para cortas secciones de música o series son buena opción.,Hace 1 año,https://www.mercadolibre.com.mx/audifonos-true-wireless-con-noise-cancelling-wf-1000xm5-color-negro/p/MLM26578383,Sony,In-Ear,buen sonido sistema buscas discreto cortas secciones música series buena opción,113,0.0,Neutral
1817458404,MLM26578383,Sony WF-1000XM5 In-Ear,Mercado Libre,5.0,Se escucha increíble.,Hace 1 año,https://www.mercadolibre.com.mx/audifonos-true-wireless-con-noise-cancelling-wf-1000xm5-color-negro/p/MLM26578383,Sony,In-Ear,escucha increíble,21,0.0,Neutral
1439412754,MLM26578383,Sony WF-1000XM5 In-Ear,Mercado Libre,5.0,"Que se puede decir de estos audífonos,lo traen todo,para mí los mejores.",Hace 1 año,https://www.mercadolibre.com.mx/audifonos-true-wireless-con-noise-cancelling-wf-1000xm5-color-negro/p/MLM26578383,Sony,In-Ear,puede decir audífonoslo traen todopara mejores,72,0.0,Neutral
1252447593,MLM26578383,Sony WF-1000XM5 In-Ear,Mercado Libre,5.0,"Todo original y excelente, sony siendo sony en audio.",Hace más d,https://www.mercadolibre.com.mx/audifonos-true-wireless-con-noise-cancelling-wf-1000xm5-color-negro/p/MLM26578383,Sony,In-Ear,original excelente sony siendo sony audio,53,0.375,Positivo
1249779780,MLM26578383,Sony WF-1000XM5 In-Ear,Mercado Libre,4.0,Bueno respecto al anterior decae un poco la calidad del audio peri buen producto.,Hace más d,https://www.mercadolibre.com.mx/audifonos-true-wireless-con-noise-cancelling-wf-1000xm5-color-negro/p/MLM26578383,Sony,In-Ear,bueno respecto anterior decae calidad audio peri buen producto,81,0.0,Neutral
1223675055,MLM26578383,Sony WF-1000XM5 In-Ear,Mercado Libre,5.0,Se escuchan muy bien.,Hace más d,https://www.mercadolibre.com.mx/audifonos-true-wireless-con-noise-cancelling-wf-1000xm5-color-negro/p/MLM26578383,Sony,In-Ear,escuchan bien,21,0.0,Neutral
1224440698,MLM26578383,Sony WF-1000XM5 In-Ear,Mercado Libre,5.0,"Excelente sonido, buenos materiales.",Hace más d,https://www.mercadolibre.com.mx/audifonos-true-wireless-con-noise-cancelling-wf-1000xm5-color-negro/p/MLM26578383,Sony,In-Ear,excelente sonido buenos materiales,36,0.0,Neutral
1214186541,MLM26578383,Sony WF-1000XM5 In-Ear,Mercado Libre,5.0,Excelente producto no dejo de usarlos.,Hace más d,https://www.mercadolibre.com.mx/audifonos-true-wireless-con-noise-cancelling-wf-1000xm5-color-negro/p/MLM26578383,Sony,In-Ear,excelente producto dejo usarlos,38,0.0,Neutral
1207249425,MLM26578383,Sony WF-1000XM5 In-Ear,Mercado Libre,5.0,"Excelentes, son los mejores auriculares que hay en el mercado actualmente con alta definición de sonido.",Hace más d,https://www.mercadolibre.com.mx/audifonos-true-wireless-con-noise-cancelling-wf-1000xm5-color-negro/p/MLM26578383,Sony,In-Ear,excelentes mejores auriculares mercado actualmente alta definición sonido,104,0.0,Neutral
1091701543,MLM26578383,Sony WF-1000XM5 In-Ear,Mercado Libre,5.0,Excelente producto.,Hace más d,https://www.mercadolibre.com.mx/audifonos-true-wireless-con-noise-cancelling-wf-1000xm5-color-negro/p/MLM26578383,Sony,In-Ear,excelente producto,19,0.0,Neutral
1073332535,MLM26578383,Sony WF-1000XM5 In-Ear,Mercado Libre,5.0,"Me encantan, los mejores simplemente.",Hace más d,https://www.mercadolibre.com.mx/audifonos-true-wireless-con-noise-cancelling-wf-1000xm5-color-negro/p/MLM26578383,Sony,In-Ear,encantan mejores simplemente,37,0.0,Neutral
955810660,MLM26578383,Sony WF-1000XM5 In-Ear,Mercado Libre,5.0,"Uffff entre bose, beats, skullcandy, pioneer, airpods pro y estos, la verdad que dejan a todos los otros por atras, los mas cercanos son los bose quite confort 2, pero estos son mas nitidos y con mas bajos, y la bateria les dura mas, encantado con los audifonos, pienso brincar a otro modelo con cable para mejor calidad de sonido pero estos son perfectos para lo que son.",Hace más d,https://www.mercadolibre.com.mx/audifonos-true-wireless-con-noise-cancelling-wf-1000xm5-color-negro/p/MLM26578383,Sony,In-Ear,uffff bose beats skullcandy pioneer airpods pro verdad dejan atras mas cercanos bose quite confort mas nitidos mas bajos bateria dura mas encantado audifonos pienso brincar modelo cable mejor calidad sonido perfectos,372,0.0,Neutral
925243928,MLM26578383,Sony WF-1000XM5 In-Ear,Mercado Libre,5.0,Excelente lo que esperaba.,Hace más d,https://www.mercadolibre.com.mx/audifonos-true-wireless-con-noise-cancelling-wf-1000xm5-color-negro/p/MLM26578383,Sony,In-Ear,excelente esperaba,26,0.0,Neutral
905963711,MLM26578383,Sony WF-1000XM5 In-Ear,Mercado Libre,5.0,Excelente todo. El único inconveniente y considero tal vez un poco antihigiénico son las almohadillas. De ahí en fuera todo muy bien.,Hace más d,https://www.mercadolibre.com.mx/audifonos-true-wireless-con-noise-cancelling-wf-1000xm5-color-negro/p/MLM26578383,Sony,In-Ear,excelente único inconveniente considero tal vez antihigiénico almohadillas ahí bien,133,0.0,Neutral
829039486,MLM26578383,Sony WF-1000XM5 In-Ear,Mercado Libre,5.0,Los mejores audífonos del mercado.,Hace más d,https://www.mercadolibre.com.mx/audifonos-true-wireless-con-noise-cancelling-wf-1000xm5-color-negro/p/MLM26578383,Sony,In-Ear,mejores audífonos mercado,34,0.0,Neutral
814794024,MLM26578383,Sony WF-1000XM5 In-Ear,Mercado Libre,5.0,De calidad! lo mejor en audio.,Hace más d,https://www.mercadolibre.com.mx/audifonos-true-wireless-con-noise-cancelling-wf-1000xm5-color-negro/p/MLM26578383,Sony,In-Ear,calidad mejor audio,30,0.0,Neutral
803221431,MLM26578383,Sony WF-1000XM5 In-Ear,Mercado Libre,5.0,Son exelentes.,Hace más d,https://www.mercadolibre.com.mx/audifonos-true-wireless-con-noise-cancelling-wf-1000xm5-color-negro/p/MLM26578383,Sony,In-Ear,exelentes,14,0.0,Neutral
775165873,MLM26578383,Sony WF-1000XM5 In-Ear,Mercado Libre,5.0,"Funciona muy bien, la cancelacio y de ruido es muy notable y de gran ayuda, el que puedas conectarlo a alexa o a google hace un manos libres perfecto. Yo lo compré para usarlos mientras ando en bicicleta pero no los recomiendo para eso. Por la forma que tienen hace que el viento choque en la superficie de los audifonos y lo que escucharás será viento a gran volumen.",Hace más d,https://www.mercadolibre.com.mx/audifonos-true-wireless-con-noise-cancelling-wf-1000xm5-color-negro/p/MLM26578383,Sony,In-Ear,funciona bien cancelacio ruido notable gran ayuda puedas conectarlo alexa google hace manos libres perfecto compré usarlos mientras ando bicicleta recomiendo forma hace viento choque superficie audifonos escucharás viento gran volumen,368,0.5,Positivo
765055415,MLM26578383,Sony WF-1000XM5 In-Ear,Mercado Libre,5.0,"Después de los 1000xm4 solo podía esperar algo similar, pero creo están mejor, más livianos y cómodos y con el soberbio y preciso sonido que ya conocía, simplemente excelentes!.",Hace más d,https://www.mercadolibre.com.mx/audifonos-true-wireless-con-noise-cancelling-wf-1000xm5-color-negro/p/MLM26578383,Sony,In-Ear,después solo podía esperar similar creo mejor livianos cómodos soberbio preciso sonido conocía simplemente excelentes,177,0.0,Neutral
748296690,MLM26578383,Sony WF-1000XM5 In-Ear,Mercado Libre,5.0,"Bueno, solo no tiene el instructivo en español.",Hace más d,https://www.mercadolibre.com.mx/audifonos-true-wireless-con-noise-cancelling-wf-1000xm5-color-negro/p/MLM26578383,Sony,In-Ear,bueno solo instructivo español,47,0.0,Neutral
715046807,MLM26578383,Sony WF-1000XM5 In-Ear,Mercado Libre,5.0,Excelente producto 100% recomendado.,Hace más d,https://www.mercadolibre.com.mx/audifonos-true-wireless-con-noise-cancelling-wf-1000xm5-color-negro/p/MLM26578383,Sony,In-Ear,excelente producto recomendado,36,0.0,Neutral
711636203,MLM26578383,Sony WF-1000XM5 In-Ear,Mercado Libre,5.0,"Es un muy buen producto pero la verdad me gusta más la app de los samsung que te da las opciones como que más a la mano, estás están un poco más complicadas aunque no deja de ser completamente automático.",Hace más d,https://www.mercadolibre.com.mx/audifonos-true-wireless-con-noise-cancelling-wf-1000xm5-color-negro/p/MLM26578383,Sony,In-Ear,buen producto verdad gusta app samsung opciones mano complicadas aunque deja ser completamente automático,204,0.0,Neutral
886669395,MLM26578383,Sony WF-1000XM5 In-Ear,Mercado Libre,3.0,No cancela adecuadamente el ruido. Se desconectan cercas de las antenas 5g. Cuando corro se escucha un ruido. Siento que se me caen.,Hace más d,https://www.mercadolibre.com.mx/audifonos-true-wireless-con-noise-cancelling-wf-1000xm5-color-negro/p/MLM26578383,Sony,In-Ear,cancela adecuadamente ruido desconectan cercas antenas corro escucha ruido siento caen,132,0.0,Neutral
776684055,MLM26578383,Sony WF-1000XM5 In-Ear,Mercado Libre,3.0,"Aunque el producto es bueno, me asaltó la duda de porqué el manual no viene en español. Solamente en chino, a veces por ahorrar un poco nos podemos llevar una decepción. Existen otras plataformas donde bien puedo comprar aún más barato directamente de china, pero si compro aquí es porque supongo que los productos cumplen con los estándares del país.",Hace más d,https://www.mercadolibre.com.mx/audifonos-true-wireless-con-noise-cancelling-wf-1000xm5-color-negro/p/MLM26578383,Sony,In-Ear,aunque producto bueno asaltó duda porqué manual viene español solamente chino veces ahorrar podemos llevar decepción existen plataformas bien puedo comprar aún barato directamente china compro aquí supongo productos cumplen estándares país,351,0.0,Neutral
1175119174,MLM26578383,Sony WF-1000XM5 In-Ear,Mercado Libre,1.0,El auricular izquierdo solo funciona a veces. Es increíble que vendan esta calidad de producto por tan alto precio. No comprar.,Hace más d,https://www.mercadolibre.com.mx/audifonos-true-wireless-con-noise-cancelling-wf-1000xm5-color-negro/p/MLM26578383,Sony,In-Ear,auricular izquierdo solo funciona veces increíble vendan calidad producto tan alto precio comprar,127,0.0,Neutral
2624791633,MLM26578383,Sony WF-1000XM5 In-Ear,Mercado Libre,3.0,Esperaba más.,Hace 7 mes,https://www.mercadolibre.com.mx/audifonos-true-wireless-con-noise-cancelling-wf-1000xm5-color-negro/p/MLM26578383,Sony,In-Ear,esperaba,13,0.0,Neutral
819123182,MLM26578383,Sony WF-1000XM5 In-Ear,Mercado Libre,3.0,"Soy una persona que le gusta la calidad y el precio de estos audífonos no creo valla acorde con eso ya tengo los wh y pensé que estos wf serian mejor en cancelación y sonido pero no es verdad, realmente valen más la pena los airpods pro aunque no tengas iphone créanme que la experiencia es mejor y evitas buscar la mejor calidad con los ecualizadores de estos, y la cancelación sigue siendo mejor, tal ves por el tema de la posición pero estos no aíslan tan bien, bien audio pero el 360 no sirve lo vincule muchas veces y nada, pero si tu quieres vivir la ""experiencia"" de estos audífonos adelante es mejor que tu mismo lo compruebes, nose tal ves yo estoy loco.",Hace más d,https://www.mercadolibre.com.mx/audifonos-true-wireless-con-noise-cancelling-wf-1000xm5-color-negro/p/MLM26578383,Sony,In-Ear,persona gusta calidad precio audífonos creo valla acorde pensé serian mejor cancelación sonido verdad realmente valen pena airpods pro aunque iphone créanme experiencia mejor evitas buscar mejor calidad ecualizadores cancelación sigue siendo mejor tal ves tema posición aíslan tan bien bien audio sirve vincule muchas veces quieres vivir experiencia audífonos adelante mejor mismo compruebes nose tal ves loco,663,0.0,Neutral
2878112061,MLM26578383,Sony WF-1000XM5 In-Ear,Mercado Libre,3.0,"Aislamiento: no sorprendente. Sonido: buena calidad. Buena calidad de sonido, pero el aislamiento deja mucho que desear, y las gomitas de los audífonos se ensucian demasiado por el material. No tan precio-calidad.",Hace 2 mes,https://www.mercadolibre.com.mx/audifonos-true-wireless-con-noise-cancelling-wf-1000xm5-color-negro/p/MLM26578383,Sony,In-Ear,aislamiento sorprendente sonido buena calidad buena calidad sonido aislamiento deja desear gomitas audífonos ensucian demasiado material tan preciocalidad,213,0.0,Neutral
2753607985,MLM26578383,Sony WF-1000XM5 In-Ear,Mercado Libre,3.0,"No me gustaron son muy parecidos a su versión anterior, no creo que valga la pena el cambio hasta la siguiente presión veremos.",Hace 5 mes,https://www.mercadolibre.com.mx/audifonos-true-wireless-con-noise-cancelling-wf-1000xm5-color-negro/p/MLM26578383,Sony,In-Ear,gustaron parecidos versión anterior creo valga pena cambio siguiente presión veremos,127,0.0,Neutral
2657508170,MLM26578383,Sony WF-1000XM5 In-Ear,Mercado Libre,3.0,Bonitos pero caros.,Hace 7 mes,https://www.mercadolibre.com.mx/audifonos-true-wireless-con-noise-cancelling-wf-1000xm5-color-negro/p/MLM26578383,Sony,In-Ear,bonitos caros,19,0.0,Neutral
2649310973,MLM26578383,Sony WF-1000XM5 In-Ear,Mercado Libre,3.0,"Aislamiento: muy pobre, veo comentarios hablando de lo bueno que es y para mi la cancelación de ruido es incluso mejor los de samsung. Sonido: no realmente, quizás con almohadillas correctas, pero ninguna de las que trae el paquete funcionan. Es sony, calidad si, sonido realmente no me sorprende, no soy experto tampoco, pero lo siento pobre en volumen y la cancelación de ruido no es a mi parecer la mejor. Los samsung bud 3 pro tienen mejor sonido y aislamiento acústico.",Hace 7 mes,https://www.mercadolibre.com.mx/audifonos-true-wireless-con-noise-cancelling-wf-1000xm5-color-negro/p/MLM26578383,Sony,In-Ear,aislamiento pobre veo comentarios hablando bueno cancelación ruido incluso mejor samsung sonido realmente quizás almohadillas correctas ninguna trae paquete funcionan sony calidad sonido realmente sorprende experto tampoco siento pobre volumen cancelación ruido parecer mejor samsung bud pro mejor sonido aislamiento acústico,474,0.0,Neutral
2111268040,MLM26578383,Sony WF-1000XM5 In-Ear,Mercado Libre,1.0,"Les dura muy poco la batería, tengo audífonos 2 veces más baratos y tienen mejor durabilidad de batería.",Hace 1 año,https://www.mercadolibre.com.mx/audifonos-true-wireless-con-noise-cancelling-wf-1000xm5-color-negro/p/MLM26578383,Sony,In-Ear,dura batería audífonos veces baratos mejor durabilidad batería,104,0.0,Neutral
1800007783,MLM26578383,Sony WF-1000XM5 In-Ear,Mercado Libre,2.0,"Tiene bastantes fallas, se pierde la señal con el movimiento y las almohadillas son súper incómodas.",Hace 1 año,https://www.mercadolibre.com.mx/audifonos-true-wireless-con-noise-cancelling-wf-1000xm5-color-negro/p/MLM26578383,Sony,In-Ear,bastantes fallas pierde señal movimiento almohadillas súper incómodas,100,0.0,Neutral
1774708173,MLM26578383,Sony WF-1000XM5 In-Ear,Mercado Libre,2.0,"Su app no permite modificar los botones a tu gusto, la caja se siente de plastico corriente, pero su audio si es bueno, esperaba algo mas potente, pero lo que lo salva es la cancelacion de ruido, si tienes unos huawei o apple, la verdad no te pierdes de nada comprando estos audifonos.",Hace 1 año,https://www.mercadolibre.com.mx/audifonos-true-wireless-con-noise-cancelling-wf-1000xm5-color-negro/p/MLM26578383,Sony,In-Ear,app permite modificar botones gusto caja plastico corriente audio bueno esperaba mas potente salva cancelacion ruido huawei apple verdad pierdes comprando audifonos,285,0.0,Neutral
1740270311,MLM26578383,Sony WF-1000XM5 In-Ear,Mercado Libre,2.0,"No fueron lo que esperaba es decir el sonido si está chido separa muy bien cada instrumento. El bajo no tan potente. Deja que desear. En cuanto a la ""inmersión"" falla bastante cuando la canción tiene un tono de izq a der no se siente como baja el sonido de un lado a otro. Se siente como si fuera un audio mono. Sin esa capacidad muy mal punto. Otro detalle es que las gomitas literalmente me violaron los oídos, me dejaron desgarros y irritación con algo de sangre. Definitivamente no esperaba esto. Y por ""el precio"" esperaba algo mejor.",Hace 1 año,https://www.mercadolibre.com.mx/audifonos-true-wireless-con-noise-cancelling-wf-1000xm5-color-negro/p/MLM26578383,Sony,In-Ear,esperaba decir sonido chido separa bien cada instrumento bajo tan potente deja desear cuanto inmersión falla bastante canción tono izq der baja sonido lado audio mono capacidad mal punto detalle gomitas literalmente violaron oídos dejaron desgarros irritación sangre definitivamente esperaba precio esperaba mejor,539,0.0,Neutral
1740096522,MLM26578383,Sony WF-1000XM5 In-Ear,Mercado Libre,2.0,"Tal vez no lo se equalizar bien, pero se escuchan mejor los sony w-500.",Hace 1 año,https://www.mercadolibre.com.mx/audifonos-true-wireless-con-noise-cancelling-wf-1000xm5-color-negro/p/MLM26578383,Sony,In-Ear,tal vez equalizar bien escuchan mejor sony,71,0.0,Neutral
1535055322,MLM26578383,Sony WF-1000XM5 In-Ear,Mercado Libre,2.0,"Para ser un producto de un valor alto no tiene la calidad de sonido que uno espera, en todo caso es lo mismo comprar uno de mil pesos.",Hace 1 año,https://www.mercadolibre.com.mx/audifonos-true-wireless-con-noise-cancelling-wf-1000xm5-color-negro/p/MLM26578383,Sony,In-Ear,ser producto valor alto calidad sonido espera caso mismo comprar mil pesos,134,0.0,Neutral
1193568822,MLM26578383,Sony WF-1000XM5 In-Ear,Mercado Libre,1.0,"De 1 estrella que le puse después de 2 días de uso lo estoy cambiando a 4 casi 5. Razones buenas. La batería es la mejor que he encontrado en todos los modelos y marcas comprados. En promedio los earbuds como aurpods te duran cada recarga unas 4. 5 horas. Teniendo en cuenta toda la configuración los sony wf-1000xm5 duran 9. 5 horas!!. La cancelación de ruido es impresionante!!. Ojo!! deberás de al ponerte los audífonos rotarlos unas dos veces ya teniéndolos puestos. Esto hará que cada audifono se introduzca a presión suave y selle al 100%, y hará que de bloquear un 30% suba a bloquear un 90% de ruido!!!. El ecualizador de sonido es el mejor que existe y eso que he probado 10 marcas diferente y ninguna le acerca. El case es sumamente ligero y es pequeño, por lo que lo podrás traer en cualquier lugar. Razones malas. Las almohadillas que tienen deberás cuidarlas mucho, ya que no son fáciles de conseguir, la almohadilla tiene la malla que capta toda humedad, suciedad y cerumen en tus oídos, por lo que si usas cualquier almohadilla sino trae la malla protectora, podrás dañar los audífonos. El número de recargas al 100% reales que te da el case es de 2 veces solamente y si tienes suerte la 3er recarga llegará al 50%. Por lo que recomiendo llevar un power bank.",Hace más d,https://www.mercadolibre.com.mx/audifonos-true-wireless-con-noise-cancelling-wf-1000xm5-color-negro/p/MLM26578383,Sony,In-Ear,estrella puse después días uso cambiando casi razones buenas batería mejor encontrado modelos marcas comprados promedio earbuds aurpods duran cada recarga unas horas cuenta toda configuración sony wfxm duran horas cancelación ruido impresionante ojo deberás ponerte audífonos rotarlos unas dos veces teniéndolos puestos hará cada audifono introduzca presión suave selle hará bloquear suba bloquear ruido ecualizador sonido mejor existe probado marcas diferente ninguna acerca case sumamente ligero pequeño podrás traer cualquier lugar razones malas almohadillas deberás cuidarlas fáciles conseguir almohadilla malla capta toda humedad suciedad cerumen oídos usas cualquier almohadilla sino trae malla protectora podrás dañar audífonos número recargas reales case veces solamente suerte recarga llegará recomiendo llevar power bank,1274,0.0,Neutral
2351908009,MLM1054106888,Apple AirPods Pro In-Ear,Mercado Libre,5.0,"Que me sobren las palabras…. Los airpods pro 3 son los mejores audífonos in-ear que he probado hasta ahora, no hay manera de describir la cancelación de ruido, vengo de unos pros 2 y la diferencia es bastante significativa, la calidad del audio me parece similar a la generación pasada (que ya era buena) con la diferencia que mejoraron bastante los graves, algo lógico ya que cuentan con el mismo chip. Si quieres la mejor cancelación de ruido o nunca has tenido unos airpods pro, estos son los audífonos indicados, si no es tan importante para ti la anc o tus pros 2 todavía les dura bien la batería, puede que no sea tan necesario el cambio.",Hace 10 me,https://www.mercadolibre.com.mx/apple-airpods-pro-3-color-blanco-con-cancelacion-de-ruido-distribuidor-autorizado/p/MLM1054106888,Apple,In-Ear,sobren palabras airpods pro mejores audífonos inear probado ahora manera describir cancelación ruido vengo pros diferencia bastante significativa calidad audio parece similar generación pasada buena diferencia mejoraron bastante graves lógico cuentan mismo chip quieres mejor cancelación ruido nunca airpods pro audífonos indicados tan importante anc pros todavía dura bien batería puede tan necesario cambio,644,0.0,Neutral
2506118265,MLM1054106888,Apple AirPods Pro In-Ear,Mercado Libre,5.0,"Son excelentes, los tuve que cambiar porque dañe mis airpods pro 2, así que va una reseña que les va a servir: si tienen los airpods pro 2, no vale la pena cambiar, porque es casi lo mismo, mejoran algunas cosas pero por el precio no vale la pena el cambio; sin embargo si serán sus primeros, se los recomiendo ampliamente, hay una mejora muy notable en la cancelación de ruido, no escuchas nada del exterior, además de que los bajos mejoraron considerablemente. Por último, son diferentes en diseño, pero cuando se los colocan son muy cómodos y no se ven más grandes, ocupan el mismo espacio, eso sí, los audífonos duran más pero el estuche no, hay que cargarlo cada 2 o 3 días.",Hace 8 mes,https://www.mercadolibre.com.mx/apple-airpods-pro-3-color-blanco-con-cancelacion-de-ruido-distribuidor-autorizado/p/MLM1054106888,Apple,In-Ear,excelentes cambiar dañe airpods pro así reseña servir airpods pro vale pena cambiar casi mismo mejoran cosas precio vale pena cambio embargo primeros recomiendo ampliamente mejora notable cancelación ruido escuchas exterior además bajos mejoraron considerablemente último diferentes diseño colocan cómodos ven grandes ocupan mismo espacio audífonos duran estuche cargarlo cada días,679,0.5,Positivo
2370074292,MLM1054106888,Apple AirPods Pro In-Ear,Mercado Libre,5.0,Se los regalé a mi novia y está súper contenta con ellos.,Hace 10 me,https://www.mercadolibre.com.mx/apple-airpods-pro-3-color-blanco-con-cancelacion-de-ruido-distribuidor-autorizado/p/MLM1054106888,Apple,In-Ear,regalé novia súper contenta,57,0.0,Neutral
2412738006,MLM1054106888,Apple AirPods Pro In-Ear,Mercado Libre,4.0,"El producto muy bueno, la verdad excelente calidad de sonido y la cancelación de ruido está muy bien, solo que la caja venía muy golpeada si no le diera 5 estrellas.",Hace 9 mes,https://www.mercadolibre.com.mx/apple-airpods-pro-3-color-blanco-con-cancelacion-de-ruido-distribuidor-autorizado/p/MLM1054106888,Apple,In-Ear,producto bueno verdad excelente calidad sonido cancelación ruido bien solo caja venía golpeada diera estrellas,165,0.0,Neutral
2680016918,MLM1054106888,Apple AirPods Pro In-Ear,Mercado Libre,5.0,"Comodidad: muy cómodos, ni se siente que los tengo puestos. Aislamiento: cumple en todas sus funciones perfectamente. Después de 3 meses de uso diría que son uno de los audífonos más cómodos que he probado, con buena calidad de audio y cancelación de ruido, con buena duración de batería y con la ventaja de la función cargándolos al 80% para cuidar su batería.",Hace 6 mes,https://www.mercadolibre.com.mx/apple-airpods-pro-3-color-blanco-con-cancelacion-de-ruido-distribuidor-autorizado/p/MLM1054106888,Apple,In-Ear,comodidad cómodos puestos aislamiento cumple todas funciones perfectamente después meses uso diría audífonos cómodos probado buena calidad audio cancelación ruido buena duración batería ventaja función cargándolos cuidar batería,361,0.0,Neutral
2355322929,MLM1054106888,Apple AirPods Pro In-Ear,Mercado Libre,5.0,Superaron mis expectativas en cuanto el audio y la comodidad. Suenan mejor que hasta mis airpods pro max.,Hace 10 me,https://www.mercadolibre.com.mx/apple-airpods-pro-3-color-blanco-con-cancelacion-de-ruido-distribuidor-autorizado/p/MLM1054106888,Apple,In-Ear,superaron expectativas cuanto audio comodidad suenan mejor airpods pro max,105,0.0,Neutral
2941155932,MLM1054106888,Apple AirPods Pro In-Ear,Mercado Libre,5.0,"Llegaron rápido, son originales, el audio excelente, la canción de ruido excelente, todo muy bien me encantaron.",Hace 2 mes,https://www.mercadolibre.com.mx/apple-airpods-pro-3-color-blanco-con-cancelacion-de-ruido-distribuidor-autorizado/p/MLM1054106888,Apple,In-Ear,llegaron rápido originales audio excelente canción ruido excelente bien encantaron,112,0.0,Neutral
2389272913,MLM1054106888,Apple AirPods Pro In-Ear,Mercado Libre,5.0,,Hace 9 mes,https://www.mercadolibre.com.mx/apple-airpods-pro-3-color-blanco-con-cancelacion-de-ruido-distribuidor-autorizado/p/MLM1054106888,Apple,In-Ear,,0,0.0,Neutral
2396856436,MLM1054106888,Apple AirPods Pro In-Ear,Mercado Libre,5.0,,Hace 9 mes,https://www.mercadolibre.com.mx/apple-airpods-pro-3-color-blanco-con-cancelacion-de-ruido-distribuidor-autorizado/p/MLM1054106888,Apple,In-Ear,,0,0.0,Neutral
3004725556,MLM1054106888,Apple AirPods Pro In-Ear,Mercado Libre,5.0,,Hace 3 sem,https://www.mercadolibre.com.mx/apple-airpods-pro-3-color-blanco-con-cancelacion-de-ruido-distribuidor-autorizado/p/MLM1054106888,Apple,In-Ear,,0,0.0,Neutral
2936701218,MLM1054106888,Apple AirPods Pro In-Ear,Mercado Libre,5.0,"Sonido: excelente sonido. Aislamiento: la cancelación es increíble. Tenía rato queriendo comprarlos y no me arrepiento para nada ,promo hotsale y a msi ,sonido ,calidad y muy buenos extras.",Hace 2 mes,https://www.mercadolibre.com.mx/apple-airpods-pro-3-color-blanco-con-cancelacion-de-ruido-distribuidor-autorizado/p/MLM1054106888,Apple,In-Ear,sonido excelente sonido aislamiento cancelación increíble rato queriendo comprarlos arrepiento promo hotsale msi sonido calidad buenos extras,189,0.0,Neutral
2471047946,MLM1054106888,Apple AirPods Pro In-Ear,Mercado Libre,4.0,Excelente.,Hace 9 mes,https://www.mercadolibre.com.mx/apple-airpods-pro-3-color-blanco-con-cancelacion-de-ruido-distribuidor-autorizado/p/MLM1054106888,Apple,In-Ear,excelente,10,0.0,Neutral
2398140021,MLM1054106888,Apple AirPods Pro In-Ear,Mercado Libre,5.0,Todo excelente con los audífonos.,Hace 9 mes,https://www.mercadolibre.com.mx/apple-airpods-pro-3-color-blanco-con-cancelacion-de-ruido-distribuidor-autorizado/p/MLM1054106888,Apple,In-Ear,excelente audífonos,33,0.0,Neutral
2987135860,MLM1054106888,Apple AirPods Pro In-Ear,Mercado Libre,5.0,"Aislamiento: la mejor cancelación de ruido y transparencia. Sonido: la claridad con que suenan es muy buena, los graves y agudos perfectos. Cómpralos sin pensar es la mejor inversión.",Hace 1 mes,https://www.mercadolibre.com.mx/apple-airpods-pro-3-color-blanco-con-cancelacion-de-ruido-distribuidor-autorizado/p/MLM1054106888,Apple,In-Ear,aislamiento mejor cancelación ruido transparencia sonido claridad suenan buena graves agudos perfectos cómpralos pensar mejor inversión,183,0.0,Neutral
2725156795,MLM1054106888,Apple AirPods Pro In-Ear,Mercado Libre,5.0,"Sonido: me encanta la claridad del sonido, en lo particular me gustan más los agudos que los graves. Comodidad: peso, comodidad y ajuste perfectos, sientes como sino los trajeras puestos. Solo un detalle venía sucia la caja y un poco maltratada, pero si estaban sellados y cuando los vincule a mi iphone los reconoció y detectó originales. Si me preguntaran: es necesario cambiar de pro2 a los pro3, si quieres mejor cancelación de ruido, aún mayor nitidez y sonido de música mi respuesta sería si, en caso que los pro2 ya empiezan a tener fallas de autoconectarse al iphone, o si quieres tener ambos por si uno u otro se le olvidan en casa, oficina, estaría perfecto, mis pro2 los dejo en la oficina y siempre traigo los pro3 conmigo. Valió la pena la compra.",Hace 5 mes,https://www.mercadolibre.com.mx/apple-airpods-pro-3-color-blanco-con-cancelacion-de-ruido-distribuidor-autorizado/p/MLM1054106888,Apple,In-Ear,sonido encanta claridad sonido particular gustan agudos graves comodidad peso comodidad ajuste perfectos sientes sino trajeras puestos solo detalle venía sucia caja maltratada sellados vincule iphone reconoció detectó originales preguntaran necesario cambiar pro pro quieres mejor cancelación ruido aún mayor nitidez sonido música respuesta caso pro empiezan tener fallas autoconectarse iphone quieres tener ambos olvidan casa oficina perfecto pro dejo oficina siempre traigo pro conmigo valió pena compra,760,0.167,Positivo
2395405294,MLM1054106888,Apple AirPods Pro In-Ear,Mercado Libre,5.0,Excelentes. 100% originales. Se escuchan increíbles.,Hace 10 me,https://www.mercadolibre.com.mx/apple-airpods-pro-3-color-blanco-con-cancelacion-de-ruido-distribuidor-autorizado/p/MLM1054106888,Apple,In-Ear,excelentes originales escuchan increíbles,52,0.0,Neutral
2977437020,MLM1054106888,Apple AirPods Pro In-Ear,Mercado Libre,5.0,Materiales: calidad en materiales. Comodidad: comodidad al primer contacto. Recomendables al 100.,Hace 1 mes,https://www.mercadolibre.com.mx/apple-airpods-pro-3-color-blanco-con-cancelacion-de-ruido-distribuidor-autorizado/p/MLM1054106888,Apple,In-Ear,materiales calidad materiales comodidad comodidad primer contacto recomendables,97,0.0,Neutral
2983494022,MLM1054106888,Apple AirPods Pro In-Ear,Mercado Libre,5.0,Aislamiento: totalmente originales. Sonido: muy chulo y de buena calidad si es lo que promote. Vale cada peso estos airpods muy chidos y cómodos.,Hace 1 mes,https://www.mercadolibre.com.mx/apple-airpods-pro-3-color-blanco-con-cancelacion-de-ruido-distribuidor-autorizado/p/MLM1054106888,Apple,In-Ear,aislamiento totalmente originales sonido chulo buena calidad promote vale cada peso airpods chidos cómodos,145,0.0,Neutral
2523426016,MLM1054106888,Apple AirPods Pro In-Ear,Mercado Libre,5.0,Son muy buenos la verdad aún que tienes que comprarlos con alguna funda por qué se rayan con extrema facilidad no me duraron ni dos hrs nuevos en el bolsillo.,Hace 8 mes,https://www.mercadolibre.com.mx/apple-airpods-pro-3-color-blanco-con-cancelacion-de-ruido-distribuidor-autorizado/p/MLM1054106888,Apple,In-Ear,buenos verdad aún comprarlos alguna funda rayan extrema facilidad duraron dos hrs nuevos bolsillo,158,0.0,Neutral
2940345938,MLM1054106888,Apple AirPods Pro In-Ear,Mercado Libre,5.0,"Aislamiento: muy bueno no se escucha nada. Comodidad: son demasiado comodos, se me suelen salir mucho los audifonos y estos son perfectos para hacer cualquier actividad. Lo malo es que la caja venia maltratada y sucia eso si los audífonos en perfectas condiciones y son originales.",Hace 2 mes,https://www.mercadolibre.com.mx/apple-airpods-pro-3-color-blanco-con-cancelacion-de-ruido-distribuidor-autorizado/p/MLM1054106888,Apple,In-Ear,aislamiento bueno escucha comodidad demasiado comodos suelen salir audifonos perfectos hacer cualquier actividad malo caja venia maltratada sucia audífonos perfectas condiciones originales,281,0.0,Neutral
2686619411,MLM1054106888,Apple AirPods Pro In-Ear,Mercado Libre,5.0,Sonido: excelente. Aislamiento: increíble.,Hace 6 mes,https://www.mercadolibre.com.mx/apple-airpods-pro-3-color-blanco-con-cancelacion-de-ruido-distribuidor-autorizado/p/MLM1054106888,Apple,In-Ear,sonido excelente aislamiento increíble,42,0.0,Neutral
2488025016,MLM1054106888,Apple AirPods Pro In-Ear,Mercado Libre,5.0,Son originales y con sus respectivos sellos de seguridad. Producto 100% recomendado.,Hace 8 mes,https://www.mercadolibre.com.mx/apple-airpods-pro-3-color-blanco-con-cancelacion-de-ruido-distribuidor-autorizado/p/MLM1054106888,Apple,In-Ear,originales respectivos sellos seguridad producto recomendado,84,0.0,Neutral
2463279958,MLM1054106888,Apple AirPods Pro In-Ear,Mercado Libre,5.0,Hasta ahora van 10/10.,Hace 9 mes,https://www.mercadolibre.com.mx/apple-airpods-pro-3-color-blanco-con-cancelacion-de-ruido-distribuidor-autorizado/p/MLM1054106888,Apple,In-Ear,ahora van,22,0.0,Neutral
2381041778,MLM1054106888,Apple AirPods Pro In-Ear,Mercado Libre,5.0,"Simplemente hermosos 100% recomendables y son totalmente originales, vino en perfectas condiciones sin detalle alguno.",Hace 10 me,https://www.mercadolibre.com.mx/apple-airpods-pro-3-color-blanco-con-cancelacion-de-ruido-distribuidor-autorizado/p/MLM1054106888,Apple,In-Ear,simplemente hermosos recomendables totalmente originales vino perfectas condiciones detalle alguno,118,0.0,Neutral
2370240040,MLM1054106888,Apple AirPods Pro In-Ear,Mercado Libre,5.0,Excelentes audífonos - producto oficial.,Hace 10 me,https://www.mercadolibre.com.mx/apple-airpods-pro-3-color-blanco-con-cancelacion-de-ruido-distribuidor-autorizado/p/MLM1054106888,Apple,In-Ear,excelentes audífonos producto oficial,40,0.0,Neutral
2364011371,MLM1054106888,Apple AirPods Pro In-Ear,Mercado Libre,5.0,Excelente !!.,Hace 10 me,https://www.mercadolibre.com.mx/apple-airpods-pro-3-color-blanco-con-cancelacion-de-ruido-distribuidor-autorizado/p/MLM1054106888,Apple,In-Ear,excelente,13,0.0,Neutral
2993063523,MLM1054106888,Apple AirPods Pro In-Ear,Mercado Libre,5.0,"Muy bien, originales, con garantía apple care de 1 año, me gustaron mucho justo lo que buscaba.",Hace 4 sem,https://www.mercadolibre.com.mx/apple-airpods-pro-3-color-blanco-con-cancelacion-de-ruido-distribuidor-autorizado/p/MLM1054106888,Apple,In-Ear,bien originales garantía apple care año gustaron justo buscaba,95,0.0,Neutral
2930576231,MLM1054106888,Apple AirPods Pro In-Ear,Mercado Libre,5.0,"Exactamente audífonos, cumple con las expectativas.",Hace 2 mes,https://www.mercadolibre.com.mx/apple-airpods-pro-3-color-blanco-con-cancelacion-de-ruido-distribuidor-autorizado/p/MLM1054106888,Apple,In-Ear,exactamente audífonos cumple expectativas,51,0.0,Neutral
2669312920,MLM1054106888,Apple AirPods Pro In-Ear,Mercado Libre,4.0,"Aislamiento: excelente cancelación de ruido. Materiales: material de calidad. Muy buen producto que incluye muchas funciones que se pueden hacer sin depender directamente del celular, la cancelación de ruido y calidad de sonido de primera. Desventajas: no investigue bien y la traducción solo se puede usar del iphone 15 en adelante por la tecnología apple intelligence. Las almohadillas son incómodas después de cierto tiempo en uso, probé todas y lastiman un poco, es mejor el diseño de los airpods 2 en cuanto a la salida de bocinas , los sensores muy sensibles, derepente se cambia el modo auditivo , tenía problemas con la descarga del estuche pero se solucionó con un restablecimiento de los airpods pero el cambio de modo auditivo no se solucióno.",Hace 6 mes,https://www.mercadolibre.com.mx/apple-airpods-pro-3-color-blanco-con-cancelacion-de-ruido-distribuidor-autorizado/p/MLM1054106888,Apple,In-Ear,aislamiento excelente cancelación ruido materiales material calidad buen producto incluye muchas funciones pueden hacer depender directamente celular cancelación ruido calidad sonido primera desventajas investigue bien traducción solo puede usar iphone adelante tecnología apple intelligence almohadillas incómodas después cierto tiempo uso probé todas lastiman mejor diseño airpods cuanto salida bocinas sensores sensibles derepente cambia modo auditivo problemas descarga estuche solucionó restablecimiento airpods cambio modo auditivo solucióno,754,0.0,Neutral
3009732565,MLM1054106888,Apple AirPods Pro In-Ear,Mercado Libre,5.0,Materiales: muy buena calidad. Sonido: una cáustica excelente mucha fidelidad en el sonido. Excelente producto valió la pena la compra.,Hace 2 sem,https://www.mercadolibre.com.mx/apple-airpods-pro-3-color-blanco-con-cancelacion-de-ruido-distribuidor-autorizado/p/MLM1054106888,Apple,In-Ear,materiales buena calidad sonido cáustica excelente mucha fidelidad sonido excelente producto valió pena compra,135,0.0,Neutral
2951992686,MLM1054106888,Apple AirPods Pro In-Ear,Mercado Libre,5.0,Aislamiento: muy buena. Comodidad: bastante cómodos y con muchas opciones. Excelente producto para toda actividad del día a día.,Hace 1 mes,https://www.mercadolibre.com.mx/apple-airpods-pro-3-color-blanco-con-cancelacion-de-ruido-distribuidor-autorizado/p/MLM1054106888,Apple,In-Ear,aislamiento buena comodidad bastante cómodos muchas opciones excelente producto toda actividad día día,128,0.0,Neutral
2699641682,MLM1054106888,Apple AirPods Pro In-Ear,Mercado Libre,5.0,"Materiales: excelentes. Comodidad: excelente. Producto original de apple, excelente la cancelación de ruido y la duracion de la batería de acuerdo a mis actividades.",Hace 6 mes,https://www.mercadolibre.com.mx/apple-airpods-pro-3-color-blanco-con-cancelacion-de-ruido-distribuidor-autorizado/p/MLM1054106888,Apple,In-Ear,materiales excelentes comodidad excelente producto original apple excelente cancelación ruido duracion batería acuerdo actividades,165,0.375,Positivo
2968971468,MLM1054106888,Apple AirPods Pro In-Ear,Mercado Libre,5.0,Sonido: original. Aislamiento: original. Se ajusta bien a la funda de la anterior versión y el producto se siente de calidad y validado por apple.,Hace 1 mes,https://www.mercadolibre.com.mx/apple-airpods-pro-3-color-blanco-con-cancelacion-de-ruido-distribuidor-autorizado/p/MLM1054106888,Apple,In-Ear,sonido original aislamiento original ajusta bien funda anterior versión producto calidad validado apple,146,0.375,Positivo
2357452877,MLM1054106888,Apple AirPods Pro In-Ear,Mercado Libre,5.0,"Es original funciona muy bien, es cómodo para ejercicio, dormir con ellos puestos y cancelan muy bien el ruido exterior especialmente cuando tienes música. El detector de pulso es útil para sesiones de cardio. Tienen un muy buen sonido adaptativo. Antes tenía los sony wf1000m5 pero los perdí y apple la verdad que no ha decepcionado.",Hace 10 me,https://www.mercadolibre.com.mx/apple-airpods-pro-3-color-blanco-con-cancelacion-de-ruido-distribuidor-autorizado/p/MLM1054106888,Apple,In-Ear,original funciona bien cómodo ejercicio dormir puestos cancelan bien ruido exterior especialmente música detector pulso útil sesiones cardio buen sonido adaptativo sony wfm perdí apple verdad decepcionado,334,0.375,Positivo
2817161919,MLM1054106888,Apple AirPods Pro In-Ear,Mercado Libre,5.0,"Originales, cancelación de ruido genial.",Hace 4 mes,https://www.mercadolibre.com.mx/apple-airpods-pro-3-color-blanco-con-cancelacion-de-ruido-distribuidor-autorizado/p/MLM1054106888,Apple,In-Ear,originales cancelación ruido genial,40,0.0,Neutral
2794137624,MLM1054106888,Apple AirPods Pro In-Ear,Mercado Libre,5.0,Sonido: perfectos. Aislamiento: excelente. Muy buen producto.,Hace 4 mes,https://www.mercadolibre.com.mx/apple-airpods-pro-3-color-blanco-con-cancelacion-de-ruido-distribuidor-autorizado/p/MLM1054106888,Apple,In-Ear,sonido perfectos aislamiento excelente buen producto,61,0.0,Neutral
2781231742,MLM1054106888,Apple AirPods Pro In-Ear,Mercado Libre,5.0,"Excelente. Dudaba incluso que fueran originales, pero mi iphone los detectó de inmediato, funcionan correctamente y me dieron promo de apple music.",Hace 4 mes,https://www.mercadolibre.com.mx/apple-airpods-pro-3-color-blanco-con-cancelacion-de-ruido-distribuidor-autorizado/p/MLM1054106888,Apple,In-Ear,excelente dudaba incluso originales iphone detectó inmediato funcionan correctamente dieron promo apple music,147,0.0,Neutral
2437906116,MLM1054106888,Apple AirPods Pro In-Ear,Mercado Libre,5.0,Recomendado venía en buen estado suenan a toda madre con la cancelación de ruido y el rindo cardiacos.,Hace 9 mes,https://www.mercadolibre.com.mx/apple-airpods-pro-3-color-blanco-con-cancelacion-de-ruido-distribuidor-autorizado/p/MLM1054106888,Apple,In-Ear,recomendado venía buen suenan toda madre cancelación ruido rindo cardiacos,102,0.0,Neutral
2972062827,MLM1054106888,Apple AirPods Pro In-Ear,Mercado Libre,5.0,Aislamiento: excelente. Materiales: tal como lo anuncia el fabricante. Buen precio por el producto.,Hace 1 mes,https://www.mercadolibre.com.mx/apple-airpods-pro-3-color-blanco-con-cancelacion-de-ruido-distribuidor-autorizado/p/MLM1054106888,Apple,In-Ear,aislamiento excelente materiales tal anuncia fabricante buen precio producto,99,0.0,Neutral
3022449609,MLM1054106888,Apple AirPods Pro In-Ear,Mercado Libre,5.0,"Aislamiento: cancelación de ruido mejorada, mejor sonido pero un poco más grandes que los pro2. Materiales: el material es de buena calidad. Pero las gomas deberían ser anti derrapantes. Apple es garantía de calidad. Estoy contento con la compra y si hay diferencias buenas entre la versión anterior y esta.",Hace 1 sem,https://www.mercadolibre.com.mx/apple-airpods-pro-3-color-blanco-con-cancelacion-de-ruido-distribuidor-autorizado/p/MLM1054106888,Apple,In-Ear,aislamiento cancelación ruido mejorada mejor sonido grandes pro materiales material buena calidad gomas deberían ser anti derrapantes apple garantía calidad contento compra diferencias buenas versión anterior,307,0.0,Neutral
3015283040,MLM1054106888,Apple AirPods Pro In-Ear,Mercado Libre,5.0,"Materiales: muy buenos. Aislamiento: la cancelación y el modo ambiente simplemente son fenomenales. Es un producto simplemente hermoso, están increíbles.",Hace 3 sem,https://www.mercadolibre.com.mx/apple-airpods-pro-3-color-blanco-con-cancelacion-de-ruido-distribuidor-autorizado/p/MLM1054106888,Apple,In-Ear,materiales buenos aislamiento cancelación modo ambiente simplemente fenomenales producto simplemente hermoso increíbles,153,0.0,Neutral
2990411071,MLM1054106888,Apple AirPods Pro In-Ear,Mercado Libre,5.0,"Materiales: los materiales son lo que uno espera de la marca. Aislamiento: las funciones de cancelación, modo ambiente, etc. , son de las mejores que he probado, cumplen satisfactoriamente. La calidad del audio y las funciones de estos airpods son excelentes. Al principio tenía mis dudas porque el empaque llegó un poco dañado y sucio, pero, son 100% oficiales.",Hace 4 sem,https://www.mercadolibre.com.mx/apple-airpods-pro-3-color-blanco-con-cancelacion-de-ruido-distribuidor-autorizado/p/MLM1054106888,Apple,In-Ear,materiales materiales espera marca aislamiento funciones cancelación modo ambiente etc mejores probado cumplen satisfactoriamente calidad audio funciones airpods excelentes principio dudas empaque llegó dañado sucio oficiales,362,0.0,Neutral
2996395614,MLM1054106888,Apple AirPods Pro In-Ear,Mercado Libre,5.0,Sonido: excelente calidad de sonido. Comodidad: bastante ligeros y comodos. Super recomendables👍🏻.,Hace 1 mes,https://www.mercadolibre.com.mx/apple-airpods-pro-3-color-blanco-con-cancelacion-de-ruido-distribuidor-autorizado/p/MLM1054106888,Apple,In-Ear,sonido excelente calidad sonido comodidad bastante ligeros comodos super recomendables,98,0.333,Positivo
2931043962,MLM1054106888,Apple AirPods Pro In-Ear,Mercado Libre,5.0,"Se los recomiendo, mejor producto y mejor fidelidad que los anteriores,.",Hace 2 mes,https://www.mercadolibre.com.mx/apple-airpods-pro-3-color-blanco-con-cancelacion-de-ruido-distribuidor-autorizado/p/MLM1054106888,Apple,In-Ear,recomiendo mejor producto mejor fidelidad anteriores,72,0.0,Neutral
2801993646,MLM1054106888,Apple AirPods Pro In-Ear,Mercado Libre,4.0,"El producto es totalmente original, cumple con todo lo prometido de un producto de calidad premium, excelente sonido, la cancelación de ruido es fabulosa, los probé al viajar en avión, me tocó sentarme al lado de las turbinas y de verdad, es increíble lo bien que funciona……. Lo único que no me termina de convencer, es la dureza de las almohadillas, son algo rígidas para mi gusto y después de usarlos un par de hrs, empiezan a dolerme los oídos, por lo demas, es un producto excelente!!.",Hace 4 mes,https://www.mercadolibre.com.mx/apple-airpods-pro-3-color-blanco-con-cancelacion-de-ruido-distribuidor-autorizado/p/MLM1054106888,Apple,In-Ear,producto totalmente original cumple prometido producto calidad premium excelente sonido cancelación ruido fabulosa probé viajar avión tocó sentarme lado turbinas verdad increíble bien funciona único termina convencer dureza almohadillas rígidas gusto después usarlos par hrs empiezan dolerme oídos demas producto excelente,489,0.586,Positivo
2531028954,MLM1054106888,Apple AirPods Pro In-Ear,Mercado Libre,5.0,"Los audífonos son geniales,.",Hace 8 mes,https://www.mercadolibre.com.mx/apple-airpods-pro-3-color-blanco-con-cancelacion-de-ruido-distribuidor-autorizado/p/MLM1054106888,Apple,In-Ear,audífonos geniales,28,0.0,Neutral
2487057677,MLM1054106888,Apple AirPods Pro In-Ear,Mercado Libre,5.0,Todo bien la cancelación de ruido es otra cosa.,Hace 8 mes,https://www.mercadolibre.com.mx/apple-airpods-pro-3-color-blanco-con-cancelacion-de-ruido-distribuidor-autorizado/p/MLM1054106888,Apple,In-Ear,bien cancelación ruido cosa,47,0.0,Neutral
2993208968,MLM1054106888,Apple AirPods Pro In-Ear,Mercado Libre,5.0,,Hace 1 mes,https://www.mercadolibre.com.mx/apple-airpods-pro-3-color-blanco-con-cancelacion-de-ruido-distribuidor-autorizado/p/MLM1054106888,Apple,In-Ear,,0,0.0,Neutral
2953095985,MLM1054106888,Apple AirPods Pro In-Ear,Mercado Libre,5.0,"Aislamiento: la cancelación de ruido es impresionante, me deja concentrar en el trabajo y no escuchar todo lo que pasa en la oficina. Comodidad: ligeros, no se siente que los tengas puestos. Excelentes al principio se me caían, pero con el cambio de gomitas me quedaron perfectos, la cancelación de ruido es adictiva y la medición de la frecuencia cardiaca también es muy precisa.",Hace 1 mes,https://www.mercadolibre.com.mx/apple-airpods-pro-3-color-blanco-con-cancelacion-de-ruido-distribuidor-autorizado/p/MLM1054106888,Apple,In-Ear,aislamiento cancelación ruido impresionante deja concentrar trabajo escuchar pasa oficina comodidad ligeros puestos excelentes principio caían cambio gomitas quedaron perfectos cancelación ruido adictiva medición frecuencia cardiaca precisa,380,0.0,Neutral
2950472653,MLM1054106888,Apple AirPods Pro In-Ear,Mercado Libre,5.0,"Comodidad: excelente. Materiales: plástico , metal. Excelentes audífonos para cancelación de ruido y original y un poco más baratos que comprar desde la tienda física.",Hace 1 mes,https://www.mercadolibre.com.mx/apple-airpods-pro-3-color-blanco-con-cancelacion-de-ruido-distribuidor-autorizado/p/MLM1054106888,Apple,In-Ear,comodidad excelente materiales plástico metal excelentes audífonos cancelación ruido original baratos comprar tienda física,167,0.375,Positivo
2940128483,MLM1054106888,Apple AirPods Pro In-Ear,Mercado Libre,5.0,Aislamiento: sin duda la mejor cancelacion de sonido en unos audifonos. Sonido: sonido imprcable y con apple music se nota mucha diferencia. Son sin duda los mejores audifonos.,Hace 1 mes,https://www.mercadolibre.com.mx/apple-airpods-pro-3-color-blanco-con-cancelacion-de-ruido-distribuidor-autorizado/p/MLM1054106888,Apple,In-Ear,aislamiento duda mejor cancelacion sonido audifonos sonido sonido imprcable apple music nota mucha diferencia duda mejores audifonos,176,0.0,Neutral
2938245431,MLM1054106888,Apple AirPods Pro In-Ear,Mercado Libre,5.0,Aislamiento: super recomendado el aislamiento esta supr. Sonido: claro. 100% recomendado.,Hace 2 mes,https://www.mercadolibre.com.mx/apple-airpods-pro-3-color-blanco-con-cancelacion-de-ruido-distribuidor-autorizado/p/MLM1054106888,Apple,In-Ear,aislamiento super recomendado aislamiento supr sonido claro recomendado,89,0.333,Positivo
2936113505,MLM1054106888,Apple AirPods Pro In-Ear,Mercado Libre,5.0,Materiales: todo original. Sonido: todo original. Super originales.,Hace 2 mes,https://www.mercadolibre.com.mx/apple-airpods-pro-3-color-blanco-con-cancelacion-de-ruido-distribuidor-autorizado/p/MLM1054106888,Apple,In-Ear,materiales original sonido original super originales,67,0.361,Positivo
2946126190,MLM1054106888,Apple AirPods Pro In-Ear,Mercado Libre,5.0,"Materiales: super calidad producto origibal. Comodidad: son otro nivel estos audífonos, valen la pena 100%. Al principio dudé si valían la pena pero la experiencia justifica el precio, 100% recomendable.",Hace 2 mes,https://www.mercadolibre.com.mx/apple-airpods-pro-3-color-blanco-con-cancelacion-de-ruido-distribuidor-autorizado/p/MLM1054106888,Apple,In-Ear,materiales super calidad producto origibal comodidad nivel audífonos valen pena principio dudé valían pena experiencia justifica precio recomendable,203,0.333,Positivo
2942369974,MLM1054106888,Apple AirPods Pro In-Ear,Mercado Libre,5.0,Comodidad: si tienes piercing si serán incómodos. Materiales: buena calidad. Apple nunca te decepciona. Me encantan son súper prácticos y sus funcionen son increíbles. No se por que no los compré antes.,Hace 2 mes,https://www.mercadolibre.com.mx/apple-airpods-pro-3-color-blanco-con-cancelacion-de-ruido-distribuidor-autorizado/p/MLM1054106888,Apple,In-Ear,comodidad piercing incómodos materiales buena calidad apple nunca decepciona encantan súper prácticos funcionen increíbles compré,202,0.0,Neutral
2927806811,MLM1054106888,Apple AirPods Pro In-Ear,Mercado Libre,5.0,"Traen muy bien sonido ,a mi hija le encantaron.",Hace 2 mes,https://www.mercadolibre.com.mx/apple-airpods-pro-3-color-blanco-con-cancelacion-de-ruido-distribuidor-autorizado/p/MLM1054106888,Apple,In-Ear,traen bien sonido hija encantaron,47,0.0,Neutral
2925817947,MLM1054106888,Apple AirPods Pro In-Ear,Mercado Libre,5.0,"Sonido: dolby atmos. Se escuchan padrísimo, el mejor sonido que puede haber en audífonos inalámbricos.",Hace 2 mes,https://www.mercadolibre.com.mx/apple-airpods-pro-3-color-blanco-con-cancelacion-de-ruido-distribuidor-autorizado/p/MLM1054106888,Apple,In-Ear,sonido dolby atmos escuchan padrísimo mejor sonido puede haber audífonos inalámbricos,102,0.0,Neutral
2923079071,MLM1054106888,Apple AirPods Pro In-Ear,Mercado Libre,5.0,Sonido: excelente claridad y buenos agudos. Comodidad: son ligeros y se ajuntan por medio de las almuadillas. Superaron mis espectativas.,Hace 2 mes,https://www.mercadolibre.com.mx/apple-airpods-pro-3-color-blanco-con-cancelacion-de-ruido-distribuidor-autorizado/p/MLM1054106888,Apple,In-Ear,sonido excelente claridad buenos agudos comodidad ligeros ajuntan medio almuadillas superaron espectativas,137,0.0,Neutral
2886649327,MLM1054106888,Apple AirPods Pro In-Ear,Mercado Libre,5.0,Excelente producto.,Hace 2 mes,https://www.mercadolibre.com.mx/apple-airpods-pro-3-color-blanco-con-cancelacion-de-ruido-distribuidor-autorizado/p/MLM1054106888,Apple,In-Ear,excelente producto,19,0.0,Neutral
2858500287,MLM1054106888,Apple AirPods Pro In-Ear,Mercado Libre,4.0,,Hace 3 mes,https://www.mercadolibre.com.mx/apple-airpods-pro-3-color-blanco-con-cancelacion-de-ruido-distribuidor-autorizado/p/MLM1054106888,Apple,In-Ear,,0,0.0,Neutral
2747717102,MLM1054106888,Apple AirPods Pro In-Ear,Mercado Libre,5.0,"Quedé fascinado con este producto, los uso para el trabajo y la cancelación del ruido. Hace que no escuche ni el sonido del tractor. Tiene muchas funciones muy buenas y estoy contento con mi compra.",Hace 5 mes,https://www.mercadolibre.com.mx/apple-airpods-pro-3-color-blanco-con-cancelacion-de-ruido-distribuidor-autorizado/p/MLM1054106888,Apple,In-Ear,quedé fascinado producto uso trabajo cancelación ruido hace escuche sonido tractor muchas funciones buenas contento compra,198,0.0,Neutral
2728067532,MLM1054106888,Apple AirPods Pro In-Ear,Mercado Libre,5.0,"Son originales, son buenos, recomiendo usar fundas. Si tienes el modelo 2 no vale la pena subir al 3.",Hace 5 mes,https://www.mercadolibre.com.mx/apple-airpods-pro-3-color-blanco-con-cancelacion-de-ruido-distribuidor-autorizado/p/MLM1054106888,Apple,In-Ear,originales buenos recomiendo usar fundas modelo vale pena subir,101,0.0,Neutral
2680019846,MLM1054106888,Apple AirPods Pro In-Ear,Mercado Libre,5.0,"Excelente la cancelación de sonido, el sonido muy bueno.",Hace 6 mes,https://www.mercadolibre.com.mx/apple-airpods-pro-3-color-blanco-con-cancelacion-de-ruido-distribuidor-autorizado/p/MLM1054106888,Apple,In-Ear,excelente cancelación sonido sonido bueno,56,0.0,Neutral
2642467145,MLM1054106888,Apple AirPods Pro In-Ear,Mercado Libre,5.0,"Comodidad: excelente. Materiales: buena calidad. Sin dudar, de los mejores. Si tienes un producto de apple, estos no pueden faltar.",Hace 7 mes,https://www.mercadolibre.com.mx/apple-airpods-pro-3-color-blanco-con-cancelacion-de-ruido-distribuidor-autorizado/p/MLM1054106888,Apple,In-Ear,comodidad excelente materiales buena calidad dudar mejores producto apple pueden faltar,131,0.0,Neutral
2602657155,MLM1054106888,Apple AirPods Pro In-Ear,Mercado Libre,5.0,,Hace 7 mes,https://www.mercadolibre.com.mx/apple-airpods-pro-3-color-blanco-con-cancelacion-de-ruido-distribuidor-autorizado/p/MLM1054106888,Apple,In-Ear,,0,0.0,Neutral
2982172339,MLM1054106888,Apple AirPods Pro In-Ear,Mercado Libre,5.0,Producto cerrado. Todo en orden.,Hace 1 mes,https://www.mercadolibre.com.mx/apple-airpods-pro-3-color-blanco-con-cancelacion-de-ruido-distribuidor-autorizado/p/MLM1054106888,Apple,In-Ear,producto cerrado orden,32,0.0,Neutral
2921339783,MLM1054106888,Apple AirPods Pro In-Ear,Mercado Libre,5.0,"Sonido: excelente. Aislamiento: muy bueno. El pero que le pondría es que no se puede visualizar a simple vista, cuanta carga tiene disponible.",Hace 2 mes,https://www.mercadolibre.com.mx/apple-airpods-pro-3-color-blanco-con-cancelacion-de-ruido-distribuidor-autorizado/p/MLM1054106888,Apple,In-Ear,sonido excelente aislamiento bueno pondría puede visualizar simple vista cuanta carga disponible,142,0.0,Neutral
2611910917,MLM1054106888,Apple AirPods Pro In-Ear,Mercado Libre,5.0,Muy buenos me gustaron más que los airpods pro 2.,Hace 7 mes,https://www.mercadolibre.com.mx/apple-airpods-pro-3-color-blanco-con-cancelacion-de-ruido-distribuidor-autorizado/p/MLM1054106888,Apple,In-Ear,buenos gustaron airpods pro,49,0.0,Neutral
2360058386,MLM1054106888,Apple AirPods Pro In-Ear,Mercado Libre,5.0,Excelente.,Hace 10 me,https://www.mercadolibre.com.mx/apple-airpods-pro-3-color-blanco-con-cancelacion-de-ruido-distribuidor-autorizado/p/MLM1054106888,Apple,In-Ear,excelente,10,0.0,Neutral
2840134162,MLM1054106888,Apple AirPods Pro In-Ear,Mercado Libre,5.0,Totalmente originales.,Hace 3 mes,https://www.mercadolibre.com.mx/apple-airpods-pro-3-color-blanco-con-cancelacion-de-ruido-distribuidor-autorizado/p/MLM1054106888,Apple,In-Ear,totalmente originales,22,0.0,Neutral
2488972131,MLM1054106888,Apple AirPods Pro In-Ear,Mercado Libre,5.0,De maravilla.,Hace 8 mes,https://www.mercadolibre.com.mx/apple-airpods-pro-3-color-blanco-con-cancelacion-de-ruido-distribuidor-autorizado/p/MLM1054106888,Apple,In-Ear,maravilla,13,0.0,Neutral
2378809877,MLM1054106888,Apple AirPods Pro In-Ear,Mercado Libre,5.0,100% recomendables.,Hace 10 me,https://www.mercadolibre.com.mx/apple-airpods-pro-3-color-blanco-con-cancelacion-de-ruido-distribuidor-autorizado/p/MLM1054106888,Apple,In-Ear,recomendables,19,0.0,Neutral
2363638769,MLM1054106888,Apple AirPods Pro In-Ear,Mercado Libre,5.0,Muy buen producto. La cancelación de ruido es asombrosa. No sé si dos veces mejor que el de la versión 2 pero si es mejor.,Hace 10 me,https://www.mercadolibre.com.mx/apple-airpods-pro-3-color-blanco-con-cancelacion-de-ruido-distribuidor-autorizado/p/MLM1054106888,Apple,In-Ear,buen producto cancelación ruido asombrosa dos veces mejor versión mejor,122,0.0,Neutral
2946955894,MLM1054106888,Apple AirPods Pro In-Ear,Mercado Libre,5.0,Aislamiento: cancelación de ruido excelente y me gusta que cuando hablo baja volumen de la musiquita. Si me llegan mensajes los lee. Me espanté porque pensé que venía sobre puesto la etiqueta como si los hubieran ya abierto pero no. Están muuuuyyy ligeros a mi consideración. El sonido excelente. Los recomiendo ampliamente 😍😍😍😍.,Hace 2 mes,https://www.mercadolibre.com.mx/apple-airpods-pro-3-color-blanco-con-cancelacion-de-ruido-distribuidor-autorizado/p/MLM1054106888,Apple,In-Ear,aislamiento cancelación ruido excelente gusta hablo baja volumen musiquita llegan mensajes lee espanté pensé venía puesto etiqueta abierto muuuuyyy ligeros consideración sonido excelente recomiendo ampliamente,329,0.0,Neutral
2898497293,MLM1054106888,Apple AirPods Pro In-Ear,Mercado Libre,5.0,"Un excelente producto, con buena cancelación de ruido y sus mejoras se notan a comparación de los pro 2.",Hace 2 mes,https://www.mercadolibre.com.mx/apple-airpods-pro-3-color-blanco-con-cancelacion-de-ruido-distribuidor-autorizado/p/MLM1054106888,Apple,In-Ear,excelente producto buena cancelación ruido mejoras notan comparación pro,104,0.0,Neutral
3017176581,MLM1054106888,Apple AirPods Pro In-Ear,Mercado Libre,5.0,"Sonido: excelente calidad de sonido super nítido y fuerte obviamente por ser un producto apple no es para menos. Materiales: me encantaron los materiales de primera calidad. Me encantaron un producto de alta gama que sorprende quede satisfecho y feliz,genuino de apple compren con toda seguridad una gran experiencia de audio y calidad.",Hace 2 sem,https://www.mercadolibre.com.mx/apple-airpods-pro-3-color-blanco-con-cancelacion-de-ruido-distribuidor-autorizado/p/MLM1054106888,Apple,In-Ear,sonido excelente calidad sonido super nítido fuerte obviamente ser producto apple menos materiales encantaron materiales primera calidad encantaron producto alta gama sorprende quede satisfecho felizgenuino apple compren toda seguridad gran experiencia audio calidad,336,0.333,Positivo
2973865592,MLM1054106888,Apple AirPods Pro In-Ear,Mercado Libre,5.0,"Aislamiento: excelente. Sonido: increíble. Debo decir que es la primera vez que uso airpods, tenía mis dudas de si eran originales pero mi iphone los detectó súper rápido y fácil. El sonido es increíble, los bajos muy buenos y el sonido, bastante nítido. Satisfecho con mi compra 😌.",Hace 1 mes,https://www.mercadolibre.com.mx/apple-airpods-pro-3-color-blanco-con-cancelacion-de-ruido-distribuidor-autorizado/p/MLM1054106888,Apple,In-Ear,aislamiento excelente sonido increíble debo decir primera vez uso airpods dudas originales iphone detectó súper rápido fácil sonido increíble bajos buenos sonido bastante nítido satisfecho compra,282,0.0,Neutral
2950966936,MLM1054106888,Apple AirPods Pro In-Ear,Mercado Libre,5.0,Materiales: excelente. Comodidad: demasiado cómodos superaron mis expectativas. Recomendado a un 100 % los volvería a comprar sin duda es una excelente calidad de audio y son originales.,Hace 1 mes,https://www.mercadolibre.com.mx/apple-airpods-pro-3-color-blanco-con-cancelacion-de-ruido-distribuidor-autorizado/p/MLM1054106888,Apple,In-Ear,materiales excelente comodidad demasiado cómodos superaron expectativas recomendado volvería comprar duda excelente calidad audio originales,186,0.0,Neutral
3030802902,MLM1054106888,Apple AirPods Pro In-Ear,Mercado Libre,5.0,"Materiales: sólidos, ligeros y de buena calidad. Sonido: graves, agudos y el sonido estéreo de lujo. Muy buenos. Valen completamente la pena. Y más si tienes ya tu ecosistema apple, son caros pero si te gusta el buen sonido si valen la pena. Y la cancelación de ruido y la calidad de sonido están de lujo !.",Hace 1 sem,https://www.mercadolibre.com.mx/apple-airpods-pro-3-color-blanco-con-cancelacion-de-ruido-distribuidor-autorizado/p/MLM1054106888,Apple,In-Ear,materiales sólidos ligeros buena calidad sonido graves agudos sonido estéreo lujo buenos valen completamente pena ecosistema apple caros gusta buen sonido valen pena cancelación ruido calidad sonido lujo,307,0.0,Neutral
3025822546,MLM1054106888,Apple AirPods Pro In-Ear,Mercado Libre,5.0,Sonido: sonido bueno de calidad. Materiales: plásticos buenos.,Hace 2 sem,https://www.mercadolibre.com.mx/apple-airpods-pro-3-color-blanco-con-cancelacion-de-ruido-distribuidor-autorizado/p/MLM1054106888,Apple,In-Ear,sonido sonido bueno calidad materiales plásticos buenos,62,0.0,Neutral
2984583793,MLM1054106888,Apple AirPods Pro In-Ear,Mercado Libre,5.0,"Materiales: plastico de buena calidad. Comodidad: viene con sus gomas para ajustar. Tenia dudad en si comprarlos o no por su precio pero valen totalmente cada peso, son mis primeros airpods y la verdad me dejan sorprendido, desde que te los pones se siente la diferencia de ruido. 100/10.",Hace 1 mes,https://www.mercadolibre.com.mx/apple-airpods-pro-3-color-blanco-con-cancelacion-de-ruido-distribuidor-autorizado/p/MLM1054106888,Apple,In-Ear,materiales plastico buena calidad comodidad viene gomas ajustar tenia dudad comprarlos precio valen totalmente cada peso primeros airpods verdad dejan sorprendido pones diferencia ruido,288,0.0,Neutral
2971939242,MLM1054106888,Apple AirPods Pro In-Ear,Mercado Libre,5.0,Sonido: buenos agudos y claridad en la voz. Aislamiento: excelente la cancelación de ruido. Muy recomendado y cumple con las espectativas que ofrece.,Hace 1 mes,https://www.mercadolibre.com.mx/apple-airpods-pro-3-color-blanco-con-cancelacion-de-ruido-distribuidor-autorizado/p/MLM1054106888,Apple,In-Ear,sonido buenos agudos claridad voz aislamiento excelente cancelación ruido recomendado cumple espectativas ofrece,149,0.0,Neutral
2947232967,MLM1054106888,Apple AirPods Pro In-Ear,Mercado Libre,5.0,,Hace 1 mes,https://www.mercadolibre.com.mx/apple-airpods-pro-3-color-blanco-con-cancelacion-de-ruido-distribuidor-autorizado/p/MLM1054106888,Apple,In-Ear,,0,0.0,Neutral
2956202602,MLM1054106888,Apple AirPods Pro In-Ear,Mercado Libre,5.0,"Comodidad: muy cómodos. Materiales: de plástico , con acabados muy finos. Llego en muy buenas condiciones , los audifonos totalmente originiles.",Hace 1 mes,https://www.mercadolibre.com.mx/apple-airpods-pro-3-color-blanco-con-cancelacion-de-ruido-distribuidor-autorizado/p/MLM1054106888,Apple,In-Ear,comodidad cómodos materiales plástico acabados finos llego buenas condiciones audifonos totalmente originiles,144,0.0,Neutral
2949371884,MLM1054106888,Apple AirPods Pro In-Ear,Mercado Libre,5.0,"Sonido: sonido equilibrado con una cancelación y transparencia brut. Comodidad: súper cómodos con las diferentes almoadillas. Producto 100% garantizado, se escucha increíble y es muy cómodo, si tienes iphone no hay mejor opción que esta.",Hace 1 mes,https://www.mercadolibre.com.mx/apple-airpods-pro-3-color-blanco-con-cancelacion-de-ruido-distribuidor-autorizado/p/MLM1054106888,Apple,In-Ear,sonido sonido equilibrado cancelación transparencia brut comodidad súper cómodos diferentes almoadillas producto garantizado escucha increíble cómodo iphone mejor opción,237,0.0,Neutral
2918142845,MLM1054106888,Apple AirPods Pro In-Ear,Mercado Libre,5.0,Aislamiento: súper bueno no diría que el mejor del mercado pero excelente. Materiales: increíble. Excelente compra.,Hace 2 mes,https://www.mercadolibre.com.mx/apple-airpods-pro-3-color-blanco-con-cancelacion-de-ruido-distribuidor-autorizado/p/MLM1054106888,Apple,In-Ear,aislamiento súper bueno diría mejor mercado excelente materiales increíble excelente compra,115,0.0,Neutral
2886655977,MLM1054106888,Apple AirPods Pro In-Ear,Mercado Libre,5.0,"Sonido: claro. Comodidad: son un poco más pesados que los normales. Increíble, el sonido es de otro planeta, hacen sonido cuando los conectas, la cancelación de ruido es perfecta, simplemente la mejor compra, no tengo palabras, de las mejores compras que he hecho, gracias apple por tanta calidad de sonido !.",Hace 2 mes,https://www.mercadolibre.com.mx/apple-airpods-pro-3-color-blanco-con-cancelacion-de-ruido-distribuidor-autorizado/p/MLM1054106888,Apple,In-Ear,sonido claro comodidad pesados normales increíble sonido planeta hacen sonido conectas cancelación ruido perfecta simplemente mejor compra palabras mejores compras hecho gracias apple tanta calidad sonido,309,0.0,Neutral
2872831919,MLM1054106888,Apple AirPods Pro In-Ear,Mercado Libre,5.0,Excelentes muy muy satisfecho.,Hace 3 mes,https://www.mercadolibre.com.mx/apple-airpods-pro-3-color-blanco-con-cancelacion-de-ruido-distribuidor-autorizado/p/MLM1054106888,Apple,In-Ear,excelentes satisfecho,30,0.0,Neutral
2857716129,MLM1054106888,Apple AirPods Pro In-Ear,Mercado Libre,5.0,"Comodidad: son cómodos aunque sobresalen un poco más que la generación anterior. Materiales: siguen siendo de plástico brillante que se ralla con facilidad. Si tienes otros productos del ecosistema apple, definitivamente son la mejor opción. Si no tienes otros productos de apple no les sacarás todo el provecho. 100% originales.",Hace 3 mes,https://www.mercadolibre.com.mx/apple-airpods-pro-3-color-blanco-con-cancelacion-de-ruido-distribuidor-autorizado/p/MLM1054106888,Apple,In-Ear,comodidad cómodos aunque sobresalen generación anterior materiales siguen siendo plástico brillante ralla facilidad productos ecosistema apple definitivamente mejor opción productos apple sacarás provecho originales,329,0.0,Neutral
2798594989,MLM1054106888,Apple AirPods Pro In-Ear,Mercado Libre,5.0,"Aislamiento: excelente. Me encantaron, ya tenia los pro 1 y quería estos nuevos, se nota mucho la cancelación de ruido, aunque no hay un cambio significativo en cuanto al audio, es muy buena compra si no tienen los edición pro, muy contento.",Hace 4 mes,https://www.mercadolibre.com.mx/apple-airpods-pro-3-color-blanco-con-cancelacion-de-ruido-distribuidor-autorizado/p/MLM1054106888,Apple,In-Ear,aislamiento excelente encantaron tenia pro quería nuevos nota cancelación ruido aunque cambio significativo cuanto audio buena compra edición pro contento,241,0.0,Neutral
2712199669,MLM1054106888,Apple AirPods Pro In-Ear,Mercado Libre,5.0,Materiales: excelente. Aislamiento: excelente cancelación de ruido y sonido me encantó. Totalmente encantado y fascinado con los airpod pro 3 son originales los pedí ayer en la tarde y llegó hoy a las 2:30 pm.,Hace 6 mes,https://www.mercadolibre.com.mx/apple-airpods-pro-3-color-blanco-con-cancelacion-de-ruido-distribuidor-autorizado/p/MLM1054106888,Apple,In-Ear,materiales excelente aislamiento excelente cancelación ruido sonido encantó totalmente encantado fascinado airpod pro originales pedí ayer tarde llegó hoy,209,0.0,Neutral
2670961967,MLM1054106888,Apple AirPods Pro In-Ear,Mercado Libre,5.0,Cuenta con un buen sonido y son muy cómodos ya que tienen olivas para ajustar a tus oídos.,Hace 6 mes,https://www.mercadolibre.com.mx/apple-airpods-pro-3-color-blanco-con-cancelacion-de-ruido-distribuidor-autorizado/p/MLM1054106888,Apple,In-Ear,cuenta buen sonido cómodos olivas ajustar oídos,90,0.0,Neutral
2648327675,MLM1054106888,Apple AirPods Pro In-Ear,Mercado Libre,5.0,"Comodidad: la verdad están muy cómodos los podría utilizar por horas y no me los quitaría, ajustaron súper bien con mis orejas. Sonido: suenan súper bien, la verdad no esperaba menos, tiene un sonido súper equilibrado y la cancelación de ruido está muydura. Son la mejor opción si tienen un iphone el ecosistema con todos los productos es súper impresionante.",Hace 7 mes,https://www.mercadolibre.com.mx/apple-airpods-pro-3-color-blanco-con-cancelacion-de-ruido-distribuidor-autorizado/p/MLM1054106888,Apple,In-Ear,comodidad verdad cómodos podría utilizar horas quitaría ajustaron súper bien orejas sonido suenan súper bien verdad esperaba menos sonido súper equilibrado cancelación ruido muydura mejor opción iphone ecosistema productos súper impresionante,359,0.0,Neutral
2625200393,MLM1054106888,Apple AirPods Pro In-Ear,Mercado Libre,5.0,,Hace 7 mes,https://www.mercadolibre.com.mx/apple-airpods-pro-3-color-blanco-con-cancelacion-de-ruido-distribuidor-autorizado/p/MLM1054106888,Apple,In-Ear,,0,0.0,Neutral
3028865523,MLM1054106888,Apple AirPods Pro In-Ear,Mercado Libre,5.0,"Me encantaron. Llevo con ellos como 3 meses aproximadamente y son 100% originales, el audio es super bueno, la calidad me encanta, la cancelación de ruido es increíble. 10/10.",Hace 1 sem,https://www.mercadolibre.com.mx/apple-airpods-pro-3-color-blanco-con-cancelacion-de-ruido-distribuidor-autorizado/p/MLM1054106888,Apple,In-Ear,encantaron llevo meses aproximadamente originales audio super bueno calidad encanta cancelación ruido increíble,175,0.333,Positivo
3006578617,MLM1054106888,Apple AirPods Pro In-Ear,Mercado Libre,5.0,Un exelente producto a mi hijo le facina ron por su calidad y diseño.,Hace 2 sem,https://www.mercadolibre.com.mx/apple-airpods-pro-3-color-blanco-con-cancelacion-de-ruido-distribuidor-autorizado/p/MLM1054106888,Apple,In-Ear,exelente producto hijo facina ron calidad diseño,69,0.0,Neutral
2991776339,MLM1054106888,Apple AirPods Pro In-Ear,Mercado Libre,5.0,Comodidad: excelente. Materiales: original. Dude mucho al comprarlo revise muchos los comentarios… son originales y estoy muy muy contenta! rapido se vinculan con mi iphone!! la cancelación….,Hace 4 sem,https://www.mercadolibre.com.mx/apple-airpods-pro-3-color-blanco-con-cancelacion-de-ruido-distribuidor-autorizado/p/MLM1054106888,Apple,In-Ear,comodidad excelente materiales original dude comprarlo revise comentarios originales contenta rapido vinculan iphone cancelación,191,0.732,Positivo
2985533984,MLM1054106888,Apple AirPods Pro In-Ear,Mercado Libre,5.0,"Comodidad: excelente para cargar con uno mismo. Excelente producto muy práctico para cargar con uno en el diario, cumple todas sus funciones; cancelación de ruido excelente, ambiente no se oye del todo. Llego completo con su almohadillas de diferentes medidas para cada oído su cajita todo excelente fue una buena compra vale la pena cada centavo el producto.",Hace 1 mes,https://www.mercadolibre.com.mx/apple-airpods-pro-3-color-blanco-con-cancelacion-de-ruido-distribuidor-autorizado/p/MLM1054106888,Apple,In-Ear,comodidad excelente cargar mismo excelente producto práctico cargar diario cumple todas funciones cancelación ruido excelente ambiente oye llego completo almohadillas diferentes medidas cada oído cajita excelente buena compra vale pena cada centavo producto,359,0.0,Neutral
2951809905,MLM1054106888,Apple AirPods Pro In-Ear,Mercado Libre,5.0,"Originales de apple, la mejor calidad y sonido hermoso, la cancelación de ruido y modo auditivo son de lo mejor.",Hace 1 mes,https://www.mercadolibre.com.mx/apple-airpods-pro-3-color-blanco-con-cancelacion-de-ruido-distribuidor-autorizado/p/MLM1054106888,Apple,In-Ear,originales apple mejor calidad sonido hermoso cancelación ruido modo auditivo mejor,112,0.0,Neutral
2953691394,MLM1054106888,Apple AirPods Pro In-Ear,Mercado Libre,5.0,Materiales: textura suave lisa. Aislamiento: muy buena la cancelación de ruido excelente brutal una de las mejores del mundo. Son totalmente originales para que no se preocupen por eso al comprarlos tienen garantía de apple de un año lo que es genial se conectan automáticamente por el precio si lo vale muy padre la cancelación de ruido y modo ambiente y modo espacial.,Hace 1 mes,https://www.mercadolibre.com.mx/apple-airpods-pro-3-color-blanco-con-cancelacion-de-ruido-distribuidor-autorizado/p/MLM1054106888,Apple,In-Ear,materiales textura suave lisa aislamiento buena cancelación ruido excelente brutal mejores mundo totalmente originales preocupen comprarlos garantía apple año genial conectan automáticamente precio vale padre cancelación ruido modo ambiente modo espacial,370,-0.875,Negativo
2937787747,MLM1054106888,Apple AirPods Pro In-Ear,Mercado Libre,5.0,,Hace 2 mes,https://www.mercadolibre.com.mx/apple-airpods-pro-3-color-blanco-con-cancelacion-de-ruido-distribuidor-autorizado/p/MLM1054106888,Apple,In-Ear,,0,0.0,Neutral
2935155931,MLM1054106888,Apple AirPods Pro In-Ear,Mercado Libre,5.0,"Aislamiento: la mejor cancelación de ruido del mercado. Sonido: increíble sonido, bajos profundos, conexión rápida y estable. Muy buenos audífonos con un increíble sonido y su cancelación de ruido es la mejor, valen completamente la pena.",Hace 2 mes,https://www.mercadolibre.com.mx/apple-airpods-pro-3-color-blanco-con-cancelacion-de-ruido-distribuidor-autorizado/p/MLM1054106888,Apple,In-Ear,aislamiento mejor cancelación ruido mercado sonido increíble sonido bajos profundos conexión rápida estable buenos audífonos increíble sonido cancelación ruido mejor valen completamente pena,238,0.0,Neutral
2940353266,MLM1054106888,Apple AirPods Pro In-Ear,Mercado Libre,5.0,"Técnicamente tenemos el mismo producto (físicamente hablando) que en todas las generaciones, mismo material y diseño. Siendo usuario desde hace ya 3 años de los airpods pro 2 y usarlos diario tengo bastantes cosas que decir al respecto a este producto. Empezando por su único punto malo la calidad de construcción. Personalmente nunca creí decir que un producto de apple estuviera tan más mal fabricado, se siente como una falsificación a la mano. La caja no cierra perfectamente (la tapa es más pequeña de la base), se siente frágil y ligero, cosa que no pasaba en los airpods pro 2, la calidad de construcción de la generación pasada era totalmente sobresaliente, se sentía un tanto pesado, su plástico no se sentía frágil y cierra su tapa con mucha calidad, no como esta nueva generación lamentablemente. Fuera de eso, todos son puntos buenos la cancelación de ruido mejoro considerablemente y podría decir que es la mejor del mercado actualmente, no hay más que decir al respecto, si dos personas hablan a 2 metros de distancia absolutamente no entiendes nada de su conversación, si antes era muy buena esta generación te deja sorprendido. En cuanto al modo transparencia, esta es sin duda su mayor virtud, si la cancelación de ruido te deja sorprendido este modo simplemente es perfecto, antes de escuchaban las voces un poco tenues y claras, esta generación las resalta como si directamente hablaran con un micrófono o tuvieras a la persona en llamada.",Hace 2 mes,https://www.mercadolibre.com.mx/apple-airpods-pro-3-color-blanco-con-cancelacion-de-ruido-distribuidor-autorizado/p/MLM1054106888,Apple,In-Ear,técnicamente mismo producto físicamente hablando todas generaciones mismo material diseño siendo usuario hace años airpods pro usarlos diario bastantes cosas decir respecto producto empezando único punto malo calidad construcción personalmente nunca creí decir producto apple tan mal fabricado falsificación mano caja cierra perfectamente tapa pequeña base frágil ligero cosa pasaba airpods pro calidad construcción generación pasada totalmente sobresaliente sentía pesado plástico sentía frágil cierra tapa mucha calidad nueva generación lamentablemente puntos buenos cancelación ruido mejoro considerablemente podría decir mejor mercado actualmente decir respecto dos personas hablan metros distancia absolutamente entiendes conversación buena generación deja sorprendido cuanto modo transparencia duda mayor virtud cancelación ruido deja sorprendido modo simplemente perfecto escuchaban voces tenues claras generación resalta directamente hablaran micrófono persona llamada,1458,-0.8,Negativo
2928425397,MLM1054106888,Apple AirPods Pro In-Ear,Mercado Libre,5.0,Excelente condición.,Hace 2 mes,https://www.mercadolibre.com.mx/apple-airpods-pro-3-color-blanco-con-cancelacion-de-ruido-distribuidor-autorizado/p/MLM1054106888,Apple,In-Ear,excelente condición,20,0.0,Neutral
2926511257,MLM1054106888,Apple AirPods Pro In-Ear,Mercado Libre,5.0,"Realmente me gustaron mucho. Llegaron a tiempo y todo sellado, se escuchan súper bien, una experiencia increíble. Todo excelente!!!.",Hace 2 mes,https://www.mercadolibre.com.mx/apple-airpods-pro-3-color-blanco-con-cancelacion-de-ruido-distribuidor-autorizado/p/MLM1054106888,Apple,In-Ear,realmente gustaron llegaron tiempo sellado escuchan súper bien experiencia increíble excelente,132,0.0,Neutral
2892849693,MLM1054106888,Apple AirPods Pro In-Ear,Mercado Libre,5.0,Productos 100% original funciona excelente y todavía tiene seguridad de applecere+.,Hace 2 mes,https://www.mercadolibre.com.mx/apple-airpods-pro-3-color-blanco-con-cancelacion-de-ruido-distribuidor-autorizado/p/MLM1054106888,Apple,In-Ear,productos original funciona excelente todavía seguridad applecere,83,0.375,Positivo
2888823773,MLM1054106888,Apple AirPods Pro In-Ear,Mercado Libre,5.0,,Hace 2 mes,https://www.mercadolibre.com.mx/apple-airpods-pro-3-color-blanco-con-cancelacion-de-ruido-distribuidor-autorizado/p/MLM1054106888,Apple,In-Ear,,0,0.0,Neutral
2882692419,MLM1054106888,Apple AirPods Pro In-Ear,Mercado Libre,5.0,"Aislamiento: excelente la cancelación de ruido. Materiales: buenos materiales, se sienten de sienten de excelente calidad. Aquí los pude conseguir mucho más baratos que en la tienda de apple y estoy totalmente satisfecho con mi compra.",Hace 2 mes,https://www.mercadolibre.com.mx/apple-airpods-pro-3-color-blanco-con-cancelacion-de-ruido-distribuidor-autorizado/p/MLM1054106888,Apple,In-Ear,aislamiento excelente cancelación ruido materiales buenos materiales sienten sienten excelente calidad aquí pude conseguir baratos tienda apple totalmente satisfecho compra,235,0.0,Neutral
2883162316,MLM1054106888,Apple AirPods Pro In-Ear,Mercado Libre,5.0,"10/10, excelente cancelación de ruido y calidad de audio. Son muy cómodos, ligeros y casi ni se sienten.",Hace 3 mes,https://www.mercadolibre.com.mx/apple-airpods-pro-3-color-blanco-con-cancelacion-de-ruido-distribuidor-autorizado/p/MLM1054106888,Apple,In-Ear,excelente cancelación ruido calidad audio cómodos ligeros casi sienten,104,0.0,Neutral
2877489906,MLM1054106888,Apple AirPods Pro In-Ear,Mercado Libre,5.0,"La caja si viene maltratada por fuera pero por el dentro viene bien el producto, en realidad pues es un muy buen producto original y calidad apple.",Hace 3 mes,https://www.mercadolibre.com.mx/apple-airpods-pro-3-color-blanco-con-cancelacion-de-ruido-distribuidor-autorizado/p/MLM1054106888,Apple,In-Ear,caja viene maltratada dentro viene bien producto realidad pues buen producto original calidad apple,147,0.375,Positivo
2855552719,MLM1054106888,Apple AirPods Pro In-Ear,Mercado Libre,5.0,"Comodidad: no son pesados. Sonido: excelente sonido, la cancelación de ruido es perfecta. La cancelación de ruido es perfecta, te sumerges en la música y la calidad súper buena como todo lo de apple, lo único q no le gustó es q luego ya no traen el cable cargador.",Hace 3 mes,https://www.mercadolibre.com.mx/apple-airpods-pro-3-color-blanco-con-cancelacion-de-ruido-distribuidor-autorizado/p/MLM1054106888,Apple,In-Ear,comodidad pesados sonido excelente sonido cancelación ruido perfecta cancelación ruido perfecta sumerges música calidad súper buena apple único gustó luego traen cable cargador,264,0.0,Neutral
2861784522,MLM1054106888,Apple AirPods Pro In-Ear,Mercado Libre,5.0,"Comodidad: muy cómodos. Sonido: excelente graves y agudos. Alta calidad de sonido. La cancelación de ruido así como el sonido ambiental son excelentes, y el sonido de lo mejor en audífonos inalámbricos, lo mejor de lo mejor.",Hace 3 mes,https://www.mercadolibre.com.mx/apple-airpods-pro-3-color-blanco-con-cancelacion-de-ruido-distribuidor-autorizado/p/MLM1054106888,Apple,In-Ear,comodidad cómodos sonido excelente graves agudos alta calidad sonido cancelación ruido así sonido ambiental excelentes sonido mejor audífonos inalámbricos mejor mejor,224,0.0,Neutral
2828055549,MLM1054106888,Apple AirPods Pro In-Ear,Mercado Libre,5.0,"Compré los airpods pro 3 a través de mercado libre y mi experiencia fue bastante positiva desde el inicio. La compra se realizó sin inconvenientes: el producto llegó en el tiempo estimado, bien empaquetado y completamente original, lo cual era uno de mis principales temores al comprar en línea.",Hace 3 mes,https://www.mercadolibre.com.mx/apple-airpods-pro-3-color-blanco-con-cancelacion-de-ruido-distribuidor-autorizado/p/MLM1054106888,Apple,In-Ear,compré airpods pro través mercado libre experiencia bastante positiva inicio compra realizó inconvenientes producto llegó tiempo estimado bien empaquetado completamente original principales temores comprar línea,295,0.375,Positivo
2830141340,MLM1054106888,Apple AirPods Pro In-Ear,Mercado Libre,5.0,Comodidad: están muy bien. Sonido: se escuchan muy bien. El producto 10/10 cancela todo el ruido de tu entorno.,Hace 4 mes,https://www.mercadolibre.com.mx/apple-airpods-pro-3-color-blanco-con-cancelacion-de-ruido-distribuidor-autorizado/p/MLM1054106888,Apple,In-Ear,comodidad bien sonido escuchan bien producto cancela ruido entorno,111,0.0,Neutral
2827072350,MLM1054106888,Apple AirPods Pro In-Ear,Mercado Libre,4.0,"Materiales: de muy buena calidad. Aislamiento: aísla muy bien pero si hay algunos mejores por ese rango de precio. Como es distribuidor autorizado el producto original se siente bien, lo ando probando por las reviews pero llevo horas con ellos. Hasta ahora me agradan mucho.",Hace 4 mes,https://www.mercadolibre.com.mx/apple-airpods-pro-3-color-blanco-con-cancelacion-de-ruido-distribuidor-autorizado/p/MLM1054106888,Apple,In-Ear,materiales buena calidad aislamiento aísla bien mejores rango precio distribuidor autorizado producto original bien ando probando reviews llevo horas ahora agradan,274,0.375,Positivo
2821250084,MLM1054106888,Apple AirPods Pro In-Ear,Mercado Libre,5.0,Materiales: e.,Hace 4 mes,https://www.mercadolibre.com.mx/apple-airpods-pro-3-color-blanco-con-cancelacion-de-ruido-distribuidor-autorizado/p/MLM1054106888,Apple,In-Ear,materiales,14,0.0,Neutral
2787248718,MLM1054106888,Apple AirPods Pro In-Ear,Mercado Libre,5.0,"Sonido: excelente calidad de audio. Materiales: plásticos rígidos. Excelente producto, el sonido y la cancelación de ruido son increíbles.",Hace 4 mes,https://www.mercadolibre.com.mx/apple-airpods-pro-3-color-blanco-con-cancelacion-de-ruido-distribuidor-autorizado/p/MLM1054106888,Apple,In-Ear,sonido excelente calidad audio materiales plásticos rígidos excelente producto sonido cancelación ruido increíbles,138,0.0,Neutral
2730060365,MLM1054106888,Apple AirPods Pro In-Ear,Mercado Libre,5.0,Es precioso y llegó rápido en perfectas condiciones. Lo compré porque quería tener toda la gama de apple y lo que más me gustó fueron todas sus funciones y la excelente calidad de sonido que tiene.,Hace 5 mes,https://www.mercadolibre.com.mx/apple-airpods-pro-3-color-blanco-con-cancelacion-de-ruido-distribuidor-autorizado/p/MLM1054106888,Apple,In-Ear,precioso llegó rápido perfectas condiciones compré quería tener toda gama apple gustó todas funciones excelente calidad sonido,197,0.0,Neutral
2720301490,MLM1054106888,Apple AirPods Pro In-Ear,Mercado Libre,5.0,"Son los originales, muy bien producto 👍🏻.",Hace 6 mes,https://www.mercadolibre.com.mx/apple-airpods-pro-3-color-blanco-con-cancelacion-de-ruido-distribuidor-autorizado/p/MLM1054106888,Apple,In-Ear,originales bien producto,41,0.0,Neutral
2655791297,MLM1054106888,Apple AirPods Pro In-Ear,Mercado Libre,5.0,"Increíbles súper cómodos, diseño perfecto, tienen buen volumen, la cancelación de ruido activa es una locura, tal ves si tienes la generación pasada no sea lo más recomendable, pero si será los primeros o tienes ya una versión muy viejita, valen 10000% la pena.",Hace 6 mes,https://www.mercadolibre.com.mx/apple-airpods-pro-3-color-blanco-con-cancelacion-de-ruido-distribuidor-autorizado/p/MLM1054106888,Apple,In-Ear,increíbles súper cómodos diseño perfecto buen volumen cancelación ruido activa locura tal ves generación pasada recomendable primeros versión viejita valen pena,261,0.0,Neutral
2547948507,MLM1054106888,Apple AirPods Pro In-Ear,Mercado Libre,5.0,Muy buena cancelación de ruido.,Hace 8 mes,https://www.mercadolibre.com.mx/apple-airpods-pro-3-color-blanco-con-cancelacion-de-ruido-distribuidor-autorizado/p/MLM1054106888,Apple,In-Ear,buena cancelación ruido,31,0.0,Neutral
2542389884,MLM1054106888,Apple AirPods Pro In-Ear,Mercado Libre,5.0,,Hace 8 mes,https://www.mercadolibre.com.mx/apple-airpods-pro-3-color-blanco-con-cancelacion-de-ruido-distribuidor-autorizado/p/MLM1054106888,Apple,In-Ear,,0,0.0,Neutral
3034271205,MLM1054106888,Apple AirPods Pro In-Ear,Mercado Libre,5.0,"Me encantaron, tienen muy buena cancelación de ruido y si son originales y nuevos. Fue una excelente compra✨✨.",Hace 5 día,https://www.mercadolibre.com.mx/apple-airpods-pro-3-color-blanco-con-cancelacion-de-ruido-distribuidor-autorizado/p/MLM1054106888,Apple,In-Ear,encantaron buena cancelación ruido originales nuevos excelente compra,110,0.0,Neutral
3034190409,MLM1054106888,Apple AirPods Pro In-Ear,Mercado Libre,5.0,"Materiales: resistente. Aislamiento: si es la mejor cancelación de ruido. Super buenos para traducir, están muy bien, la caja llegó un poco pólvosa, pero llegó sellada, originales 1000% y tienen un excelente audio y unas bocinas para atender llamadas super claras, sin ruido ni tampoco se escucha distorsionado.",Hace 5 día,https://www.mercadolibre.com.mx/apple-airpods-pro-3-color-blanco-con-cancelacion-de-ruido-distribuidor-autorizado/p/MLM1054106888,Apple,In-Ear,materiales resistente aislamiento mejor cancelación ruido super buenos traducir bien caja llegó pólvosa llegó sellada originales excelente audio unas bocinas atender llamadas super claras ruido tampoco escucha distorsionado,311,0.333,Positivo
3032525231,MLM1054106888,Apple AirPods Pro In-Ear,Mercado Libre,5.0,Comodidad: ligero. Sonido: si 10/10 suenan demasiado bien 👍🏻. Muy buenos audífonos recomendados la verdad suenan bastante bien la cancelación de ruido es brutal suenan demasiado bien 🔥.,Hace 6 día,https://www.mercadolibre.com.mx/apple-airpods-pro-3-color-blanco-con-cancelacion-de-ruido-distribuidor-autorizado/p/MLM1054106888,Apple,In-Ear,comodidad ligero sonido suenan demasiado bien buenos audífonos recomendados verdad suenan bastante bien cancelación ruido brutal suenan demasiado bien,185,-0.875,Negativo
3042853264,MLM1054106888,Apple AirPods Pro In-Ear,Mercado Libre,4.0,"Comodidad: las almohadillas no son tan cómodas. Sonido: graves sutiles. El ensamble es perfecto, los materiales son garantía apple. En cuanto a reducción del ruido, es buena, pero no es perfecta. En cuanto a sonido es bueno,, pero vengo de unos hk y los bajos están muy por debajo. Entiendo al segmento que pertenecen pero creo que 2 pesos más de graves o al menos una opción de ecualizador no estarían de mas.",Hace 6 día,https://www.mercadolibre.com.mx/apple-airpods-pro-3-color-blanco-con-cancelacion-de-ruido-distribuidor-autorizado/p/MLM1054106888,Apple,In-Ear,comodidad almohadillas tan cómodas sonido graves sutiles ensamble perfecto materiales garantía apple cuanto reducción ruido buena perfecta cuanto sonido bueno vengo bajos debajo entiendo segmento pertenecen creo pesos graves menos opción ecualizador mas,410,0.0,Neutral
3041433652,MLM1054106888,Apple AirPods Pro In-Ear,Mercado Libre,4.0,Buen producto.,Hace 7 día,https://www.mercadolibre.com.mx/apple-airpods-pro-3-color-blanco-con-cancelacion-de-ruido-distribuidor-autorizado/p/MLM1054106888,Apple,In-Ear,buen producto,14,0.0,Neutral
3040024760,MLM1054106888,Apple AirPods Pro In-Ear,Mercado Libre,5.0,,Hace 7 día,https://www.mercadolibre.com.mx/apple-airpods-pro-3-color-blanco-con-cancelacion-de-ruido-distribuidor-autorizado/p/MLM1054106888,Apple,In-Ear,,0,0.0,Neutral
3029347205,MLM1054106888,Apple AirPods Pro In-Ear,Mercado Libre,5.0,Comodidad: se acomoda bien. Materiales: se siente de buena calidad y textura. Buenos bajos buen sonido buen grave y claridad 10/10.,Hace 7 día,https://www.mercadolibre.com.mx/apple-airpods-pro-3-color-blanco-con-cancelacion-de-ruido-distribuidor-autorizado/p/MLM1054106888,Apple,In-Ear,comodidad acomoda bien materiales buena calidad textura buenos bajos buen sonido buen grave claridad,131,0.0,Neutral
3027532089,MLM1054106888,Apple AirPods Pro In-Ear,Mercado Libre,5.0,Recomiendo el mejor sonido hasta ahorita que he tenido.,Hace 1 sem,https://www.mercadolibre.com.mx/apple-airpods-pro-3-color-blanco-con-cancelacion-de-ruido-distribuidor-autorizado/p/MLM1054106888,Apple,In-Ear,recomiendo mejor sonido ahorita,55,0.0,Neutral
3026938739,MLM1054106888,Apple AirPods Pro In-Ear,Mercado Libre,5.0,Comodidad: excelente. Sonido: excelente. Excelente.,Hace 1 sem,https://www.mercadolibre.com.mx/apple-airpods-pro-3-color-blanco-con-cancelacion-de-ruido-distribuidor-autorizado/p/MLM1054106888,Apple,In-Ear,comodidad excelente sonido excelente excelente,51,0.0,Neutral
3034382298,MLM1054106888,Apple AirPods Pro In-Ear,Mercado Libre,5.0,Materiales: de muy buena calidad. Se los recomiendo completamente.,Hace 1 sem,https://www.mercadolibre.com.mx/apple-airpods-pro-3-color-blanco-con-cancelacion-de-ruido-distribuidor-autorizado/p/MLM1054106888,Apple,In-Ear,materiales buena calidad recomiendo completamente,66,0.0,Neutral
3023729435,MLM1054106888,Apple AirPods Pro In-Ear,Mercado Libre,5.0,"Son una excelente opción si buscas algo cómodo. Aunque si tiene puntos de mejora, los bajos no son los mejores, aunque se puede configurar ahora con el ecualizador.",Hace 1 sem,https://www.mercadolibre.com.mx/apple-airpods-pro-3-color-blanco-con-cancelacion-de-ruido-distribuidor-autorizado/p/MLM1054106888,Apple,In-Ear,excelente opción buscas cómodo aunque puntos mejora bajos mejores aunque puede configurar ahora ecualizador,164,0.0,Neutral
3021207597,MLM1054106888,Apple AirPods Pro In-Ear,Mercado Libre,5.0,"Materiales: de muy buena calidad!. Sonido: sonido excelente. Son originales y están muy padres, no les falla nada, recomiendo 100%.",Hace 1 sem,https://www.mercadolibre.com.mx/apple-airpods-pro-3-color-blanco-con-cancelacion-de-ruido-distribuidor-autorizado/p/MLM1054106888,Apple,In-Ear,materiales buena calidad sonido sonido excelente originales padres falla recomiendo,131,0.0,Neutral
3021153355,MLM1054106888,Apple AirPods Pro In-Ear,Mercado Libre,5.0,"Materiales: plástico. Comodidad: muy buenos. Son muy buenos, tal vez si permitan ecualizar serían perfectos, pero hasta que eso eso pase, solo son buenos.",Hace 1 sem,https://www.mercadolibre.com.mx/apple-airpods-pro-3-color-blanco-con-cancelacion-de-ruido-distribuidor-autorizado/p/MLM1054106888,Apple,In-Ear,materiales plástico comodidad buenos buenos tal vez permitan ecualizar perfectos pase solo buenos,154,0.0,Neutral
3031136010,MLM1054106888,Apple AirPods Pro In-Ear,Mercado Libre,5.0,"Sonido: graves profundos pero no en exceso, medios y agudos claros. Aislamiento: excelente cancelación de ruido y buena detección de plática para cambio de aislamiento a sonido ambiente. Excelentes para el gym aún con mucho sudor.",Hace 1 sem,https://www.mercadolibre.com.mx/apple-airpods-pro-3-color-blanco-con-cancelacion-de-ruido-distribuidor-autorizado/p/MLM1054106888,Apple,In-Ear,sonido graves profundos exceso medios agudos claros aislamiento excelente cancelación ruido buena detección plática cambio aislamiento sonido ambiente excelentes gym aún sudor,230,0.0,Neutral
3019549475,MLM1054106888,Apple AirPods Pro In-Ear,Mercado Libre,4.0,,Hace 1 sem,https://www.mercadolibre.com.mx/apple-airpods-pro-3-color-blanco-con-cancelacion-de-ruido-distribuidor-autorizado/p/MLM1054106888,Apple,In-Ear,,0,0.0,Neutral
3029377256,MLM1054106888,Apple AirPods Pro In-Ear,Mercado Libre,5.0,"Excelente calidad muy buena cancelación de ruido y muy portátiles, excelente.",Hace 1 sem,https://www.mercadolibre.com.mx/apple-airpods-pro-3-color-blanco-con-cancelacion-de-ruido-distribuidor-autorizado/p/MLM1054106888,Apple,In-Ear,excelente calidad buena cancelación ruido portátiles excelente,77,0.0,Neutral
3017191111,MLM1054106888,Apple AirPods Pro In-Ear,Mercado Libre,4.0,"Todo cool me gustó, original solo que no tenía cable para cargar , fuera de eso 10/10.",Hace 2 sem,https://www.mercadolibre.com.mx/apple-airpods-pro-3-color-blanco-con-cancelacion-de-ruido-distribuidor-autorizado/p/MLM1054106888,Apple,In-Ear,cool gustó original solo cable cargar,86,0.362,Positivo
3026494348,MLM1054106888,Apple AirPods Pro In-Ear,Mercado Libre,5.0,"Sonido: claro. Comodidad: perfecto. Si son originales, inmediato a conectarlos al celular te deja comprar apple care.",Hace 2 sem,https://www.mercadolibre.com.mx/apple-airpods-pro-3-color-blanco-con-cancelacion-de-ruido-distribuidor-autorizado/p/MLM1054106888,Apple,In-Ear,sonido claro comodidad perfecto originales inmediato conectarlos celular deja comprar apple care,117,0.0,Neutral
3013865543,MLM1054106888,Apple AirPods Pro In-Ear,Mercado Libre,5.0,"Comodidad: muy cómodos. Son unos audífonos excelentes son mis primeros airpods y la verdad me encantaron, la cancelación de ruido es brutal y el modo ambiente se siente como si no trajeras nada en el oído la mejor compra que puedes hacer si son tus primeros airpods.",Hace 2 sem,https://www.mercadolibre.com.mx/apple-airpods-pro-3-color-blanco-con-cancelacion-de-ruido-distribuidor-autorizado/p/MLM1054106888,Apple,In-Ear,comodidad cómodos audífonos excelentes primeros airpods verdad encantaron cancelación ruido brutal modo ambiente trajeras oído mejor compra puedes hacer primeros airpods,266,-0.875,Negativo
3012347491,MLM1054106888,Apple AirPods Pro In-Ear,Mercado Libre,5.0,"Llegó todo bien, la caja viene un poco raspada pero en general excelente todo, queda probarlos junto con sus nuevas funciones.",Hace 2 sem,https://www.mercadolibre.com.mx/apple-airpods-pro-3-color-blanco-con-cancelacion-de-ruido-distribuidor-autorizado/p/MLM1054106888,Apple,In-Ear,llegó bien caja viene raspada general excelente queda probarlos junto nuevas funciones,126,0.05,Neutral
3011196149,MLM1054106888,Apple AirPods Pro In-Ear,Mercado Libre,5.0,Materiales: plástico. Comodidad: peso. Muy bien promoción y peso.,Hace 2 sem,https://www.mercadolibre.com.mx/apple-airpods-pro-3-color-blanco-con-cancelacion-de-ruido-distribuidor-autorizado/p/MLM1054106888,Apple,In-Ear,materiales plástico comodidad peso bien promoción peso,65,0.0,Neutral
3007851115,MLM1054106888,Apple AirPods Pro In-Ear,Mercado Libre,5.0,Buen producto.,Hace 2 sem,https://www.mercadolibre.com.mx/apple-airpods-pro-3-color-blanco-con-cancelacion-de-ruido-distribuidor-autorizado/p/MLM1054106888,Apple,In-Ear,buen producto,14,0.0,Neutral
3007275163,MLM1054106888,Apple AirPods Pro In-Ear,Mercado Libre,5.0,"Excelente producto, y totalmente original.",Hace 2 sem,https://www.mercadolibre.com.mx/apple-airpods-pro-3-color-blanco-con-cancelacion-de-ruido-distribuidor-autorizado/p/MLM1054106888,Apple,In-Ear,excelente producto totalmente original,42,0.375,Positivo
3005080715,MLM1054106888,Apple AirPods Pro In-Ear,Mercado Libre,5.0,Sonido: sonido claro. Aislamiento: buena cancelación de ruido. Lo recomiendo personalmente me sorprendieron las funciones de estos audífonos.,Hace 3 sem,https://www.mercadolibre.com.mx/apple-airpods-pro-3-color-blanco-con-cancelacion-de-ruido-distribuidor-autorizado/p/MLM1054106888,Apple,In-Ear,sonido sonido claro aislamiento buena cancelación ruido recomiendo personalmente sorprendieron funciones audífonos,141,0.0,Neutral
3015284234,MLM1054106888,Apple AirPods Pro In-Ear,Mercado Libre,5.0,"Comodidad: como todo lo de apple calidad, comodidad , y estilo. Materiales: plástico de excelente calidad. El mejor audífono que he tenido la cancelación de audio excelente !.",Hace 3 sem,https://www.mercadolibre.com.mx/apple-airpods-pro-3-color-blanco-con-cancelacion-de-ruido-distribuidor-autorizado/p/MLM1054106888,Apple,In-Ear,comodidad apple calidad comodidad estilo materiales plástico excelente calidad mejor audífono cancelación audio excelente,175,0.0,Neutral
3009287874,MLM1054106888,Apple AirPods Pro In-Ear,Mercado Libre,5.0,"Son una maravilla. Cancelación de ruido inmejorable. Potencia de sonido excelente, calidad u fidelidad del sonido y llamadas perfecto. En el gimnasio son excelentes.",Hace 3 sem,https://www.mercadolibre.com.mx/apple-airpods-pro-3-color-blanco-con-cancelacion-de-ruido-distribuidor-autorizado/p/MLM1054106888,Apple,In-Ear,maravilla cancelación ruido inmejorable potencia sonido excelente calidad fidelidad sonido llamadas perfecto gimnasio excelentes,165,0.0,Neutral
3008006380,MLM1054106888,Apple AirPods Pro In-Ear,Mercado Libre,5.0,"Es muy bueno, obviamente original y de buena calidad, la cancelación de ruido es increíble.",Hace 3 sem,https://www.mercadolibre.com.mx/apple-airpods-pro-3-color-blanco-con-cancelacion-de-ruido-distribuidor-autorizado/p/MLM1054106888,Apple,In-Ear,bueno obviamente original buena calidad cancelación ruido increíble,91,0.375,Positivo
3007470328,MLM1054106888,Apple AirPods Pro In-Ear,Mercado Libre,5.0,"Comodidad: muy cómodos. Sonido: bueno. Tanto la cancelación de ruido como el modo ambiente son excelentes. Son tan cómodos que a veces se te olvida que los traes puestos. El audio es bueno, pero por el precio me imaginaba algo mucho mejor; aún así los recomiendo ampliamente. Gran compra.",Hace 3 sem,https://www.mercadolibre.com.mx/apple-airpods-pro-3-color-blanco-con-cancelacion-de-ruido-distribuidor-autorizado/p/MLM1054106888,Apple,In-Ear,comodidad cómodos sonido bueno cancelación ruido modo ambiente excelentes tan cómodos veces olvida traes puestos audio bueno precio imaginaba mejor aún así recomiendo ampliamente gran compra,288,0.0,Neutral
2996112795,MLM1054106888,Apple AirPods Pro In-Ear,Mercado Libre,5.0,Comodidad: muy cómodos. Aislamiento: la cancelación de ruido es muy buena. Muy buen producto.,Hace 3 sem,https://www.mercadolibre.com.mx/apple-airpods-pro-3-color-blanco-con-cancelacion-de-ruido-distribuidor-autorizado/p/MLM1054106888,Apple,In-Ear,comodidad cómodos aislamiento cancelación ruido buena buen producto,93,0.0,Neutral
2995976145,MLM1054106888,Apple AirPods Pro In-Ear,Mercado Libre,5.0,"Resistentes, buena calidad de cancelación de ruido, comodidad y buena traducción al momento.",Hace 3 sem,https://www.mercadolibre.com.mx/apple-airpods-pro-3-color-blanco-con-cancelacion-de-ruido-distribuidor-autorizado/p/MLM1054106888,Apple,In-Ear,resistentes buena calidad cancelación ruido comodidad buena traducción momento,92,0.0,Neutral
2994361931,MLM1054106888,Apple AirPods Pro In-Ear,Mercado Libre,5.0,"Comodidad: excelente, incluye los tamaños de las gomas dependiendo para tu oreja. Aislamiento: funciona perfectamente. Excelente pregunto, viene sellado y en caja, perfectamente.",Hace 3 sem,https://www.mercadolibre.com.mx/apple-airpods-pro-3-color-blanco-con-cancelacion-de-ruido-distribuidor-autorizado/p/MLM1054106888,Apple,In-Ear,comodidad excelente incluye tamaños gomas dependiendo oreja aislamiento funciona perfectamente excelente pregunto viene sellado caja perfectamente,178,0.0,Neutral
2992541815,MLM1054106888,Apple AirPods Pro In-Ear,Mercado Libre,5.0,"Dudaba por la caja, porque venía muy raspada, pero son nuevos, los abrí y no tuve problema, todo muy bien al momento. Excelente compra.",Hace 4 sem,https://www.mercadolibre.com.mx/apple-airpods-pro-3-color-blanco-con-cancelacion-de-ruido-distribuidor-autorizado/p/MLM1054106888,Apple,In-Ear,dudaba caja venía raspada nuevos abrí problema bien momento excelente compra,135,0.0,Neutral
2991175003,MLM1054106888,Apple AirPods Pro In-Ear,Mercado Libre,5.0,Materiales: no n buen estado y nuevo por supuesto. Sonido: excelente sonido.,Hace 4 sem,https://www.mercadolibre.com.mx/apple-airpods-pro-3-color-blanco-con-cancelacion-de-ruido-distribuidor-autorizado/p/MLM1054106888,Apple,In-Ear,materiales buen nuevo supuesto sonido excelente sonido,76,0.0,Neutral
2990821886,MLM1054106888,Apple AirPods Pro In-Ear,Mercado Libre,5.0,"Estoy muy satisfecha con mi compra. Al recibir el producto tuve una duda sobre el contenido de la caja, pero recibí seguimiento y una solución oportuna por parte de mercado libre, lo que me dio mucha confianza. Los airpods son originales y hasta el momento, todo ha sido conforme a lo esperado. Sin duda, fue una buena experiencia de compra.",Hace 1 mes,https://www.mercadolibre.com.mx/apple-airpods-pro-3-color-blanco-con-cancelacion-de-ruido-distribuidor-autorizado/p/MLM1054106888,Apple,In-Ear,satisfecha compra recibir producto duda contenido caja recibí seguimiento solución oportuna parte mercado libre dio mucha confianza airpods originales momento sido conforme esperado duda buena experiencia compra,341,0.0,Neutral
2990176062,MLM1054106888,Apple AirPods Pro In-Ear,Mercado Libre,5.0,Materiales: excelente calidad 100% recomendados.,Hace 1 mes,https://www.mercadolibre.com.mx/apple-airpods-pro-3-color-blanco-con-cancelacion-de-ruido-distribuidor-autorizado/p/MLM1054106888,Apple,In-Ear,materiales excelente calidad recomendados,48,0.0,Neutral
2990118424,MLM1054106888,Apple AirPods Pro In-Ear,Mercado Libre,5.0,Excelente audio y duración vale la pena.,Hace 1 mes,https://www.mercadolibre.com.mx/apple-airpods-pro-3-color-blanco-con-cancelacion-de-ruido-distribuidor-autorizado/p/MLM1054106888,Apple,In-Ear,excelente audio duración vale pena,40,0.0,Neutral
2986771992,MLM1054106888,Apple AirPods Pro In-Ear,Mercado Libre,5.0,No hay nada mejor en el mercado.,Hace 1 mes,https://www.mercadolibre.com.mx/apple-airpods-pro-3-color-blanco-con-cancelacion-de-ruido-distribuidor-autorizado/p/MLM1054106888,Apple,In-Ear,mejor mercado,32,0.0,Neutral
2975614083,MLM1054106888,Apple AirPods Pro In-Ear,Mercado Libre,5.0,"Me encantarooooonnnn los audífonos son nuevos y su cancelación de ruido esta mega genial y también su modo transparencia en los personal tenia antes los nothing ear a y se sienten mucho mejor ,también en su modo de encontrar esta muy bien ,se escucha la caja muy fuerte.",Hace 1 mes,https://www.mercadolibre.com.mx/apple-airpods-pro-3-color-blanco-con-cancelacion-de-ruido-distribuidor-autorizado/p/MLM1054106888,Apple,In-Ear,encantarooooonnnn audífonos nuevos cancelación ruido mega genial modo transparencia personal tenia nothing ear sienten mejor modo encontrar bien escucha caja fuerte,270,0.0,Neutral
2985653624,MLM1054106888,Apple AirPods Pro In-Ear,Mercado Libre,5.0,"Son completamente nuevos, ya que la garantía anual se activó una vez que los recibi, pero un sello de la caja venía despegado, a pesar de eso viene con todos sus accesorios e instructivos.",Hace 1 mes,https://www.mercadolibre.com.mx/apple-airpods-pro-3-color-blanco-con-cancelacion-de-ruido-distribuidor-autorizado/p/MLM1054106888,Apple,In-Ear,completamente nuevos garantía anual activó vez recibi sello caja venía despegado pesar viene accesorios instructivos,188,0.0,Neutral
2973159669,MLM1054106888,Apple AirPods Pro In-Ear,Mercado Libre,5.0,Se siente de muy buena calidad y están prácticos.,Hace 1 mes,https://www.mercadolibre.com.mx/apple-airpods-pro-3-color-blanco-con-cancelacion-de-ruido-distribuidor-autorizado/p/MLM1054106888,Apple,In-Ear,buena calidad prácticos,49,0.0,Neutral
2972182147,MLM1054106888,Apple AirPods Pro In-Ear,Mercado Libre,5.0,Los mejores audífonos.,Hace 1 mes,https://www.mercadolibre.com.mx/apple-airpods-pro-3-color-blanco-con-cancelacion-de-ruido-distribuidor-autorizado/p/MLM1054106888,Apple,In-Ear,mejores audífonos,22,0.0,Neutral
2971698683,MLM1054106888,Apple AirPods Pro In-Ear,Mercado Libre,5.0,"Se ven bastante prometedores, no tuve los pro 2 así que no puedo comparar pero si son tus primeros airpods, las funciones son excelentes.",Hace 1 mes,https://www.mercadolibre.com.mx/apple-airpods-pro-3-color-blanco-con-cancelacion-de-ruido-distribuidor-autorizado/p/MLM1054106888,Apple,In-Ear,ven bastante prometedores pro así puedo comparar primeros airpods funciones excelentes,137,0.0,Neutral
2981596158,MLM1054106888,Apple AirPods Pro In-Ear,Mercado Libre,5.0,"Comodidad: soy ergonómicos, puedes llevarlos sin problema durante largo tiempo. El modo ambiente y la cancelación de ruido la verdad que 9. 5/10, el sonido si le daría un 8/10 ya que siento que los bajos y graves quedan a deber un poco, sin embargo es algo que se puede corregir con software porque son una máquina, recomendados 100%.",Hace 1 mes,https://www.mercadolibre.com.mx/apple-airpods-pro-3-color-blanco-con-cancelacion-de-ruido-distribuidor-autorizado/p/MLM1054106888,Apple,In-Ear,comodidad ergonómicos puedes llevarlos problema largo tiempo modo ambiente cancelación ruido verdad sonido daría siento bajos graves quedan deber embargo puede corregir software máquina recomendados,334,0.0,Neutral
2968975589,MLM1054106888,Apple AirPods Pro In-Ear,Mercado Libre,5.0,Sonido: tiene todo. Aislamiento: excelente. Si son tus primeros audífonos créeme valen completamente la pena.,Hace 1 mes,https://www.mercadolibre.com.mx/apple-airpods-pro-3-color-blanco-con-cancelacion-de-ruido-distribuidor-autorizado/p/MLM1054106888,Apple,In-Ear,sonido aislamiento excelente primeros audífonos créeme valen completamente pena,109,0.0,Neutral
2965058507,MLM1054106888,Apple AirPods Pro In-Ear,Mercado Libre,5.0,"Son realmente originales, excelente calidad.",Hace 1 mes,https://www.mercadolibre.com.mx/apple-airpods-pro-3-color-blanco-con-cancelacion-de-ruido-distribuidor-autorizado/p/MLM1054106888,Apple,In-Ear,realmente originales excelente calidad,44,0.0,Neutral
2963716497,MLM1054106888,Apple AirPods Pro In-Ear,Mercado Libre,5.0,"Aislamiento: gran cancelación de ruido. Sonido: buenos bajaos y un excelente calidad de audio con apple music. Buen producto y vas a la segura, cuidado con otros vendedores que los venden por precios similares.",Hace 1 mes,https://www.mercadolibre.com.mx/apple-airpods-pro-3-color-blanco-con-cancelacion-de-ruido-distribuidor-autorizado/p/MLM1054106888,Apple,In-Ear,aislamiento gran cancelación ruido sonido buenos bajaos excelente calidad audio apple music buen producto vas segura cuidado vendedores venden precios similares,210,0.0,Neutral
2963450213,MLM1054106888,Apple AirPods Pro In-Ear,Mercado Libre,5.0,"Sonido: sonidooo increíble. Aislamiento: excelente cancelación de ruido, graves. Era de esperar de la marca, buenos grave, vocales en si todo perfecto.",Hace 1 mes,https://www.mercadolibre.com.mx/apple-airpods-pro-3-color-blanco-con-cancelacion-de-ruido-distribuidor-autorizado/p/MLM1054106888,Apple,In-Ear,sonido sonidooo increíble aislamiento excelente cancelación ruido graves esperar marca buenos grave vocales perfecto,151,0.0,Neutral
2962615637,MLM1054106888,Apple AirPods Pro In-Ear,Mercado Libre,5.0,"Sonido: calidad de sonido excelente. Comodidad: las diferentes tallas q ofrece ayudan bastante en la comidad. En comparacion con los 4 con cancelación, son mucho mejores en comidad, calidad de sonido con los 4 no hay una diferencia muy grande.",Hace 1 mes,https://www.mercadolibre.com.mx/apple-airpods-pro-3-color-blanco-con-cancelacion-de-ruido-distribuidor-autorizado/p/MLM1054106888,Apple,In-Ear,sonido calidad sonido excelente comodidad diferentes tallas ofrece ayudan bastante comidad comparacion cancelación mejores comidad calidad sonido diferencia grande,243,0.0,Neutral
2967577174,MLM1054106888,Apple AirPods Pro In-Ear,Mercado Libre,5.0,"Funcionan increíble, súper cómoda y la cancelación de ruido es realmente impresionante, yo vengo de los pro 2. Solo a veces se baja el volumen un poco sin darle el. Comando.",Hace 1 mes,https://www.mercadolibre.com.mx/apple-airpods-pro-3-color-blanco-con-cancelacion-de-ruido-distribuidor-autorizado/p/MLM1054106888,Apple,In-Ear,funcionan increíble súper cómoda cancelación ruido realmente impresionante vengo pro solo veces baja volumen darle comando,173,0.0,Neutral
2957126729,MLM1054106888,Apple AirPods Pro In-Ear,Mercado Libre,5.0,Aislamiento: buena cancelación. Materiales: material rígido. Producto original muy bueno.,Hace 1 mes,https://www.mercadolibre.com.mx/apple-airpods-pro-3-color-blanco-con-cancelacion-de-ruido-distribuidor-autorizado/p/MLM1054106888,Apple,In-Ear,aislamiento buena cancelación materiales material rígido producto original bueno,89,0.375,Positivo
2956099673,MLM1054106888,Apple AirPods Pro In-Ear,Mercado Libre,5.0,"Aislamiento: excelente. Materiales: son muy comodos. No se van arrepentir, una buena opción.",Hace 1 mes,https://www.mercadolibre.com.mx/apple-airpods-pro-3-color-blanco-con-cancelacion-de-ruido-distribuidor-autorizado/p/MLM1054106888,Apple,In-Ear,aislamiento excelente materiales comodos van arrepentir buena opción,92,0.0,Neutral
2954322995,MLM1054106888,Apple AirPods Pro In-Ear,Mercado Libre,5.0,Buena cancelación de ruido son excelente.,Hace 1 mes,https://www.mercadolibre.com.mx/apple-airpods-pro-3-color-blanco-con-cancelacion-de-ruido-distribuidor-autorizado/p/MLM1054106888,Apple,In-Ear,buena cancelación ruido excelente,41,0.0,Neutral
2951328121,MLM1054106888,Apple AirPods Pro In-Ear,Mercado Libre,5.0,"Son originales, están bien.",Hace 1 mes,https://www.mercadolibre.com.mx/apple-airpods-pro-3-color-blanco-con-cancelacion-de-ruido-distribuidor-autorizado/p/MLM1054106888,Apple,In-Ear,originales bien,27,0.0,Neutral
2948552055,MLM1054106888,Apple AirPods Pro In-Ear,Mercado Libre,5.0,"Sonido: extremadamente claro. Materiales: plastico. Muy buen producto, único detalle que el fabricante es de china pero en lo general son originales y suenan muy bien.",Hace 1 mes,https://www.mercadolibre.com.mx/apple-airpods-pro-3-color-blanco-con-cancelacion-de-ruido-distribuidor-autorizado/p/MLM1054106888,Apple,In-Ear,sonido extremadamente claro materiales plastico buen producto único detalle fabricante china general originales suenan bien,167,0.05,Neutral
2956238956,MLM1054106888,Apple AirPods Pro In-Ear,Mercado Libre,5.0,Sonido: excelente sonido y experiencia increíble. Definitivamente es una excelente compra.,Hace 1 mes,https://www.mercadolibre.com.mx/apple-airpods-pro-3-color-blanco-con-cancelacion-de-ruido-distribuidor-autorizado/p/MLM1054106888,Apple,In-Ear,sonido excelente sonido experiencia increíble definitivamente excelente compra,90,0.0,Neutral
2942082681,MLM1054106888,Apple AirPods Pro In-Ear,Mercado Libre,5.0,"Excelentes, una inversión que vale la pena.",Hace 1 mes,https://www.mercadolibre.com.mx/apple-airpods-pro-3-color-blanco-con-cancelacion-de-ruido-distribuidor-autorizado/p/MLM1054106888,Apple,In-Ear,excelentes inversión vale pena,43,0.0,Neutral
2942026009,MLM1054106888,Apple AirPods Pro In-Ear,Mercado Libre,5.0,"Aislamiento: cancelación. Comodidad: peso. Este producto fue de mi más grande agrado, la cancelación de ruido es increíble, pequeños y cómodos, para hacer ejercicio de peso son sensibles y se caen con facilidad, pero para cardio todo ok.",Hace 1 mes,https://www.mercadolibre.com.mx/apple-airpods-pro-3-color-blanco-con-cancelacion-de-ruido-distribuidor-autorizado/p/MLM1054106888,Apple,In-Ear,aislamiento cancelación comodidad peso producto grande agrado cancelación ruido increíble pequeños cómodos hacer ejercicio peso sensibles caen facilidad cardio,237,0.5,Positivo
2948053496,MLM1054106888,Apple AirPods Pro In-Ear,Mercado Libre,5.0,"Comodidad: el peso no se siente, el ajuste lo siento muy cómodo, hago ejercicio con ellos y los siento muy cómodos y ligeros,perfec. Aislamiento: la cancelación de ruido está en otro nivel literal no escuchas nada y el modo ambiente también está perfecto. Sin duda una de las mejores compras que he echo, comodidad y muy buenas funciones.",Hace 2 mes,https://www.mercadolibre.com.mx/apple-airpods-pro-3-color-blanco-con-cancelacion-de-ruido-distribuidor-autorizado/p/MLM1054106888,Apple,In-Ear,comodidad peso ajuste siento cómodo hago ejercicio siento cómodos ligerosperfec aislamiento cancelación ruido nivel literal escuchas modo ambiente perfecto duda mejores compras echo comodidad buenas funciones,338,0.0,Neutral
2946995054,MLM1054106888,Apple AirPods Pro In-Ear,Mercado Libre,5.0,,Hace 2 mes,https://www.mercadolibre.com.mx/apple-airpods-pro-3-color-blanco-con-cancelacion-de-ruido-distribuidor-autorizado/p/MLM1054106888,Apple,In-Ear,,0,0.0,Neutral
2946970474,MLM1054106888,Apple AirPods Pro In-Ear,Mercado Libre,5.0,"Son muy buenos la verdad, el envio seguro y la caja llego en buen estado, aproveche el hotsale.",Hace 2 mes,https://www.mercadolibre.com.mx/apple-airpods-pro-3-color-blanco-con-cancelacion-de-ruido-distribuidor-autorizado/p/MLM1054106888,Apple,In-Ear,buenos verdad envio seguro caja llego buen aproveche hotsale,95,0.0,Neutral
2936521577,MLM1054106888,Apple AirPods Pro In-Ear,Mercado Libre,5.0,"Sonido: buen audio claridad en cualquier cosa. Comodidad: se adaptan muy bien al oido. 100 % original, buena calidad.",Hace 2 mes,https://www.mercadolibre.com.mx/apple-airpods-pro-3-color-blanco-con-cancelacion-de-ruido-distribuidor-autorizado/p/MLM1054106888,Apple,In-Ear,sonido buen audio claridad cualquier cosa comodidad adaptan bien oido original buena calidad,117,0.375,Positivo
2936463259,MLM1054106888,Apple AirPods Pro In-Ear,Mercado Libre,5.0,"Excelente producto , funcionan muy bien , muy buena calidad y llegaron en perfecto estado.",Hace 2 mes,https://www.mercadolibre.com.mx/apple-airpods-pro-3-color-blanco-con-cancelacion-de-ruido-distribuidor-autorizado/p/MLM1054106888,Apple,In-Ear,excelente producto funcionan bien buena calidad llegaron perfecto,90,0.0,Neutral
2934674897,MLM1054106888,Apple AirPods Pro In-Ear,Mercado Libre,5.0,Materiales: plastico. Comodidad: no se siente el peso. Excelente audífonos para el día día.,Hace 2 mes,https://www.mercadolibre.com.mx/apple-airpods-pro-3-color-blanco-con-cancelacion-de-ruido-distribuidor-autorizado/p/MLM1054106888,Apple,In-Ear,materiales plastico comodidad peso excelente audífonos día día,91,0.0,Neutral
2933848315,MLM1054106888,Apple AirPods Pro In-Ear,Mercado Libre,5.0,Aislamiento: muy buena cancelación de ruido. Sonido: graves altos medios presentes y agudos casi imperceptibles. Funcionan para alguien que le gusten los graves aunque abusan de eso.,Hace 2 mes,https://www.mercadolibre.com.mx/apple-airpods-pro-3-color-blanco-con-cancelacion-de-ruido-distribuidor-autorizado/p/MLM1054106888,Apple,In-Ear,aislamiento buena cancelación ruido sonido graves altos medios presentes agudos casi imperceptibles funcionan alguien gusten graves aunque abusan,182,0.0,Neutral
2943479162,MLM1054106888,Apple AirPods Pro In-Ear,Mercado Libre,5.0,"Sonido: buen sonido. Aislamiento: buena cancelación de ruido, trae funciones increíbles. Excelente producto, 100%original.",Hace 2 mes,https://www.mercadolibre.com.mx/apple-airpods-pro-3-color-blanco-con-cancelacion-de-ruido-distribuidor-autorizado/p/MLM1054106888,Apple,In-Ear,sonido buen sonido aislamiento buena cancelación ruido trae funciones increíbles excelente producto original,122,0.0,Neutral
2942636656,MLM1054106888,Apple AirPods Pro In-Ear,Mercado Libre,5.0,"El producto es 100% original y tienen un sonido muy excelente, son mejores que las versiones pasadas.",Hace 2 mes,https://www.mercadolibre.com.mx/apple-airpods-pro-3-color-blanco-con-cancelacion-de-ruido-distribuidor-autorizado/p/MLM1054106888,Apple,In-Ear,producto original sonido excelente mejores versiones pasadas,101,0.375,Positivo
2932410491,MLM1054106888,Apple AirPods Pro In-Ear,Mercado Libre,5.0,Aislamiento: buenos. Sonido: buenos. Muy buenos.,Hace 2 mes,https://www.mercadolibre.com.mx/apple-airpods-pro-3-color-blanco-con-cancelacion-de-ruido-distribuidor-autorizado/p/MLM1054106888,Apple,In-Ear,aislamiento buenos sonido buenos buenos,48,0.0,Neutral
2932348899,MLM1054106888,Apple AirPods Pro In-Ear,Mercado Libre,5.0,"Materiales: muy resistente. Aislamiento: cancelación de ruido. Es original me llegó completamente sellado, y en buen estado muy utiles.",Hace 2 mes,https://www.mercadolibre.com.mx/apple-airpods-pro-3-color-blanco-con-cancelacion-de-ruido-distribuidor-autorizado/p/MLM1054106888,Apple,In-Ear,materiales resistente aislamiento cancelación ruido original llegó completamente sellado buen utiles,135,0.375,Positivo
2932254861,MLM1054106888,Apple AirPods Pro In-Ear,Mercado Libre,5.0,"Buena cancelación de sonido, sonido muy bueno, ligeros y resistentes.",Hace 2 mes,https://www.mercadolibre.com.mx/apple-airpods-pro-3-color-blanco-con-cancelacion-de-ruido-distribuidor-autorizado/p/MLM1054106888,Apple,In-Ear,buena cancelación sonido sonido bueno ligeros resistentes,69,0.0,Neutral
2932145129,MLM1054106888,Apple AirPods Pro In-Ear,Mercado Libre,5.0,Materiales: se ven resistentes.,Hace 2 mes,https://www.mercadolibre.com.mx/apple-airpods-pro-3-color-blanco-con-cancelacion-de-ruido-distribuidor-autorizado/p/MLM1054106888,Apple,In-Ear,materiales ven resistentes,31,0.0,Neutral
2941910290,MLM1054106888,Apple AirPods Pro In-Ear,Mercado Libre,5.0,Aislamiento: me encantaron. Comodidad: excelente peso y ajuste xon las gomitas que tiene. La vrdd lo agarré en descuento y a excelente precio.,Hace 2 mes,https://www.mercadolibre.com.mx/apple-airpods-pro-3-color-blanco-con-cancelacion-de-ruido-distribuidor-autorizado/p/MLM1054106888,Apple,In-Ear,aislamiento encantaron comodidad excelente peso ajuste xon gomitas vrdd agarré descuento excelente precio,142,0.0,Neutral
2940906926,MLM1054106888,Apple AirPods Pro In-Ear,Mercado Libre,5.0,"Aislamiento: la cancelación de ruido es perfecta. Comodidad: un poco incómodo pero se puede soportar. Muy buen producto, súper recomendado.",Hace 2 mes,https://www.mercadolibre.com.mx/apple-airpods-pro-3-color-blanco-con-cancelacion-de-ruido-distribuidor-autorizado/p/MLM1054106888,Apple,In-Ear,aislamiento cancelación ruido perfecta comodidad incómodo puede soportar buen producto súper recomendado,139,0.0,Neutral
2930181343,MLM1054106888,Apple AirPods Pro In-Ear,Mercado Libre,5.0,"Materiales: es de muy buena calidad, se siente de un material muy bueno. Comodidad: ni se siente que los traes puestos y una comodidad muy buena. 100% recomendado y más si aprovecha alguna oferta.",Hace 2 mes,https://www.mercadolibre.com.mx/apple-airpods-pro-3-color-blanco-con-cancelacion-de-ruido-distribuidor-autorizado/p/MLM1054106888,Apple,In-Ear,materiales buena calidad material bueno comodidad traes puestos comodidad buena recomendado aprovecha alguna oferta,196,0.0,Neutral
2940300478,MLM1054106888,Apple AirPods Pro In-Ear,Mercado Libre,5.0,Sonido: claridad. Comodidad: perfecto. Excelente producto.,Hace 2 mes,https://www.mercadolibre.com.mx/apple-airpods-pro-3-color-blanco-con-cancelacion-de-ruido-distribuidor-autorizado/p/MLM1054106888,Apple,In-Ear,sonido claridad comodidad perfecto excelente producto,58,0.0,Neutral
2929714147,MLM1054106888,Apple AirPods Pro In-Ear,Mercado Libre,5.0,"Aislamiento: tiene buena calidad de sonido y también tiene un buen cancelación de sonido. Comodidad: esta cómodos. Son una buena opción si tienes iphone para que se le saque buen provecho al sonido, aún que la caja me llegó un poco sucia pero en lo general está todo perfecto.",Hace 2 mes,https://www.mercadolibre.com.mx/apple-airpods-pro-3-color-blanco-con-cancelacion-de-ruido-distribuidor-autorizado/p/MLM1054106888,Apple,In-Ear,aislamiento buena calidad sonido buen cancelación sonido comodidad cómodos buena opción iphone saque buen provecho sonido aún caja llegó sucia general perfecto,276,0.05,Neutral
2927381061,MLM1054106888,Apple AirPods Pro In-Ear,Mercado Libre,5.0,"La neta algo bien, pagas 5mil pesos, que esperas? todo.",Hace 2 mes,https://www.mercadolibre.com.mx/apple-airpods-pro-3-color-blanco-con-cancelacion-de-ruido-distribuidor-autorizado/p/MLM1054106888,Apple,In-Ear,neta bien pagas mil pesos esperas,55,0.0,Neutral
2927335021,MLM1054106888,Apple AirPods Pro In-Ear,Mercado Libre,5.0,Me encanta los recomiendo.,Hace 2 mes,https://www.mercadolibre.com.mx/apple-airpods-pro-3-color-blanco-con-cancelacion-de-ruido-distribuidor-autorizado/p/MLM1054106888,Apple,In-Ear,encanta recomiendo,26,0.0,Neutral
2927168991,MLM1054106888,Apple AirPods Pro In-Ear,Mercado Libre,5.0,"Sonido: es sonido es muy bueno. Aislamiento: nunca lo había probado pero está muy bueno. Si tienes ganas de gastar dinero cómpralos, yo los compré con la tarjeta de crédito de mercado pago y me salió muy bien.",Hace 2 mes,https://www.mercadolibre.com.mx/apple-airpods-pro-3-color-blanco-con-cancelacion-de-ruido-distribuidor-autorizado/p/MLM1054106888,Apple,In-Ear,sonido sonido bueno aislamiento nunca probado bueno ganas gastar dinero cómpralos compré tarjeta crédito mercado pago salió bien,209,0.0,Neutral
2936483856,MLM1054106888,Apple AirPods Pro In-Ear,Mercado Libre,5.0,Sonido: excelente. Materiales: plastico. Se escuchan super bien.,Hace 2 mes,https://www.mercadolibre.com.mx/apple-airpods-pro-3-color-blanco-con-cancelacion-de-ruido-distribuidor-autorizado/p/MLM1054106888,Apple,In-Ear,sonido excelente materiales plastico escuchan super bien,64,0.333,Positivo
2919796469,MLM1054106888,Apple AirPods Pro In-Ear,Mercado Libre,5.0,"Todo llegó correcto y en buen estado, por lo demás es un producto que cumple con lo que se describe.",Hace 2 mes,https://www.mercadolibre.com.mx/apple-airpods-pro-3-color-blanco-con-cancelacion-de-ruido-distribuidor-autorizado/p/MLM1054106888,Apple,In-Ear,llegó correcto buen demás producto cumple describe,100,0.0,Neutral
2929505206,MLM1054106888,Apple AirPods Pro In-Ear,Mercado Libre,5.0,Están perfectos!!!.,Hace 2 mes,https://www.mercadolibre.com.mx/apple-airpods-pro-3-color-blanco-con-cancelacion-de-ruido-distribuidor-autorizado/p/MLM1054106888,Apple,In-Ear,perfectos,19,0.0,Neutral
2919151459,MLM1054106888,Apple AirPods Pro In-Ear,Mercado Libre,5.0,"Aislamiento: excelente. Sonido: genial. La cancelación de ruido es muy buena, la verdad me sorprendió pues he usado otras marcas y esta gana por mucho, me agrada como detecta la conversación y reduce el sonido.",Hace 2 mes,https://www.mercadolibre.com.mx/apple-airpods-pro-3-color-blanco-con-cancelacion-de-ruido-distribuidor-autorizado/p/MLM1054106888,Apple,In-Ear,aislamiento excelente sonido genial cancelación ruido buena verdad sorprendió pues usado marcas gana agrada detecta conversación reduce sonido,210,0.0,Neutral
2913206137,MLM1054106888,Apple AirPods Pro In-Ear,Mercado Libre,5.0,Comodidad: 9 de 10. 9 de 10.,Hace 2 mes,https://www.mercadolibre.com.mx/apple-airpods-pro-3-color-blanco-con-cancelacion-de-ruido-distribuidor-autorizado/p/MLM1054106888,Apple,In-Ear,comodidad,28,0.0,Neutral
2910323592,MLM1054106888,Apple AirPods Pro In-Ear,Mercado Libre,5.0,Sonido: excelente cancelación para el ruido y música del gym. Materiales: muy buen material resistentes. Cómpralo si tu prioridad es la cancelación. La calidad de sonido es igual a los 2 pro.,Hace 2 mes,https://www.mercadolibre.com.mx/apple-airpods-pro-3-color-blanco-con-cancelacion-de-ruido-distribuidor-autorizado/p/MLM1054106888,Apple,In-Ear,sonido excelente cancelación ruido música gym materiales buen material resistentes cómpralo prioridad cancelación calidad sonido igual pro,191,0.0,Neutral
2892569563,MLM1054106888,Apple AirPods Pro In-Ear,Mercado Libre,4.0,"Excelente producto, solo que llegó con algunos rayones, pero venía dentro de su empaque.",Hace 2 mes,https://www.mercadolibre.com.mx/apple-airpods-pro-3-color-blanco-con-cancelacion-de-ruido-distribuidor-autorizado/p/MLM1054106888,Apple,In-Ear,excelente producto solo llegó rayones venía dentro empaque,88,0.0,Neutral
2889533529,MLM1054106888,Apple AirPods Pro In-Ear,Mercado Libre,5.0,Materiales: excelentes materiales. Sonido: gran sonido de excelente calidad. Completamente originales excelente servicio.,Hace 2 mes,https://www.mercadolibre.com.mx/apple-airpods-pro-3-color-blanco-con-cancelacion-de-ruido-distribuidor-autorizado/p/MLM1054106888,Apple,In-Ear,materiales excelentes materiales sonido gran sonido excelente calidad completamente originales excelente servicio,121,0.0,Neutral
2888316691,MLM1054106888,Apple AirPods Pro In-Ear,Mercado Libre,5.0,"Muy buenos, recomiendo la tienda.",Hace 2 mes,https://www.mercadolibre.com.mx/apple-airpods-pro-3-color-blanco-con-cancelacion-de-ruido-distribuidor-autorizado/p/MLM1054106888,Apple,In-Ear,buenos recomiendo tienda,33,0.0,Neutral
2876072390,MLM1054106888,Apple AirPods Pro In-Ear,Mercado Libre,5.0,"Me encantaron, suenan genial y no se diga la cancelación de ruido.",Hace 3 mes,https://www.mercadolibre.com.mx/apple-airpods-pro-3-color-blanco-con-cancelacion-de-ruido-distribuidor-autorizado/p/MLM1054106888,Apple,In-Ear,encantaron suenan genial diga cancelación ruido,66,0.0,Neutral
2871421876,MLM1054106888,Apple AirPods Pro In-Ear,Mercado Libre,5.0,Excelentes.,Hace 3 mes,https://www.mercadolibre.com.mx/apple-airpods-pro-3-color-blanco-con-cancelacion-de-ruido-distribuidor-autorizado/p/MLM1054106888,Apple,In-Ear,excelentes,11,0.0,Neutral
2856438061,MLM1054106888,Apple AirPods Pro In-Ear,Mercado Libre,5.0,"Sonido: excelente claridad, buena definición. Aislamiento: la cancelación de ruido es tanta que sientes que te hace vacio. Una muy buena opción y aparte tenía descuento estoy muy feliz!.",Hace 3 mes,https://www.mercadolibre.com.mx/apple-airpods-pro-3-color-blanco-con-cancelacion-de-ruido-distribuidor-autorizado/p/MLM1054106888,Apple,In-Ear,sonido excelente claridad buena definición aislamiento cancelación ruido tanta sientes hace vacio buena opción aparte descuento feliz,186,0.0,Neutral
2865222386,MLM1054106888,Apple AirPods Pro In-Ear,Mercado Libre,5.0,Suenan muy bien súper cómodos.,Hace 3 mes,https://www.mercadolibre.com.mx/apple-airpods-pro-3-color-blanco-con-cancelacion-de-ruido-distribuidor-autorizado/p/MLM1054106888,Apple,In-Ear,suenan bien súper cómodos,30,0.0,Neutral
2861931124,MLM1054106888,Apple AirPods Pro In-Ear,Mercado Libre,5.0,"Se escuchan muy bien, excelente cancelación de ruido.",Hace 3 mes,https://www.mercadolibre.com.mx/apple-airpods-pro-3-color-blanco-con-cancelacion-de-ruido-distribuidor-autorizado/p/MLM1054106888,Apple,In-Ear,escuchan bien excelente cancelación ruido,53,0.0,Neutral
2860005594,MLM1054106888,Apple AirPods Pro In-Ear,Mercado Libre,4.0,,Hace 3 mes,https://www.mercadolibre.com.mx/apple-airpods-pro-3-color-blanco-con-cancelacion-de-ruido-distribuidor-autorizado/p/MLM1054106888,Apple,In-Ear,,0,0.0,Neutral
2853773388,MLM1054106888,Apple AirPods Pro In-Ear,Mercado Libre,5.0,"Excelente audífonos más si tienes un iphone, recomendables.",Hace 3 mes,https://www.mercadolibre.com.mx/apple-airpods-pro-3-color-blanco-con-cancelacion-de-ruido-distribuidor-autorizado/p/MLM1054106888,Apple,In-Ear,excelente audífonos iphone recomendables,59,0.0,Neutral
2850765944,MLM1054106888,Apple AirPods Pro In-Ear,Mercado Libre,5.0,"Comodidad: son muy cómodos. Materiales: son de plástico con gomas comodas. Es producto original, se puede comprobar con el número de serie, ya llevo mas de un mes de uso, sin duda si tienen iphone tiene las funciones que se anuncian. Le tuve que comprar una funda porque había escuchado que se rayan y si es cierto.",Hace 3 mes,https://www.mercadolibre.com.mx/apple-airpods-pro-3-color-blanco-con-cancelacion-de-ruido-distribuidor-autorizado/p/MLM1054106888,Apple,In-Ear,comodidad cómodos materiales plástico gomas comodas producto original puede comprobar número serie llevo mas mes uso duda iphone funciones anuncian comprar funda escuchado rayan cierto,315,0.375,Positivo
2840753799,MLM1054106888,Apple AirPods Pro In-Ear,Mercado Libre,5.0,"Sonido: la mejor calidad en audio bajos, nitidez, cancelación de ruido 10/10. Comodidad: excelente ajuste con el set de almohadillas que vienen incluidos.",Hace 3 mes,https://www.mercadolibre.com.mx/apple-airpods-pro-3-color-blanco-con-cancelacion-de-ruido-distribuidor-autorizado/p/MLM1054106888,Apple,In-Ear,sonido mejor calidad audio bajos nitidez cancelación ruido comodidad excelente ajuste set almohadillas vienen incluidos,154,0.0,Neutral
2837592217,MLM1054106888,Apple AirPods Pro In-Ear,Mercado Libre,5.0,"Aislamiento: excelente cancelación de ruido. Comodidad: demasiados cómodos y algo pesados por ser originales. Excelentes audífonos, ofrecen una experiencia muy buena de sonido y una cancelación de ruido excepcional, una compra muy buena que no te vas a arrepentir de pedir.",Hace 3 mes,https://www.mercadolibre.com.mx/apple-airpods-pro-3-color-blanco-con-cancelacion-de-ruido-distribuidor-autorizado/p/MLM1054106888,Apple,In-Ear,aislamiento excelente cancelación ruido comodidad demasiados cómodos pesados ser originales excelentes audífonos ofrecen experiencia buena sonido cancelación ruido excepcional compra buena vas arrepentir pedir,273,0.0,Neutral
2828654751,MLM1054106888,Apple AirPods Pro In-Ear,Mercado Libre,5.0,Sonido: muy buena calidad de audio. Aislamiento: cancelación de ruido muy buena. Los recomiendo.,Hace 3 mes,https://www.mercadolibre.com.mx/apple-airpods-pro-3-color-blanco-con-cancelacion-de-ruido-distribuidor-autorizado/p/MLM1054106888,Apple,In-Ear,sonido buena calidad audio aislamiento cancelación ruido buena recomiendo,96,0.0,Neutral
2834938830,MLM1054106888,Apple AirPods Pro In-Ear,Mercado Libre,5.0,"Excelente producto, me encanta el sonido y el modo cancelación de ruidooo.",Hace 3 mes,https://www.mercadolibre.com.mx/apple-airpods-pro-3-color-blanco-con-cancelacion-de-ruido-distribuidor-autorizado/p/MLM1054106888,Apple,In-Ear,excelente producto encanta sonido modo cancelación ruidooo,74,0.0,Neutral
2809317409,MLM1054106888,Apple AirPods Pro In-Ear,Mercado Libre,5.0,Excelente producto. Son los audífonos originales. Eso sí me llegó la caja muy sucia y un poco deteriorada. Pero ya el interior todo bien con sus empaques originales. Ya los estoy ocupando y sin problemas.,Hace 4 mes,https://www.mercadolibre.com.mx/apple-airpods-pro-3-color-blanco-con-cancelacion-de-ruido-distribuidor-autorizado/p/MLM1054106888,Apple,In-Ear,excelente producto audífonos originales llegó caja sucia deteriorada interior bien empaques originales ocupando problemas,204,0.0,Neutral
2795300901,MLM1054106888,Apple AirPods Pro In-Ear,Mercado Libre,4.0,"Voy hablar en cuanto a los airpods, increíble. El sonido está otro nivel. Vengo de unos huawei. Y el cambio es superior. En cuanto al empaque, se puede apreciar en la foto y la caja llegó un poco en mal estado, por este tipo de producto, como recomendación, si tener más cuidado.",Hace 4 mes,https://www.mercadolibre.com.mx/apple-airpods-pro-3-color-blanco-con-cancelacion-de-ruido-distribuidor-autorizado/p/MLM1054106888,Apple,In-Ear,voy hablar cuanto airpods increíble sonido nivel vengo huawei cambio superior cuanto empaque puede apreciar foto caja llegó mal tipo producto recomendación tener cuidado,279,0.7,Positivo
2791518259,MLM1054106888,Apple AirPods Pro In-Ear,Mercado Libre,5.0,"Excelente calidad de sonido, me llegó en perfecto estado.",Hace 4 mes,https://www.mercadolibre.com.mx/apple-airpods-pro-3-color-blanco-con-cancelacion-de-ruido-distribuidor-autorizado/p/MLM1054106888,Apple,In-Ear,excelente calidad sonido llegó perfecto,57,0.0,Neutral
2789679050,MLM1054106888,Apple AirPods Pro In-Ear,Mercado Libre,5.0,"Aislamiento: la cancelación de ruido es una joya, la mejor por mucho. Sonido: una gran calidad de sonidos, graves como agudos. Los mejores airpods.",Hace 4 mes,https://www.mercadolibre.com.mx/apple-airpods-pro-3-color-blanco-con-cancelacion-de-ruido-distribuidor-autorizado/p/MLM1054106888,Apple,In-Ear,aislamiento cancelación ruido joya mejor sonido gran calidad sonidos graves agudos mejores airpods,147,0.0,Neutral
2777638793,MLM1054106888,Apple AirPods Pro In-Ear,Mercado Libre,5.0,Muy bueno y original. Solo que no te regalan los 3 meses si ya habías usado esa promoción anteriormente con algún otro dispositivo.,Hace 4 mes,https://www.mercadolibre.com.mx/apple-airpods-pro-3-color-blanco-con-cancelacion-de-ruido-distribuidor-autorizado/p/MLM1054106888,Apple,In-Ear,bueno original solo regalan meses usado promoción anteriormente algún dispositivo,131,0.375,Positivo
2783913076,MLM1054106888,Apple AirPods Pro In-Ear,Mercado Libre,5.0,100% originales.,Hace 4 mes,https://www.mercadolibre.com.mx/apple-airpods-pro-3-color-blanco-con-cancelacion-de-ruido-distribuidor-autorizado/p/MLM1054106888,Apple,In-Ear,originales,16,0.0,Neutral
2768515735,MLM1054106888,Apple AirPods Pro In-Ear,Mercado Libre,5.0,,Hace 5 mes,https://www.mercadolibre.com.mx/apple-airpods-pro-3-color-blanco-con-cancelacion-de-ruido-distribuidor-autorizado/p/MLM1054106888,Apple,In-Ear,,0,0.0,Neutral
2762542497,MLM1054106888,Apple AirPods Pro In-Ear,Mercado Libre,5.0,"Producto 100% original, excelente compra.",Hace 5 mes,https://www.mercadolibre.com.mx/apple-airpods-pro-3-color-blanco-con-cancelacion-de-ruido-distribuidor-autorizado/p/MLM1054106888,Apple,In-Ear,producto original excelente compra,41,0.375,Positivo
2766006638,MLM1054106888,Apple AirPods Pro In-Ear,Mercado Libre,5.0,"Comodidad: excelente pedo ajuste y presión. Aislamiento: excelente cancelación de ruido. ¡me encantó! el estuche ajusta perfecto a mis airpods y el material de silicona se siente muy suave pero resistente. Protege súper bien contra caídas y rayones, y lo mejor es que no se resbala de las manos. ¡cinco estrellas!.",Hace 5 mes,https://www.mercadolibre.com.mx/apple-airpods-pro-3-color-blanco-con-cancelacion-de-ruido-distribuidor-autorizado/p/MLM1054106888,Apple,In-Ear,comodidad excelente pedo ajuste presión aislamiento excelente cancelación ruido encantó estuche ajusta perfecto airpods material silicona suave resistente protege súper bien caídas rayones mejor resbala manos cinco estrellas,314,0.0,Neutral
2752409481,MLM1054106888,Apple AirPods Pro In-Ear,Mercado Libre,5.0,Sonido: muy claros al momento de escuchar música. Materiales: es platico duro. Excelente cancelación de ruido.,Hace 5 mes,https://www.mercadolibre.com.mx/apple-airpods-pro-3-color-blanco-con-cancelacion-de-ruido-distribuidor-autorizado/p/MLM1054106888,Apple,In-Ear,sonido claros momento escuchar música materiales platico duro excelente cancelación ruido,110,0.0,Neutral
2747265617,MLM1054106888,Apple AirPods Pro In-Ear,Mercado Libre,5.0,10/10.,Hace 5 mes,https://www.mercadolibre.com.mx/apple-airpods-pro-3-color-blanco-con-cancelacion-de-ruido-distribuidor-autorizado/p/MLM1054106888,Apple,In-Ear,,6,0.0,Neutral
2730898563,MLM1054106888,Apple AirPods Pro In-Ear,Mercado Libre,5.0,Excelentes audífonos. Me gustaron mucho sin duda los recomendaría 👌🏻.,Hace 5 mes,https://www.mercadolibre.com.mx/apple-airpods-pro-3-color-blanco-con-cancelacion-de-ruido-distribuidor-autorizado/p/MLM1054106888,Apple,In-Ear,excelentes audífonos gustaron duda recomendaría,69,0.0,Neutral
2738605390,MLM1054106888,Apple AirPods Pro In-Ear,Mercado Libre,5.0,"Me encantó empaque nuevo, fácil de usar, traduce muy bien, lo compré para un viaje a europa quiero traducción de inglés a español y lo probé todo muy bien.",Hace 5 mes,https://www.mercadolibre.com.mx/apple-airpods-pro-3-color-blanco-con-cancelacion-de-ruido-distribuidor-autorizado/p/MLM1054106888,Apple,In-Ear,encantó empaque nuevo fácil usar traduce bien compré viaje europa quiero traducción inglés español probé bien,155,0.0,Neutral
2731882282,MLM1054106888,Apple AirPods Pro In-Ear,Mercado Libre,5.0,"Amé la cancelación de ruido, además de lo práctico que son. Totalmente originales.",Hace 5 mes,https://www.mercadolibre.com.mx/apple-airpods-pro-3-color-blanco-con-cancelacion-de-ruido-distribuidor-autorizado/p/MLM1054106888,Apple,In-Ear,amé cancelación ruido además práctico totalmente originales,82,0.0,Neutral
2730851454,MLM1054106888,Apple AirPods Pro In-Ear,Mercado Libre,5.0,"Muy buenos, excelente sonido y calidad, valen la pena, solo la caja ligeramente maltratada.",Hace 5 mes,https://www.mercadolibre.com.mx/apple-airpods-pro-3-color-blanco-con-cancelacion-de-ruido-distribuidor-autorizado/p/MLM1054106888,Apple,In-Ear,buenos excelente sonido calidad valen pena solo caja ligeramente maltratada,91,0.0,Neutral
2730756746,MLM1054106888,Apple AirPods Pro In-Ear,Mercado Libre,5.0,100% recomendado.,Hace 5 mes,https://www.mercadolibre.com.mx/apple-airpods-pro-3-color-blanco-con-cancelacion-de-ruido-distribuidor-autorizado/p/MLM1054106888,Apple,In-Ear,recomendado,17,0.0,Neutral
2722294852,MLM1054106888,Apple AirPods Pro In-Ear,Mercado Libre,5.0,10/10 100% originales.,Hace 6 mes,https://www.mercadolibre.com.mx/apple-airpods-pro-3-color-blanco-con-cancelacion-de-ruido-distribuidor-autorizado/p/MLM1054106888,Apple,In-Ear,originales,22,0.0,Neutral
2703966061,MLM1054106888,Apple AirPods Pro In-Ear,Mercado Libre,5.0,Muy buenos. Muy buena calidad de sonido y sobre la cancelación de ruido es excelente.,Hace 6 mes,https://www.mercadolibre.com.mx/apple-airpods-pro-3-color-blanco-con-cancelacion-de-ruido-distribuidor-autorizado/p/MLM1054106888,Apple,In-Ear,buenos buena calidad sonido cancelación ruido excelente,85,0.0,Neutral
2711712598,MLM1054106888,Apple AirPods Pro In-Ear,Mercado Libre,5.0,"Totalmente originales 10/10, la mejor cancelación de ruido y junto con el ecosistema de apple súper fácil de manejar.",Hace 6 mes,https://www.mercadolibre.com.mx/apple-airpods-pro-3-color-blanco-con-cancelacion-de-ruido-distribuidor-autorizado/p/MLM1054106888,Apple,In-Ear,totalmente originales mejor cancelación ruido junto ecosistema apple súper fácil manejar,117,0.0,Neutral
2702703627,MLM1054106888,Apple AirPods Pro In-Ear,Mercado Libre,5.0,Materiales: excelente material. Aislamiento: todo excelente. Excelente producto y original no hay duda la mejor compra.,Hace 6 mes,https://www.mercadolibre.com.mx/apple-airpods-pro-3-color-blanco-con-cancelacion-de-ruido-distribuidor-autorizado/p/MLM1054106888,Apple,In-Ear,materiales excelente material aislamiento excelente excelente producto original duda mejor compra,119,0.375,Positivo
2690551025,MLM1054106888,Apple AirPods Pro In-Ear,Mercado Libre,5.0,"Están muy bien, el sonido perfecto, valen totalmente el precio.",Hace 6 mes,https://www.mercadolibre.com.mx/apple-airpods-pro-3-color-blanco-con-cancelacion-de-ruido-distribuidor-autorizado/p/MLM1054106888,Apple,In-Ear,bien sonido perfecto valen totalmente precio,63,0.0,Neutral
2671944219,MLM1054106888,Apple AirPods Pro In-Ear,Mercado Libre,5.0,,Hace 6 mes,https://www.mercadolibre.com.mx/apple-airpods-pro-3-color-blanco-con-cancelacion-de-ruido-distribuidor-autorizado/p/MLM1054106888,Apple,In-Ear,,0,0.0,Neutral
2669588161,MLM1054106888,Apple AirPods Pro In-Ear,Mercado Libre,5.0,"Materiales: plastico. Comodidad: ligeros. Producto apple! nada que discutir, nuevos empaque sin marcas, ajuste perfecto, audio increíble!! recomendados al 100%.",Hace 6 mes,https://www.mercadolibre.com.mx/apple-airpods-pro-3-color-blanco-con-cancelacion-de-ruido-distribuidor-autorizado/p/MLM1054106888,Apple,In-Ear,materiales plastico comodidad ligeros producto apple discutir nuevos empaque marcas ajuste perfecto audio increíble recomendados,160,0.0,Neutral
2643112414,MLM1054106888,Apple AirPods Pro In-Ear,Mercado Libre,5.0,,Hace 7 mes,https://www.mercadolibre.com.mx/apple-airpods-pro-3-color-blanco-con-cancelacion-de-ruido-distribuidor-autorizado/p/MLM1054106888,Apple,In-Ear,,0,0.0,Neutral
2629316915,MLM1054106888,Apple AirPods Pro In-Ear,Mercado Libre,5.0,Comodidad: cómodos. Materiales: el material es bueno.,Hace 7 mes,https://www.mercadolibre.com.mx/apple-airpods-pro-3-color-blanco-con-cancelacion-de-ruido-distribuidor-autorizado/p/MLM1054106888,Apple,In-Ear,comodidad cómodos materiales material bueno,53,0.0,Neutral
2593010211,MLM1054106888,Apple AirPods Pro In-Ear,Mercado Libre,5.0,Excelente como siempre ! me encantaron ! y original!.,Hace 7 mes,https://www.mercadolibre.com.mx/apple-airpods-pro-3-color-blanco-con-cancelacion-de-ruido-distribuidor-autorizado/p/MLM1054106888,Apple,In-Ear,excelente siempre encantaron original,53,0.469,Positivo
2571670786,MLM1054106888,Apple AirPods Pro In-Ear,Mercado Libre,5.0,Excelente producto y la mejor compra.,Hace 8 mes,https://www.mercadolibre.com.mx/apple-airpods-pro-3-color-blanco-con-cancelacion-de-ruido-distribuidor-autorizado/p/MLM1054106888,Apple,In-Ear,excelente producto mejor compra,37,0.0,Neutral
2562854888,MLM1054106888,Apple AirPods Pro In-Ear,Mercado Libre,5.0,Están buenísimos los audífonos se escuchan muy bien y no se caen del oído si vas a trotar.,Hace 8 mes,https://www.mercadolibre.com.mx/apple-airpods-pro-3-color-blanco-con-cancelacion-de-ruido-distribuidor-autorizado/p/MLM1054106888,Apple,In-Ear,buenísimos audífonos escuchan bien caen oído vas trotar,90,0.0,Neutral
2552989827,MLM1054106888,Apple AirPods Pro In-Ear,Mercado Libre,5.0,,Hace 8 mes,https://www.mercadolibre.com.mx/apple-airpods-pro-3-color-blanco-con-cancelacion-de-ruido-distribuidor-autorizado/p/MLM1054106888,Apple,In-Ear,,0,0.0,Neutral
2543329535,MLM1054106888,Apple AirPods Pro In-Ear,Mercado Libre,5.0,"Excelente producto, cumple con lo prometido.",Hace 8 mes,https://www.mercadolibre.com.mx/apple-airpods-pro-3-color-blanco-con-cancelacion-de-ruido-distribuidor-autorizado/p/MLM1054106888,Apple,In-Ear,excelente producto cumple prometido,44,0.0,Neutral
2526784965,MLM1054106888,Apple AirPods Pro In-Ear,Mercado Libre,5.0,"Excelente cancelación de ruido, muy buenos!!!.",Hace 8 mes,https://www.mercadolibre.com.mx/apple-airpods-pro-3-color-blanco-con-cancelacion-de-ruido-distribuidor-autorizado/p/MLM1054106888,Apple,In-Ear,excelente cancelación ruido buenos,46,0.0,Neutral
2531610932,MLM1054106888,Apple AirPods Pro In-Ear,Mercado Libre,5.0,Buen producto aunque deben meter el idioma español latino el de españa no sirve.,Hace 8 mes,https://www.mercadolibre.com.mx/apple-airpods-pro-3-color-blanco-con-cancelacion-de-ruido-distribuidor-autorizado/p/MLM1054106888,Apple,In-Ear,buen producto aunque deben meter idioma español latino españa sirve,80,0.0,Neutral
2519120712,MLM1054106888,Apple AirPods Pro In-Ear,Mercado Libre,5.0,Llegó en buenas condiciones. Falta probar.,Hace 8 mes,https://www.mercadolibre.com.mx/apple-airpods-pro-3-color-blanco-con-cancelacion-de-ruido-distribuidor-autorizado/p/MLM1054106888,Apple,In-Ear,llegó buenas condiciones falta probar,42,0.0,Neutral
2510842595,MLM1054106888,Apple AirPods Pro In-Ear,Mercado Libre,5.0,"De los audífonos más completos que puedes comprar, la cancelación de ruido activa es una maravilla, el modo ambiente es como no tener nada puesto, el adaptativo los combina muy bien y el modo espacial es muy agradable de usar, definitivamente valen su precio.",Hace 8 mes,https://www.mercadolibre.com.mx/apple-airpods-pro-3-color-blanco-con-cancelacion-de-ruido-distribuidor-autorizado/p/MLM1054106888,Apple,In-Ear,audífonos completos puedes comprar cancelación ruido activa maravilla modo ambiente tener puesto adaptativo combina bien modo espacial agradable usar definitivamente valen precio,259,0.0,Neutral
2517677124,MLM1054106888,Apple AirPods Pro In-Ear,Mercado Libre,5.0,,Hace 8 mes,https://www.mercadolibre.com.mx/apple-airpods-pro-3-color-blanco-con-cancelacion-de-ruido-distribuidor-autorizado/p/MLM1054106888,Apple,In-Ear,,0,0.0,Neutral
2506033345,MLM1054106888,Apple AirPods Pro In-Ear,Mercado Libre,5.0,"Funciona muy muy bien, la cancelación de ruido está muy chida.",Hace 8 mes,https://www.mercadolibre.com.mx/apple-airpods-pro-3-color-blanco-con-cancelacion-de-ruido-distribuidor-autorizado/p/MLM1054106888,Apple,In-Ear,funciona bien cancelación ruido chida,62,0.0,Neutral
2510585216,MLM1054106888,Apple AirPods Pro In-Ear,Mercado Libre,5.0,Están de diez. Todo bien.,Hace 8 mes,https://www.mercadolibre.com.mx/apple-airpods-pro-3-color-blanco-con-cancelacion-de-ruido-distribuidor-autorizado/p/MLM1054106888,Apple,In-Ear,diez bien,25,0.0,Neutral
2509333026,MLM1054106888,Apple AirPods Pro In-Ear,Mercado Libre,5.0,"Esta nueva versión tiene un audio mucho mejor cuando recibes llamadas, te oyen mejor que con los anteriores. Sigue teniendo bocina el estuche para emitir sonidos desde find my por si no los encuentras.",Hace 8 mes,https://www.mercadolibre.com.mx/apple-airpods-pro-3-color-blanco-con-cancelacion-de-ruido-distribuidor-autorizado/p/MLM1054106888,Apple,In-Ear,nueva versión audio mejor recibes llamadas oyen mejor anteriores sigue bocina estuche emitir sonidos find encuentras,201,0.0,Neutral
2502021061,MLM1054106888,Apple AirPods Pro In-Ear,Mercado Libre,5.0,Un producto excelente y se escucha de maravilla. Llegó en buenas condiciones.,Hace 8 mes,https://www.mercadolibre.com.mx/apple-airpods-pro-3-color-blanco-con-cancelacion-de-ruido-distribuidor-autorizado/p/MLM1054106888,Apple,In-Ear,producto excelente escucha maravilla llegó buenas condiciones,77,0.0,Neutral
2373810851,MLM1054106888,Apple AirPods Pro In-Ear,Mercado Libre,5.0,"Están increíbles 🤩 son mis primeros airpods y soy muy fan, están caros pero no me arrepiento de nada. La cancelación de ruido son una maravilla y se escuchan muy padre.",Hace 10 me,https://www.mercadolibre.com.mx/apple-airpods-pro-3-color-blanco-con-cancelacion-de-ruido-distribuidor-autorizado/p/MLM1054106888,Apple,In-Ear,increíbles primeros airpods fan caros arrepiento cancelación ruido maravilla escuchan padre,168,0.0,Neutral
3040808165,MLM1054106888,Apple AirPods Pro In-Ear,Mercado Libre,5.0,Sonido: claridad. Aislamiento: misma cancelación de ruido que versión anterior.,Ayer,https://www.mercadolibre.com.mx/apple-airpods-pro-3-color-blanco-con-cancelacion-de-ruido-distribuidor-autorizado/p/MLM1054106888,Apple,In-Ear,sonido claridad aislamiento misma cancelación ruido versión anterior,79,0.0,Neutral
3038775371,MLM1054106888,Apple AirPods Pro In-Ear,Mercado Libre,5.0,Completamente lo que esperaba.,Hace 2 día,https://www.mercadolibre.com.mx/apple-airpods-pro-3-color-blanco-con-cancelacion-de-ruido-distribuidor-autorizado/p/MLM1054106888,Apple,In-Ear,completamente esperaba,30,0.0,Neutral
3036223731,MLM1054106888,Apple AirPods Pro In-Ear,Mercado Libre,5.0,"Excelentes audífonos la verdad, su cancelación de ruido es muy buena.",Hace 4 día,https://www.mercadolibre.com.mx/apple-airpods-pro-3-color-blanco-con-cancelacion-de-ruido-distribuidor-autorizado/p/MLM1054106888,Apple,In-Ear,excelentes audífonos verdad cancelación ruido buena,69,0.0,Neutral
3033120799,MLM1054106888,Apple AirPods Pro In-Ear,Mercado Libre,5.0,De lo mejor que hay en el mercado.,Hace 5 día,https://www.mercadolibre.com.mx/apple-airpods-pro-3-color-blanco-con-cancelacion-de-ruido-distribuidor-autorizado/p/MLM1054106888,Apple,In-Ear,mejor mercado,34,0.0,Neutral
3042816538,MLM1054106888,Apple AirPods Pro In-Ear,Mercado Libre,5.0,Excelente producto. Muy recomendado.,Hace 6 día,https://www.mercadolibre.com.mx/apple-airpods-pro-3-color-blanco-con-cancelacion-de-ruido-distribuidor-autorizado/p/MLM1054106888,Apple,In-Ear,excelente producto recomendado,36,0.0,Neutral
3040807586,MLM1054106888,Apple AirPods Pro In-Ear,Mercado Libre,5.0,"Me encantan, funcionan bastante bien.",Hace 7 día,https://www.mercadolibre.com.mx/apple-airpods-pro-3-color-blanco-con-cancelacion-de-ruido-distribuidor-autorizado/p/MLM1054106888,Apple,In-Ear,encantan funcionan bastante bien,37,0.0,Neutral
3027059639,MLM1054106888,Apple AirPods Pro In-Ear,Mercado Libre,5.0,Excelente producto.,Hace 1 sem,https://www.mercadolibre.com.mx/apple-airpods-pro-3-color-blanco-con-cancelacion-de-ruido-distribuidor-autorizado/p/MLM1054106888,Apple,In-Ear,excelente producto,19,0.0,Neutral
3037580838,MLM1054106888,Apple AirPods Pro In-Ear,Mercado Libre,5.0,"Buena calidad, originales y perfectos, recomiendo mucho.",Hace 1 sem,https://www.mercadolibre.com.mx/apple-airpods-pro-3-color-blanco-con-cancelacion-de-ruido-distribuidor-autorizado/p/MLM1054106888,Apple,In-Ear,buena calidad originales perfectos recomiendo,56,0.0,Neutral
3026966599,MLM1054106888,Apple AirPods Pro In-Ear,Mercado Libre,5.0,Materiales: bueno. Comodidad: perfectos.,Hace 1 sem,https://www.mercadolibre.com.mx/apple-airpods-pro-3-color-blanco-con-cancelacion-de-ruido-distribuidor-autorizado/p/MLM1054106888,Apple,In-Ear,materiales bueno comodidad perfectos,40,0.0,Neutral
3034287946,MLM1054106888,Apple AirPods Pro In-Ear,Mercado Libre,5.0,"Sonido: claridad. Aislamiento: cancelación de ruido. Fue un regalo para mi esposo y le encantaron, tiene excelente cancelación de ruido, fáciles de colocar y transportar.",Hace 1 sem,https://www.mercadolibre.com.mx/apple-airpods-pro-3-color-blanco-con-cancelacion-de-ruido-distribuidor-autorizado/p/MLM1054106888,Apple,In-Ear,sonido claridad aislamiento cancelación ruido regalo esposo encantaron excelente cancelación ruido fáciles colocar transportar,170,0.0,Neutral
3033716454,MLM1054106888,Apple AirPods Pro In-Ear,Mercado Libre,5.0,Comodidad: excelente. Sonido: súper. Excelente calidad y originales.,Hace 1 sem,https://www.mercadolibre.com.mx/apple-airpods-pro-3-color-blanco-con-cancelacion-de-ruido-distribuidor-autorizado/p/MLM1054106888,Apple,In-Ear,comodidad excelente sonido súper excelente calidad originales,68,0.0,Neutral
3023073339,MLM1054106888,Apple AirPods Pro In-Ear,Mercado Libre,5.0,"Materiales: material de primera apple. Sonido: sonido envolvente y de calidad. Altamente recomendables, la opción de cancelación de ruido es simplemente excepcional.",Hace 1 sem,https://www.mercadolibre.com.mx/apple-airpods-pro-3-color-blanco-con-cancelacion-de-ruido-distribuidor-autorizado/p/MLM1054106888,Apple,In-Ear,materiales material primera apple sonido sonido envolvente calidad altamente recomendables opción cancelación ruido simplemente excepcional,165,0.0,Neutral
3033128054,MLM1054106888,Apple AirPods Pro In-Ear,Mercado Libre,5.0,Comodidad: vienen totalmente cerrados. Aislamiento: exelente. Lo volvería a comprar el precio vale la calidad.,Hace 1 sem,https://www.mercadolibre.com.mx/apple-airpods-pro-3-color-blanco-con-cancelacion-de-ruido-distribuidor-autorizado/p/MLM1054106888,Apple,In-Ear,comodidad vienen totalmente cerrados aislamiento exelente volvería comprar precio vale calidad,110,0.0,Neutral
3022338987,MLM1054106888,Apple AirPods Pro In-Ear,Mercado Libre,5.0,"Aislamiento: excelente, inigualable. Comodidad: prueba con diferentes tamaños de goma para encontrar la que mejor se adapte a ti. Los amo, son los mejores audífonos que he tenido, el iphone y ipad los detectó inmediatamente, originales.",Hace 1 sem,https://www.mercadolibre.com.mx/apple-airpods-pro-3-color-blanco-con-cancelacion-de-ruido-distribuidor-autorizado/p/MLM1054106888,Apple,In-Ear,aislamiento excelente inigualable comodidad prueba diferentes tamaños goma encontrar mejor adapte amo mejores audífonos iphone ipad detectó inmediatamente originales,236,0.0,Neutral
3022105673,MLM1054106888,Apple AirPods Pro In-Ear,Mercado Libre,5.0,Aislamiento: súper cancelación. Si son originales me daba miedo que no fueran así pero vienen con garantía entonces está excelente.,Hace 1 sem,https://www.mercadolibre.com.mx/apple-airpods-pro-3-color-blanco-con-cancelacion-de-ruido-distribuidor-autorizado/p/MLM1054106888,Apple,In-Ear,aislamiento súper cancelación originales daba miedo así vienen garantía entonces excelente,131,0.0,Neutral
3031334126,MLM1054106888,Apple AirPods Pro In-Ear,Mercado Libre,5.0,Es un producto súper bueno.,Hace 1 sem,https://www.mercadolibre.com.mx/apple-airpods-pro-3-color-blanco-con-cancelacion-de-ruido-distribuidor-autorizado/p/MLM1054106888,Apple,In-Ear,producto súper bueno,27,0.0,Neutral
3019213373,MLM1054106888,Apple AirPods Pro In-Ear,Mercado Libre,5.0,Sonido: excelente calidad de audio. Aislamiento: la mejor cancelacion de ruido. 100% recomendado.,Hace 1 sem,https://www.mercadolibre.com.mx/apple-airpods-pro-3-color-blanco-con-cancelacion-de-ruido-distribuidor-autorizado/p/MLM1054106888,Apple,In-Ear,sonido excelente calidad audio aislamiento mejor cancelacion ruido recomendado,97,0.0,Neutral
3028510306,MLM1054106888,Apple AirPods Pro In-Ear,Mercado Libre,5.0,Sonido: ok. Comodidad: ok. Buen producto lo recomiendo 10/10.,Hace 2 sem,https://www.mercadolibre.com.mx/apple-airpods-pro-3-color-blanco-con-cancelacion-de-ruido-distribuidor-autorizado/p/MLM1054106888,Apple,In-Ear,sonido comodidad buen producto recomiendo,61,0.5,Positivo
3014357227,MLM1054106888,Apple AirPods Pro In-Ear,Mercado Libre,5.0,Perfectos y la cancelación increhible.,Hace 2 sem,https://www.mercadolibre.com.mx/apple-airpods-pro-3-color-blanco-con-cancelacion-de-ruido-distribuidor-autorizado/p/MLM1054106888,Apple,In-Ear,perfectos cancelación increhible,38,0.0,Neutral
3013438005,MLM1054106888,Apple AirPods Pro In-Ear,Mercado Libre,5.0,"Sonido: muy bien definido, bajos buenos, además de excelente cancelación de ruido, y modo ambiente. Materiales: muy buenos materiales. Son muy buenos si tienes un iphone ya que son los más compatibles.",Hace 2 sem,https://www.mercadolibre.com.mx/apple-airpods-pro-3-color-blanco-con-cancelacion-de-ruido-distribuidor-autorizado/p/MLM1054106888,Apple,In-Ear,sonido bien definido bajos buenos además excelente cancelación ruido modo ambiente materiales buenos materiales buenos iphone compatibles,201,0.0,Neutral
3023340302,MLM1054106888,Apple AirPods Pro In-Ear,Mercado Libre,5.0,Aislamiento: cancelación de ruido excelente. Comodidad: se ajusta a tu oreja por las almohadillas. No lo pienses más en comprarlo.,Hace 2 sem,https://www.mercadolibre.com.mx/apple-airpods-pro-3-color-blanco-con-cancelacion-de-ruido-distribuidor-autorizado/p/MLM1054106888,Apple,In-Ear,aislamiento cancelación ruido excelente comodidad ajusta oreja almohadillas pienses comprarlo,130,0.0,Neutral
3015751362,MLM1054106888,Apple AirPods Pro In-Ear,Mercado Libre,5.0,,Hace 3 sem,https://www.mercadolibre.com.mx/apple-airpods-pro-3-color-blanco-con-cancelacion-de-ruido-distribuidor-autorizado/p/MLM1054106888,Apple,In-Ear,,0,0.0,Neutral
3004642407,MLM1054106888,Apple AirPods Pro In-Ear,Mercado Libre,5.0,La mejor compra que eh hecho ❤️❤️.,Hace 3 sem,https://www.mercadolibre.com.mx/apple-airpods-pro-3-color-blanco-con-cancelacion-de-ruido-distribuidor-autorizado/p/MLM1054106888,Apple,In-Ear,mejor compra hecho,34,0.0,Neutral
3002445233,MLM1054106888,Apple AirPods Pro In-Ear,Mercado Libre,5.0,Sonido: muy agusto.,Hace 3 sem,https://www.mercadolibre.com.mx/apple-airpods-pro-3-color-blanco-con-cancelacion-de-ruido-distribuidor-autorizado/p/MLM1054106888,Apple,In-Ear,sonido agusto,19,0.0,Neutral
3011728028,MLM1054106888,Apple AirPods Pro In-Ear,Mercado Libre,5.0,"Materiales: completamente original, plástico de acabado espejo increíble. Sonido: el sonido perfecto y la cancelación de ruido es increible. Si quieres unos audífonos perfectos para vincular apenas los abres y que sean de la calidad más alta, estos son los indicados.",Hace 3 sem,https://www.mercadolibre.com.mx/apple-airpods-pro-3-color-blanco-con-cancelacion-de-ruido-distribuidor-autorizado/p/MLM1054106888,Apple,In-Ear,materiales completamente original plástico acabado espejo increíble sonido sonido perfecto cancelación ruido increible quieres audífonos perfectos vincular apenas abres calidad alta indicados,267,0.375,Positivo
3000401717,MLM1054106888,Apple AirPods Pro In-Ear,Mercado Libre,5.0,"Materiales: originales. Aislamiento: excelente. 100% originales, comprados de la tienda oficial, recomiendo esperarse a una buena oferta.",Hace 3 sem,https://www.mercadolibre.com.mx/apple-airpods-pro-3-color-blanco-con-cancelacion-de-ruido-distribuidor-autorizado/p/MLM1054106888,Apple,In-Ear,materiales originales aislamiento excelente originales comprados tienda oficial recomiendo esperarse buena oferta,137,0.0,Neutral
2997866097,MLM1054106888,Apple AirPods Pro In-Ear,Mercado Libre,5.0,"Sonido muy agradable, en excelente estado, tiene buen sonido.",Hace 3 sem,https://www.mercadolibre.com.mx/apple-airpods-pro-3-color-blanco-con-cancelacion-de-ruido-distribuidor-autorizado/p/MLM1054106888,Apple,In-Ear,sonido agradable excelente buen sonido,61,0.0,Neutral
3006806360,MLM1054106888,Apple AirPods Pro In-Ear,Mercado Libre,5.0,"Materiales: más o menos. Sonido: sonido bien,la cancelación de ruido es la mejor !!. El estuche se raya nadamas con verlo,las gomitas de los audífonos se rompen muy fácil,por el precio deberían ser mejores los materiales.",Hace 3 sem,https://www.mercadolibre.com.mx/apple-airpods-pro-3-color-blanco-con-cancelacion-de-ruido-distribuidor-autorizado/p/MLM1054106888,Apple,In-Ear,materiales menos sonido sonido bienla cancelación ruido mejor estuche raya nadamas verlolas gomitas audífonos rompen fácilpor precio deberían ser mejores materiales,221,0.0,Neutral
2995013143,MLM1054106888,Apple AirPods Pro In-Ear,Mercado Libre,5.0,Comodidad: cómodos. Sonido: claridad. Me súper encantaron.,Hace 3 sem,https://www.mercadolibre.com.mx/apple-airpods-pro-3-color-blanco-con-cancelacion-de-ruido-distribuidor-autorizado/p/MLM1054106888,Apple,In-Ear,comodidad cómodos sonido claridad súper encantaron,58,0.0,Neutral
3002445212,MLM1054106888,Apple AirPods Pro In-Ear,Mercado Libre,5.0,Excelente original comprado con tienda apple oficial.,Hace 4 sem,https://www.mercadolibre.com.mx/apple-airpods-pro-3-color-blanco-con-cancelacion-de-ruido-distribuidor-autorizado/p/MLM1054106888,Apple,In-Ear,excelente original comprado tienda apple oficial,53,0.375,Positivo
2998361566,MLM1054106888,Apple AirPods Pro In-Ear,Mercado Libre,5.0,"Llego perfecto el producto, excelente calidad de apple, suenan muy bien, son cómodos , la cancelación de ruido es buenisima.",Hace 1 mes,https://www.mercadolibre.com.mx/apple-airpods-pro-3-color-blanco-con-cancelacion-de-ruido-distribuidor-autorizado/p/MLM1054106888,Apple,In-Ear,llego perfecto producto excelente calidad apple suenan bien cómodos cancelación ruido buenisima,124,0.0,Neutral
2985382773,MLM1054106888,Apple AirPods Pro In-Ear,Mercado Libre,5.0,Comodidad: ajuste excelente. Materiales: excelentes.,Hace 1 mes,https://www.mercadolibre.com.mx/apple-airpods-pro-3-color-blanco-con-cancelacion-de-ruido-distribuidor-autorizado/p/MLM1054106888,Apple,In-Ear,comodidad ajuste excelente materiales excelentes,52,0.0,Neutral
2994918286,MLM1054106888,Apple AirPods Pro In-Ear,Mercado Libre,5.0,Excelente producto.,Hace 1 mes,https://www.mercadolibre.com.mx/apple-airpods-pro-3-color-blanco-con-cancelacion-de-ruido-distribuidor-autorizado/p/MLM1054106888,Apple,In-Ear,excelente producto,19,0.0,Neutral
2984394263,MLM1054106888,Apple AirPods Pro In-Ear,Mercado Libre,5.0,Comodidad: la verdad un excelente producto. Materiales: los materiales muy premium la verdad. Vale la pame cada centavo el producto.,Hace 1 mes,https://www.mercadolibre.com.mx/apple-airpods-pro-3-color-blanco-con-cancelacion-de-ruido-distribuidor-autorizado/p/MLM1054106888,Apple,In-Ear,comodidad verdad excelente producto materiales materiales premium verdad vale pame cada centavo producto,132,0.0,Neutral
2989413412,MLM1054106888,Apple AirPods Pro In-Ear,Mercado Libre,5.0,10/10 la cancelación de ruido es una maravilla.,Hace 1 mes,https://www.mercadolibre.com.mx/apple-airpods-pro-3-color-blanco-con-cancelacion-de-ruido-distribuidor-autorizado/p/MLM1054106888,Apple,In-Ear,cancelación ruido maravilla,47,0.0,Neutral
2988218892,MLM1054106888,Apple AirPods Pro In-Ear,Mercado Libre,5.0,Me encantaron.,Hace 1 mes,https://www.mercadolibre.com.mx/apple-airpods-pro-3-color-blanco-con-cancelacion-de-ruido-distribuidor-autorizado/p/MLM1054106888,Apple,In-Ear,encantaron,14,0.0,Neutral
2977456455,MLM1054106888,Apple AirPods Pro In-Ear,Mercado Libre,5.0,Garantía de audífonos todo llegó conforme a lo publicado por la tienda.,Hace 1 mes,https://www.mercadolibre.com.mx/apple-airpods-pro-3-color-blanco-con-cancelacion-de-ruido-distribuidor-autorizado/p/MLM1054106888,Apple,In-Ear,garantía audífonos llegó conforme publicado tienda,71,0.0,Neutral
2972528451,MLM1054106888,Apple AirPods Pro In-Ear,Mercado Libre,5.0,"Materiales: plástico, goma. Comodidad: ligeros. Me gustaron mucho, cancelan ruido bien, si son originales.",Hace 1 mes,https://www.mercadolibre.com.mx/apple-airpods-pro-3-color-blanco-con-cancelacion-de-ruido-distribuidor-autorizado/p/MLM1054106888,Apple,In-Ear,materiales plástico goma comodidad ligeros gustaron cancelan ruido bien originales,106,0.0,Neutral
2965163661,MLM1054106888,Apple AirPods Pro In-Ear,Mercado Libre,4.0,Materiales: muy bueno muy buenl. Aislamiento: me gustó demasiado. Original.,Hace 1 mes,https://www.mercadolibre.com.mx/apple-airpods-pro-3-color-blanco-con-cancelacion-de-ruido-distribuidor-autorizado/p/MLM1054106888,Apple,In-Ear,materiales bueno buenl aislamiento gustó demasiado original,75,0.375,Positivo
